account_id,plan_tier,contract_type,seats,tenure_months,monthly_price,monthly_logins_per_seat,feature_adoption_pct,days_since_last_login,support_tickets_last_90d,avg_ticket_resolution_hours,nps_score,had_payment_failure_last_90d,discount_pct,onboarding_completed,integrations_connected,champion_left_company,churned
ACC-10000,Starter,Annual,1,1,30.5,4.4,51.6,1,2,1.0,63,1,0,0,2,0,0
ACC-10001,Enterprise,Monthly,21,1,487.2,5.2,57.4,9,1,7.5,49,0,20,1,4,0,0
ACC-10002,Growth,Annual,10,57,139.0,12.4,21.8,0,3,7.8,-17,0,0,1,1,0,0
ACC-10003,Growth,Annual,10,7,119.2,10.3,73.4,2,1,25.4,71,0,20,0,2,0,0
ACC-10004,Starter,Monthly,3,22,27.7,16.9,56.4,4,2,7.9,19,0,20,0,1,0,1
ACC-10005,Starter,Annual,2,16,23.3,6.2,52.3,16,3,8.9,-33,0,30,1,2,0,0
ACC-10006,Starter,Monthly,4,15,29.2,18.2,50.0,5,0,15.9,46,0,20,1,1,0,0
ACC-10007,Enterprise,Monthly,33,16,663.0,7.1,48.8,2,2,17.9,20,0,0,1,0,0,0
ACC-10008,Growth,Annual,4,6,115.0,9.5,73.7,3,0,8.1,87,0,0,1,1,0,0
ACC-10009,Growth,Monthly,4,39,115.0,17.4,34.6,2,2,16.3,68,0,0,1,1,0,0
ACC-10010,Starter,Annual,2,45,26.2,15.0,71.4,1,4,19.2,-2,1,20,1,1,0,0
ACC-10011,Enterprise,Annual,36,19,687.0,4.5,19.7,1,1,6.1,63,0,0,0,2,0,0
ACC-10012,Growth,Annual,11,36,143.0,18.4,12.8,4,1,5.4,6,0,0,1,0,0,0
ACC-10013,Starter,Monthly,3,1,33.5,12.5,86.0,2,2,44.2,-28,0,0,0,3,0,0
ACC-10014,Starter,Monthly,7,2,33.7,0.0,32.5,1,1,20.9,8,0,20,1,2,0,0
ACC-10015,Starter,Annual,4,15,32.1,6.9,57.3,1,1,7.5,-17,0,10,1,4,0,0
ACC-10016,Starter,Monthly,2,34,29.1,9.5,49.1,4,2,16.0,30,0,10,1,5,0,0
ACC-10017,Growth,Monthly,10,7,139.0,5.0,62.6,2,0,24.6,98,0,0,1,0,0,0
ACC-10018,Starter,Monthly,6,14,38.0,20.1,56.1,2,1,1.0,33,1,0,1,1,0,0
ACC-10019,Starter,Monthly,2,1,23.3,9.8,77.9,6,4,50.5,46,0,30,1,1,0,0
ACC-10020,Growth,Monthly,5,78,119.0,14.8,23.6,7,3,25.3,-5,0,0,1,1,0,0
ACC-10021,Starter,Annual,2,26,23.3,13.2,69.8,2,2,10.0,11,0,30,1,1,0,0
ACC-10022,Starter,Annual,3,8,27.7,16.2,53.9,4,0,53.8,49,0,20,1,2,0,0
ACC-10023,Starter,Monthly,6,73,38.0,22.0,21.3,9,2,1.1,28,1,0,1,1,0,0
ACC-10024,Growth,Monthly,8,2,101.3,16.1,43.3,7,2,28.1,5,0,30,1,2,0,0
ACC-10025,Growth,Monthly,13,11,131.2,22.5,19.7,0,2,14.9,65,0,20,1,2,0,0
ACC-10026,Starter,Annual,6,1,32.2,16.2,18.2,3,0,21.9,35,0,20,1,6,0,0
ACC-10027,Growth,Monthly,2,7,87.2,12.8,45.4,8,2,12.8,100,1,20,0,3,0,1
ACC-10028,Growth,Annual,5,4,89.3,13.9,81.1,1,1,3.2,53,0,30,1,5,0,0
ACC-10029,Starter,Monthly,2,7,26.2,0.0,61.9,1,0,6.0,-10,0,20,1,1,0,0
ACC-10030,Growth,Annual,6,53,123.0,9.3,83.6,6,4,12.4,34,0,0,1,2,0,0
ACC-10031,Starter,Monthly,5,10,36.5,11.1,56.7,2,0,50.2,-12,0,0,0,4,0,0
ACC-10032,Starter,Annual,2,7,32.0,14.6,89.1,2,3,1.4,100,0,0,1,2,0,0
ACC-10033,Enterprise,Monthly,25,18,559.1,11.8,86.8,4,2,2.2,-5,0,10,1,0,0,0
ACC-10034,Enterprise,Annual,28,21,623.0,14.0,34.1,8,1,3.3,69,0,0,1,3,0,0
ACC-10035,Growth,Monthly,14,74,155.0,4.1,56.6,4,3,20.0,63,0,0,1,2,0,0
ACC-10036,Starter,Annual,2,14,32.0,2.5,39.1,13,0,9.1,6,0,0,1,1,0,0
ACC-10037,Starter,Annual,5,25,27.8,4.9,51.8,1,3,3.2,41,0,30,1,1,0,0
ACC-10038,Growth,Monthly,8,9,131.0,21.4,91.5,8,2,2.6,39,0,0,1,2,1,0
ACC-10039,Starter,Annual,1,3,30.5,4.4,40.9,5,0,22.4,59,0,0,1,1,0,0
ACC-10040,Starter,Monthly,3,10,30.6,7.3,28.9,10,1,12.4,36,0,10,1,1,0,0
ACC-10041,Growth,Monthly,5,10,109.1,12.6,30.4,2,2,41.2,7,0,10,1,1,1,0
ACC-10042,Starter,Monthly,6,10,38.0,2.5,46.3,4,1,10.4,50,0,0,1,1,0,0
ACC-10043,Enterprise,Monthly,30,21,639.0,6.8,100.0,10,1,21.3,50,0,0,1,1,0,0
ACC-10044,Starter,Annual,2,9,23.3,16.1,87.4,11,0,31.8,-3,0,30,0,0,1,0
ACC-10045,Growth,Annual,8,55,131.0,9.4,2.0,3,1,61.4,-51,0,0,0,2,0,0
ACC-10046,Starter,Monthly,2,73,32.0,22.1,54.2,10,1,40.7,51,0,0,1,0,0,0
ACC-10047,Growth,Monthly,14,13,125.3,1.8,41.2,7,3,29.9,43,0,30,0,0,0,0
ACC-10048,Growth,Annual,11,15,123.2,9.9,76.7,3,2,10.7,45,0,20,1,2,0,0
ACC-10049,Starter,Annual,6,9,38.0,9.4,29.1,21,2,81.3,76,0,0,1,4,0,0
ACC-10050,Enterprise,Monthly,18,8,543.0,11.9,32.2,0,1,6.2,61,1,0,1,0,0,0
ACC-10051,Growth,Annual,5,76,119.0,4.6,42.4,3,2,21.7,75,0,0,1,0,0,0
ACC-10052,Enterprise,Monthly,30,1,559.2,8.5,39.8,2,1,2.8,57,0,20,1,1,0,0
ACC-10053,Enterprise,Monthly,24,10,551.1,16.7,69.3,16,1,18.6,35,0,10,1,3,0,0
ACC-10054,Growth,Annual,5,3,119.0,10.4,47.6,1,0,23.4,-13,0,0,1,3,0,0
ACC-10055,Enterprise,Monthly,40,23,679.1,5.6,77.1,6,0,1.9,84,0,10,1,2,1,0
ACC-10056,Starter,Monthly,2,4,26.2,24.5,37.2,8,2,7.0,23,0,20,0,1,0,0
ACC-10057,Starter,Monthly,2,39,32.0,12.3,74.0,1,3,20.5,9,0,0,1,1,0,0
ACC-10058,Starter,Annual,4,8,35.0,15.7,29.5,1,2,18.4,52,0,0,1,1,0,0
ACC-10059,Starter,Annual,6,45,38.0,16.6,68.5,0,3,22.1,-34,0,0,1,4,0,0
ACC-10060,Starter,Monthly,4,78,29.2,11.6,44.0,1,0,2.7,4,0,20,1,6,0,0
ACC-10061,Starter,Monthly,3,27,33.5,7.3,74.6,10,0,14.5,8,0,0,0,5,0,0
ACC-10062,Growth,Monthly,7,18,127.0,13.2,2.0,17,1,52.5,7,0,0,0,1,0,0
ACC-10063,Starter,Monthly,2,3,32.0,7.8,37.8,14,4,61.5,98,0,0,0,2,0,1
ACC-10064,Starter,Monthly,2,49,26.2,14.2,80.7,3,2,2.7,27,0,20,1,1,0,0
ACC-10065,Growth,Annual,14,27,125.3,11.0,50.6,8,2,45.0,8,0,30,0,6,0,0
ACC-10066,Starter,Monthly,3,6,33.5,18.2,17.6,11,1,17.2,28,0,0,0,2,0,0
ACC-10067,Growth,Monthly,9,11,135.0,5.2,39.4,10,0,28.0,60,0,0,1,1,0,0
ACC-10068,Starter,Monthly,1,1,21.8,16.3,63.4,0,1,3.3,-37,1,30,1,2,0,1
ACC-10069,Enterprise,Monthly,26,19,607.0,15.7,37.2,1,2,26.8,34,0,0,1,5,0,0
ACC-10070,Growth,Annual,10,2,139.0,10.6,80.5,17,0,1.5,14,0,0,1,0,0,0
ACC-10071,Starter,Monthly,3,19,30.6,16.4,78.9,8,1,20.0,39,0,10,1,3,0,0
ACC-10072,Starter,Monthly,3,20,33.5,14.5,69.7,11,1,22.1,-10,0,0,1,3,0,0
ACC-10073,Growth,Monthly,8,7,131.0,16.0,77.7,4,1,21.9,24,0,0,1,5,0,0
ACC-10074,Growth,Monthly,10,53,139.0,15.6,43.7,3,6,1.2,25,0,0,0,4,0,0
ACC-10075,Growth,Monthly,12,27,117.3,12.3,87.7,6,1,9.7,-14,0,30,0,4,0,0
ACC-10076,Growth,Monthly,9,12,135.0,8.4,78.7,4,0,27.3,95,0,0,1,4,0,0
ACC-10077,Starter,Monthly,5,45,30.7,8.4,52.2,3,2,31.9,45,0,20,0,2,0,0
ACC-10078,Starter,Monthly,1,35,30.5,10.7,19.2,3,1,10.7,62,0,0,1,1,0,0
ACC-10079,Starter,Monthly,2,21,29.1,17.1,2.9,1,0,3.5,18,0,10,1,0,0,0
ACC-10080,Enterprise,Monthly,29,3,591.1,15.8,76.8,5,3,13.8,38,0,10,1,2,0,0
ACC-10081,Growth,Annual,5,12,119.0,18.0,19.6,4,0,21.0,-12,0,0,1,2,0,0
ACC-10082,Starter,Monthly,5,36,30.7,18.6,34.7,5,0,50.6,8,0,20,0,3,0,0
ACC-10083,Starter,Monthly,7,17,33.7,10.7,65.5,1,1,22.9,-1,0,20,1,2,0,0
ACC-10084,Starter,Monthly,1,14,27.6,23.8,26.4,15,3,34.6,40,0,10,1,2,0,0
ACC-10085,Starter,Monthly,4,56,35.0,11.4,100.0,8,3,6.2,90,1,0,1,1,0,0
ACC-10086,Growth,Annual,7,1,117.1,9.0,60.2,1,1,35.8,62,0,10,1,2,0,0
ACC-10087,Growth,Monthly,8,1,131.0,14.0,87.5,0,2,18.9,93,0,0,1,0,0,0
ACC-10088,Enterprise,Annual,25,40,599.0,14.9,77.9,6,1,15.9,58,0,0,1,3,0,0
ACC-10089,Growth,Monthly,4,1,105.1,7.6,2.0,3,0,6.2,45,0,10,1,2,0,1
ACC-10090,Starter,Monthly,3,7,33.5,11.0,71.4,2,1,4.6,-2,0,0,0,1,1,1
ACC-10091,Growth,Annual,17,46,167.0,9.3,54.6,11,2,15.7,41,0,0,1,1,0,0
ACC-10092,Growth,Monthly,12,21,147.0,12.8,53.6,3,2,44.4,13,0,0,1,4,0,0
ACC-10093,Growth,Monthly,7,19,127.0,16.8,54.4,6,2,5.4,59,1,0,1,2,0,0
ACC-10094,Growth,Monthly,12,19,117.3,10.4,78.2,5,0,6.5,-18,0,30,0,2,0,0
ACC-10095,Growth,Annual,16,7,133.3,15.4,91.2,2,0,59.1,26,0,30,1,1,0,0
ACC-10096,Growth,Monthly,20,14,179.0,3.7,28.8,2,1,1.0,31,0,0,1,3,0,0
ACC-10097,Starter,Annual,2,18,32.0,17.3,56.7,17,2,13.3,93,1,0,1,4,0,0
ACC-10098,Starter,Monthly,1,7,30.5,9.3,85.8,2,3,15.0,-6,0,0,1,1,0,0
ACC-10099,Starter,Annual,2,29,26.2,9.2,50.4,9,3,22.5,71,0,20,1,3,1,0
ACC-10100,Starter,Monthly,1,7,30.5,14.4,59.5,12,2,4.3,59,0,0,1,0,0,1
ACC-10101,Growth,Annual,11,1,113.3,14.7,59.8,0,1,16.9,21,0,30,0,3,0,0
ACC-10102,Starter,Monthly,2,4,32.0,11.3,100.0,7,1,2.3,44,0,0,1,1,0,0
ACC-10103,Growth,Annual,7,9,117.1,6.7,71.5,8,0,6.2,21,0,10,0,2,0,0
ACC-10104,Enterprise,Monthly,36,43,567.3,9.1,100.0,3,1,1.0,31,0,30,1,4,0,0
ACC-10105,Starter,Monthly,4,10,35.0,12.6,93.4,5,0,12.1,56,0,0,1,0,0,0
ACC-10106,Starter,Monthly,2,2,32.0,14.9,50.0,1,3,3.9,100,1,0,0,2,0,1
ACC-10107,Growth,Monthly,8,4,121.1,7.1,61.6,2,1,2.0,64,0,10,0,0,0,0
ACC-10108,Starter,Monthly,4,14,29.2,8.2,100.0,7,2,8.4,39,1,20,1,3,0,0
ACC-10109,Starter,Annual,3,4,30.6,13.6,29.9,6,1,1.7,80,1,10,0,1,0,0
ACC-10110,Starter,Annual,6,1,35.1,11.5,71.7,1,1,21.8,-20,0,10,1,2,0,0
ACC-10111,Starter,Monthly,6,23,38.0,12.9,72.0,27,3,4.5,16,0,0,0,2,0,1
ACC-10112,Enterprise,Annual,31,28,567.2,0.0,48.9,17,3,24.8,32,0,20,1,3,0,0
ACC-10113,Growth,Monthly,6,34,123.0,10.2,46.6,2,2,36.6,-6,0,0,1,0,0,0
ACC-10114,Growth,Monthly,12,33,147.0,17.1,49.6,12,0,27.0,11,0,0,0,2,0,0
ACC-10115,Enterprise,Annual,30,9,559.2,8.3,70.5,2,0,28.8,-28,0,20,1,3,0,0
ACC-10116,Growth,Annual,20,24,179.0,14.9,87.4,5,1,20.6,-15,0,0,0,4,1,0
ACC-10117,Starter,Annual,3,16,33.5,4.7,71.3,9,0,9.4,21,0,0,1,0,0,1
ACC-10118,Enterprise,Monthly,33,1,583.2,2.6,27.3,3,1,8.6,-3,0,20,1,1,0,0
ACC-10119,Growth,Annual,9,9,115.2,14.5,88.1,5,0,16.8,45,0,20,1,2,0,0
ACC-10120,Growth,Monthly,16,1,153.1,11.7,81.2,4,2,5.7,39,0,10,0,3,0,0
ACC-10121,Enterprise,Monthly,50,2,759.1,10.0,49.6,9,4,8.5,42,0,10,0,0,1,1
ACC-10122,Starter,Monthly,2,1,29.1,17.1,40.6,4,2,3.4,12,0,10,1,1,0,0
ACC-10123,Starter,Annual,5,58,33.6,10.1,35.0,5,1,30.3,68,0,10,1,3,0,0
ACC-10124,Starter,Annual,1,33,30.5,8.2,78.6,11,1,26.6,48,0,0,0,2,0,0
ACC-10125,Starter,Annual,1,10,24.7,7.6,13.7,7,1,14.0,38,1,20,1,4,0,0
ACC-10126,Growth,Monthly,3,5,111.0,6.3,79.2,4,2,9.2,38,0,0,1,2,0,0
ACC-10127,Enterprise,Monthly,47,1,775.0,14.8,45.1,4,4,23.9,23,0,0,1,2,0,0
ACC-10128,Starter,Monthly,2,10,32.0,10.1,61.3,1,3,1.8,76,0,0,1,4,0,0
ACC-10129,Growth,Monthly,12,17,127.2,18.9,2.0,0,0,1.0,70,0,20,1,2,0,0
ACC-10130,Starter,Monthly,6,29,38.0,0.0,16.0,18,1,24.1,17,0,0,1,3,0,0
ACC-10131,Starter,Annual,1,1,30.5,17.5,40.1,1,1,16.0,36,0,0,0,0,0,0
ACC-10132,Starter,Monthly,4,10,29.2,14.2,34.9,2,1,26.4,16,0,20,1,0,1,0
ACC-10133,Starter,Monthly,3,68,24.8,11.5,71.7,6,1,6.6,100,0,30,0,1,1,0
ACC-10134,Enterprise,Monthly,24,2,511.2,4.3,61.7,11,0,2.3,21,0,20,1,4,0,0
ACC-10135,Starter,Monthly,5,9,36.5,2.0,97.5,11,2,11.2,72,0,0,1,4,0,0
ACC-10136,Growth,Monthly,14,6,155.0,16.5,66.3,11,0,11.1,100,0,0,1,0,0,0
ACC-10137,Growth,Annual,11,3,133.1,13.5,40.7,23,2,28.5,41,0,10,0,2,0,0
ACC-10138,Starter,Annual,3,33,30.6,13.3,81.9,0,0,2.6,-31,0,10,0,2,0,0
ACC-10139,Enterprise,Annual,22,21,575.0,11.4,44.8,3,4,58.4,83,0,0,1,2,0,0
ACC-10140,Enterprise,Monthly,23,10,543.1,17.1,43.5,15,1,1.2,12,1,10,1,1,0,0
ACC-10141,Starter,Monthly,1,8,30.5,8.5,55.0,4,0,7.5,6,0,0,1,2,0,0
ACC-10142,Growth,Monthly,4,32,85.3,10.0,90.6,12,1,24.3,92,1,30,1,2,0,0
ACC-10143,Starter,Annual,3,2,33.5,10.9,78.1,0,2,25.3,-16,0,0,1,3,0,0
ACC-10144,Starter,Annual,1,3,27.6,10.7,77.4,4,1,16.7,80,0,10,1,2,0,0
ACC-10145,Starter,Monthly,2,43,32.0,20.0,98.1,15,0,1.5,22,0,0,1,1,0,0
ACC-10146,Growth,Monthly,8,31,131.0,4.5,76.9,2,2,38.8,-35,0,0,0,2,0,0
ACC-10147,Growth,Monthly,6,27,103.2,0.3,28.0,16,0,20.1,61,0,20,1,3,0,0
ACC-10148,Starter,Annual,6,18,38.0,3.3,66.8,0,0,28.4,-49,0,0,0,4,0,0
ACC-10149,Starter,Annual,1,6,21.8,16.1,90.7,0,2,9.8,28,0,30,1,1,0,0
ACC-10150,Enterprise,Monthly,28,49,623.0,11.4,21.6,4,2,5.6,-27,1,0,0,2,0,0
ACC-10151,Starter,Monthly,2,12,29.1,2.4,54.7,1,2,25.5,19,0,10,1,2,0,0
ACC-10152,Starter,Monthly,5,6,36.5,12.6,31.5,2,3,33.8,54,1,0,1,2,0,1
ACC-10153,Growth,Monthly,11,8,143.0,10.1,57.8,2,2,33.5,45,0,0,1,2,0,0
ACC-10154,Enterprise,Monthly,32,1,575.2,15.4,80.0,4,1,25.3,37,0,20,0,5,0,0
ACC-10155,Starter,Monthly,3,5,33.5,16.8,84.5,3,3,3.0,65,0,0,1,4,0,0
ACC-10156,Growth,Annual,8,4,131.0,27.1,50.9,15,3,5.0,30,0,0,1,3,0,0
ACC-10157,Growth,Annual,6,3,113.1,4.9,69.6,13,4,13.9,22,0,10,0,3,0,0
ACC-10158,Starter,Monthly,2,1,32.0,0.8,21.9,8,2,14.2,40,1,0,1,1,1,1
ACC-10159,Growth,Annual,2,5,107.0,15.5,16.5,6,0,13.4,7,0,0,1,4,0,0
ACC-10160,Starter,Monthly,2,2,26.2,17.9,79.6,1,1,35.0,60,0,20,1,5,0,0
ACC-10161,Growth,Monthly,14,1,145.1,4.3,2.0,6,0,2.7,32,0,10,1,1,0,0
ACC-10162,Growth,Monthly,3,3,111.0,4.4,39.9,1,1,31.4,55,0,0,1,2,0,0
ACC-10163,Growth,Monthly,6,4,113.1,14.1,69.9,4,1,1.0,24,0,10,1,7,1,0
ACC-10164,Starter,Monthly,3,10,33.5,22.3,59.9,4,0,7.8,47,1,0,1,3,0,0
ACC-10165,Growth,Monthly,23,16,161.3,6.7,2.0,7,2,4.4,53,0,30,1,4,1,0
ACC-10166,Starter,Monthly,5,7,27.8,12.5,66.6,11,0,15.0,-41,0,30,0,2,0,0
ACC-10167,Starter,Annual,3,3,33.5,0.6,36.1,2,2,14.8,-21,0,0,1,2,0,0
ACC-10168,Starter,Monthly,3,51,33.5,10.8,57.7,0,4,14.1,10,0,0,1,1,0,0
ACC-10169,Growth,Monthly,14,13,155.0,11.3,41.3,0,3,6.8,25,0,0,1,5,0,0
ACC-10170,Growth,Monthly,4,24,115.0,20.8,39.8,12,1,14.8,75,0,0,1,5,1,0
ACC-10171,Starter,Annual,5,21,33.6,7.8,15.4,4,1,24.5,46,0,10,1,1,0,0
ACC-10172,Growth,Monthly,13,6,151.0,16.1,47.1,2,0,10.0,48,0,0,1,4,0,0
ACC-10173,Starter,Annual,3,15,33.5,7.4,82.2,0,1,52.8,84,0,0,0,3,1,0
ACC-10174,Growth,Monthly,4,17,115.0,12.5,45.7,5,0,1.4,78,0,0,1,3,0,0
ACC-10175,Starter,Monthly,3,8,30.6,24.5,46.7,1,0,87.0,-5,0,10,1,4,0,0
ACC-10176,Growth,Monthly,15,20,159.0,22.8,39.5,3,2,28.7,73,0,0,1,0,0,0
ACC-10177,Starter,Monthly,1,28,30.5,23.8,26.7,4,2,18.0,34,0,0,1,3,0,0
ACC-10178,Enterprise,Monthly,40,8,719.0,14.4,33.0,2,2,4.5,12,0,0,0,3,0,0
ACC-10179,Starter,Monthly,3,1,27.7,10.7,59.9,1,1,19.7,20,0,20,1,2,0,0
ACC-10180,Starter,Monthly,6,8,38.0,13.7,100.0,0,0,32.4,8,0,0,1,4,0,0
ACC-10181,Starter,Monthly,3,2,33.5,14.8,76.5,5,1,5.9,35,0,0,1,1,0,0
ACC-10182,Enterprise,Monthly,49,3,711.2,14.3,68.6,1,0,1.0,27,0,20,1,1,0,0
ACC-10183,Enterprise,Annual,11,8,487.0,7.7,98.8,13,0,11.7,73,0,0,0,2,0,0
ACC-10184,Starter,Monthly,2,4,32.0,7.5,65.3,6,0,7.3,98,0,0,1,1,0,0
ACC-10185,Growth,Annual,6,49,93.3,8.4,78.6,5,0,6.7,16,1,30,1,2,0,0
ACC-10186,Growth,Annual,7,19,127.0,18.4,59.7,4,1,25.8,-15,1,0,1,1,0,1
ACC-10187,Growth,Monthly,17,13,167.0,19.1,64.9,1,3,3.2,53,0,0,1,4,0,0
ACC-10188,Growth,Monthly,23,1,161.3,31.1,24.0,21,2,21.0,63,0,30,0,1,0,0
ACC-10189,Starter,Monthly,4,2,32.1,14.6,48.2,20,2,1.3,43,0,10,0,2,0,0
ACC-10190,Starter,Annual,3,28,24.8,7.3,42.6,2,1,50.5,-24,0,30,1,1,0,0
ACC-10191,Enterprise,Annual,38,9,703.0,9.1,41.5,9,0,17.6,2,0,0,1,2,0,0
ACC-10192,Enterprise,Annual,24,1,551.1,11.1,40.2,1,2,53.5,35,1,10,0,3,0,0
ACC-10193,Growth,Annual,7,31,127.0,21.0,86.5,9,1,40.5,8,0,0,0,3,0,0
ACC-10194,Starter,Annual,2,6,23.3,16.4,46.9,2,5,40.8,-5,0,30,0,0,0,0
ACC-10195,Starter,Monthly,2,9,32.0,3.9,51.8,2,2,2.6,100,0,0,1,3,0,0
ACC-10196,Growth,Monthly,7,66,117.1,11.7,100.0,4,0,23.8,-5,0,10,0,2,0,0
ACC-10197,Enterprise,Annual,28,1,623.0,3.2,72.1,3,4,10.2,72,0,0,0,4,0,0
ACC-10198,Enterprise,Monthly,39,23,711.0,15.6,55.2,1,2,12.3,44,0,0,1,2,0,0
ACC-10199,Growth,Monthly,13,54,151.0,7.8,78.3,5,2,6.5,51,0,0,0,2,0,0
ACC-10200,Growth,Annual,6,1,113.1,8.3,40.3,1,1,3.0,70,0,10,1,4,0,0
ACC-10201,Starter,Monthly,3,36,27.7,0.7,45.7,4,2,7.3,6,0,20,1,1,0,0
ACC-10202,Starter,Annual,1,10,24.7,16.5,47.0,2,3,15.9,20,0,20,1,4,0,0
ACC-10203,Enterprise,Annual,38,38,703.0,19.3,60.5,12,1,10.6,47,0,0,1,2,0,0
ACC-10204,Growth,Monthly,7,7,107.2,7.8,65.3,2,0,24.3,-35,0,20,0,0,0,0
ACC-10205,Starter,Annual,1,73,24.7,11.0,34.1,13,2,36.5,88,0,20,1,1,1,0
ACC-10206,Starter,Monthly,1,19,24.7,9.1,64.0,2,1,4.7,34,0,20,0,3,0,0
ACC-10207,Growth,Monthly,2,18,107.0,10.7,68.3,1,0,1.2,-3,0,0,0,3,0,0
ACC-10208,Starter,Monthly,4,30,32.1,7.1,44.7,5,0,93.9,68,0,10,1,0,0,0
ACC-10209,Starter,Monthly,2,10,32.0,5.4,51.4,5,2,42.9,33,0,0,0,2,0,0
ACC-10210,Growth,Monthly,10,5,129.1,20.2,30.0,6,2,6.2,5,0,10,1,2,0,0
ACC-10211,Growth,Monthly,20,5,179.0,0.0,21.8,2,2,3.5,63,0,0,1,1,0,0
ACC-10212,Growth,Monthly,16,7,153.1,15.0,29.8,2,2,60.3,-51,0,10,1,0,0,0
ACC-10213,Starter,Monthly,7,17,39.5,13.7,70.9,2,2,5.3,45,1,0,0,3,0,0
ACC-10214,Growth,Annual,8,33,131.0,21.9,66.5,16,0,5.0,76,1,0,1,3,0,0
ACC-10215,Starter,Annual,1,12,21.8,10.6,97.4,7,0,2.3,1,0,30,0,0,0,0
ACC-10216,Starter,Monthly,7,9,36.6,9.8,55.8,8,1,6.8,-15,0,10,0,1,0,0
ACC-10217,Growth,Monthly,13,28,121.3,7.1,56.1,1,1,36.8,45,0,30,1,3,0,0
ACC-10218,Growth,Monthly,4,6,95.2,14.1,62.4,7,2,16.9,6,0,20,1,2,0,0
ACC-10219,Growth,Monthly,11,21,143.0,7.8,31.5,9,5,1.9,100,0,0,1,3,0,0
ACC-10220,Growth,Annual,9,2,125.1,5.2,74.9,3,2,68.5,11,0,10,0,1,0,0
ACC-10221,Growth,Annual,6,2,113.1,7.6,63.4,1,3,15.5,23,1,10,1,6,0,0
ACC-10222,Starter,Monthly,3,19,33.5,6.3,34.2,7,1,10.8,48,0,0,0,1,0,0
ACC-10223,Starter,Monthly,3,2,27.7,6.0,63.2,6,1,30.7,-34,0,20,1,1,0,1
ACC-10224,Starter,Monthly,5,3,30.7,12.5,71.7,5,3,16.4,32,1,20,1,3,0,0
ACC-10225,Starter,Annual,2,18,32.0,10.8,25.7,1,1,45.2,69,0,0,1,1,0,0
ACC-10226,Enterprise,Monthly,28,10,583.1,15.3,78.3,2,1,24.2,27,0,10,1,1,0,0
ACC-10227,Starter,Annual,2,15,26.2,12.9,45.1,6,1,22.1,-10,0,20,1,0,0,0
ACC-10228,Enterprise,Annual,41,68,727.0,4.8,2.0,6,3,8.2,15,0,0,1,1,1,0
ACC-10229,Growth,Monthly,5,18,89.3,0.0,76.4,5,2,91.7,-37,0,30,1,2,0,0
ACC-10230,Growth,Monthly,12,16,137.1,5.7,84.5,9,2,21.1,20,0,10,1,2,0,0
ACC-10231,Growth,Annual,4,9,95.2,16.6,30.3,10,2,11.7,69,0,20,1,2,0,0
ACC-10232,Growth,Monthly,8,18,131.0,16.4,18.2,2,2,3.2,8,0,0,1,2,0,0
ACC-10233,Growth,Monthly,13,1,151.0,17.9,84.2,1,1,16.2,54,0,0,1,2,0,0
ACC-10234,Starter,Monthly,2,15,26.2,17.0,41.4,1,0,21.9,-22,0,20,1,3,0,0
ACC-10235,Growth,Annual,11,1,143.0,18.5,84.6,2,3,9.3,96,0,0,1,4,1,0
ACC-10236,Starter,Annual,1,4,27.6,14.4,15.6,18,0,1.3,70,1,10,1,1,0,0
ACC-10237,Starter,Annual,2,15,29.1,22.8,85.9,1,1,32.0,13,0,10,1,4,0,0
ACC-10238,Growth,Annual,10,20,139.0,13.8,78.6,13,0,21.2,-16,0,0,0,0,0,0
ACC-10239,Starter,Annual,5,9,36.5,24.0,66.9,1,1,23.1,12,0,0,1,2,0,0
ACC-10240,Enterprise,Annual,19,10,551.0,8.2,10.9,3,0,5.6,40,0,0,0,2,0,0
ACC-10241,Enterprise,Monthly,27,12,615.0,8.1,47.0,1,1,2.8,68,0,0,1,2,0,0
ACC-10242,Enterprise,Monthly,26,26,607.0,10.8,77.2,1,3,12.0,-44,0,0,1,0,0,0
ACC-10243,Starter,Annual,4,1,32.1,11.8,17.9,1,0,5.5,72,0,10,1,3,0,0
ACC-10244,Starter,Annual,1,11,30.5,10.1,43.5,3,2,30.4,39,0,0,1,5,0,0
ACC-10245,Enterprise,Annual,50,1,799.0,15.2,63.7,4,1,15.2,-11,0,0,1,1,0,0
ACC-10246,Starter,Monthly,5,7,36.5,11.4,29.5,1,2,2.8,-59,0,0,1,1,0,0
ACC-10247,Enterprise,Annual,31,13,607.1,8.4,83.6,16,1,4.4,35,0,10,1,2,0,0
ACC-10248,Enterprise,Annual,30,1,559.2,9.6,79.3,5,1,43.6,38,0,20,1,4,0,0
ACC-10249,Enterprise,Monthly,32,12,655.0,19.3,60.3,13,1,20.0,8,0,0,1,5,0,0
ACC-10250,Starter,Monthly,2,47,32.0,13.9,64.5,1,2,10.2,62,0,0,1,3,0,0
ACC-10251,Starter,Monthly,3,21,30.6,1.9,43.1,1,3,25.5,100,0,10,1,1,0,0
ACC-10252,Enterprise,Monthly,65,27,879.1,21.1,68.0,11,0,33.1,16,1,10,1,0,0,0
ACC-10253,Starter,Monthly,1,16,30.5,14.6,41.9,5,2,2.4,4,0,0,1,6,1,0
ACC-10254,Starter,Monthly,1,41,30.5,15.8,50.7,17,0,36.9,90,0,0,1,2,0,0
ACC-10255,Growth,Monthly,4,3,105.1,17.6,44.2,1,0,58.6,22,1,10,1,1,0,0
ACC-10256,Enterprise,Annual,20,11,519.1,17.9,86.6,0,2,1.9,53,0,10,1,1,0,0
ACC-10257,Growth,Annual,10,16,119.2,6.5,81.6,15,3,7.8,9,0,20,1,2,0,0
ACC-10258,Growth,Annual,7,37,127.0,5.6,32.9,7,2,3.7,70,0,0,1,3,0,0
ACC-10259,Starter,Monthly,8,7,41.0,26.4,84.4,10,2,11.2,-14,0,0,0,0,0,0
ACC-10260,Growth,Monthly,6,1,113.1,7.8,37.4,2,3,5.0,35,0,10,1,4,0,0
ACC-10261,Enterprise,Annual,32,66,655.0,14.3,95.8,0,0,9.0,40,0,0,1,4,0,0
ACC-10262,Starter,Monthly,1,1,21.8,21.8,89.6,4,3,5.5,24,0,30,1,3,0,0
ACC-10263,Growth,Annual,8,3,121.1,9.3,100.0,28,1,1.0,8,0,10,1,3,0,1
ACC-10264,Enterprise,Annual,29,10,631.0,9.8,61.4,14,0,1.0,93,1,0,1,3,0,0
ACC-10265,Growth,Monthly,8,12,111.2,17.6,48.8,0,1,14.5,58,0,20,1,1,0,0
ACC-10266,Growth,Annual,5,32,89.3,13.3,48.3,1,1,14.4,0,0,30,0,1,0,0
ACC-10267,Growth,Monthly,13,11,151.0,15.0,63.3,2,3,1.0,-36,0,0,1,4,0,0
ACC-10268,Starter,Monthly,2,14,32.0,11.5,32.7,11,1,24.0,82,0,0,1,3,0,0
ACC-10269,Starter,Annual,6,4,38.0,8.8,2.0,10,4,1.0,-2,0,0,1,4,0,0
ACC-10270,Growth,Monthly,8,15,121.1,10.0,46.2,1,1,13.3,32,0,10,0,5,1,0
ACC-10271,Growth,Annual,14,8,145.1,19.2,55.9,5,3,10.1,33,0,10,1,1,0,1
ACC-10272,Enterprise,Monthly,48,2,743.1,10.2,67.2,4,0,42.9,40,0,10,0,2,0,0
ACC-10273,Enterprise,Monthly,37,53,655.1,14.6,63.7,3,7,17.2,-29,0,10,1,1,0,0
ACC-10274,Growth,Monthly,8,2,101.3,6.2,58.1,5,2,34.6,18,0,30,0,2,0,0
ACC-10275,Growth,Annual,10,20,139.0,24.2,80.7,2,2,127.9,29,0,0,1,2,0,0
ACC-10276,Growth,Monthly,5,43,119.0,13.9,35.8,5,2,3.9,28,0,0,0,3,0,0
ACC-10277,Growth,Monthly,18,4,171.0,14.0,40.2,7,3,1.3,55,0,0,1,3,0,0
ACC-10278,Growth,Annual,8,5,131.0,17.6,100.0,0,3,29.8,36,0,0,1,1,0,0
ACC-10279,Growth,Monthly,4,10,115.0,9.1,2.0,21,2,20.0,46,0,0,1,0,0,1
ACC-10280,Enterprise,Annual,27,6,615.0,19.2,79.6,1,0,20.1,9,0,0,1,2,0,0
ACC-10281,Starter,Monthly,1,26,30.5,2.9,67.4,3,1,7.6,90,0,0,0,3,0,1
ACC-10282,Starter,Annual,2,7,32.0,8.3,55.0,4,1,2.2,20,0,0,1,2,0,0
ACC-10283,Starter,Annual,2,77,32.0,7.2,74.7,0,2,25.5,42,0,0,1,5,0,0
ACC-10284,Growth,Monthly,6,35,123.0,0.7,70.8,5,0,15.7,34,0,0,1,3,0,0
ACC-10285,Starter,Monthly,1,41,30.5,8.8,22.9,12,1,13.9,46,0,0,1,2,0,0
ACC-10286,Growth,Annual,8,1,121.1,11.7,33.6,14,2,26.6,72,0,10,1,1,0,0
ACC-10287,Growth,Monthly,12,3,147.0,5.5,44.4,2,1,89.5,1,0,0,1,4,0,0
ACC-10288,Starter,Annual,2,3,32.0,4.6,8.3,5,2,27.0,59,0,0,0,3,0,0
ACC-10289,Growth,Monthly,12,20,147.0,12.2,54.8,9,4,54.5,56,0,0,1,2,0,0
ACC-10290,Starter,Monthly,5,1,30.7,11.5,69.0,2,3,10.2,36,0,20,1,1,0,0
ACC-10291,Starter,Monthly,5,30,36.5,10.4,80.6,5,2,45.7,38,0,0,1,2,0,0
ACC-10292,Growth,Annual,9,14,135.0,4.4,56.7,3,0,26.0,-10,0,0,1,0,0,0
ACC-10293,Starter,Monthly,3,15,33.5,9.6,38.5,3,2,9.3,18,1,0,1,4,0,0
ACC-10294,Starter,Annual,1,14,30.5,8.0,59.9,1,1,14.2,-37,0,0,0,2,0,0
ACC-10295,Growth,Annual,9,14,125.1,12.5,53.3,3,1,4.5,19,0,10,1,2,1,0
ACC-10296,Growth,Monthly,13,4,141.1,8.6,72.3,1,2,1.7,28,0,10,1,1,0,1
ACC-10297,Starter,Monthly,4,6,35.0,11.8,54.0,2,2,12.6,-19,0,0,1,2,0,0
ACC-10298,Growth,Annual,10,12,139.0,4.1,74.6,2,1,99.9,40,0,0,1,1,0,0
ACC-10299,Starter,Monthly,3,20,30.6,3.6,49.2,3,3,40.9,72,0,10,1,3,0,0
ACC-10300,Starter,Annual,1,6,24.7,15.3,83.4,15,2,1.0,38,0,20,1,1,0,0
ACC-10301,Growth,Monthly,8,30,131.0,16.6,58.9,6,0,70.0,30,0,0,0,1,0,0
ACC-10302,Growth,Monthly,10,30,119.2,9.6,41.8,22,2,12.7,12,0,20,0,5,0,1
ACC-10303,Growth,Annual,7,6,127.0,12.2,47.7,5,0,3.9,43,0,0,1,5,0,0
ACC-10304,Growth,Monthly,12,15,117.3,9.3,71.0,10,1,49.3,-6,0,30,0,1,0,0
ACC-10305,Enterprise,Monthly,13,8,503.0,18.6,27.0,11,0,51.8,-54,0,0,1,2,0,0
ACC-10306,Growth,Monthly,7,4,127.0,10.8,52.2,8,1,37.5,85,1,0,1,4,0,0
ACC-10307,Starter,Monthly,2,30,32.0,9.0,78.5,7,1,19.4,64,0,0,1,2,0,0
ACC-10308,Growth,Monthly,7,86,127.0,17.8,66.4,3,4,5.4,-8,0,0,0,2,1,0
ACC-10309,Starter,Annual,1,15,30.5,7.4,29.7,5,3,5.5,-21,1,0,0,3,0,0
ACC-10310,Starter,Monthly,3,44,33.5,12.9,61.8,1,2,67.4,34,0,0,0,1,0,0
ACC-10311,Starter,Monthly,2,18,29.1,5.7,25.5,6,3,6.5,32,0,10,1,0,0,0
ACC-10312,Starter,Annual,6,15,38.0,16.0,59.1,4,1,11.0,59,0,0,1,0,1,0
ACC-10313,Enterprise,Monthly,30,12,559.2,16.9,85.4,10,2,28.0,18,0,20,1,3,0,0
ACC-10314,Growth,Monthly,5,5,119.0,4.3,56.6,14,1,34.7,70,0,0,0,1,0,0
ACC-10315,Growth,Annual,10,2,119.2,3.3,30.1,1,2,10.6,22,0,20,1,1,0,0
ACC-10316,Starter,Annual,5,11,36.5,13.7,50.8,7,3,10.1,72,0,0,0,0,0,0
ACC-10317,Starter,Monthly,3,15,27.7,23.6,59.3,18,0,8.8,24,0,20,1,2,0,0
ACC-10318,Starter,Annual,4,13,35.0,17.3,79.0,15,0,9.8,0,0,0,1,1,0,0
ACC-10319,Starter,Monthly,3,21,33.5,10.7,78.8,11,1,28.4,17,0,0,0,0,0,0
ACC-10320,Growth,Annual,15,4,159.0,6.9,31.0,0,1,1.3,53,0,0,1,1,0,0
ACC-10321,Growth,Monthly,11,8,123.2,4.7,47.9,2,1,32.2,42,0,20,1,4,0,0
ACC-10322,Growth,Monthly,14,10,155.0,16.3,63.7,1,3,4.8,32,0,0,1,1,0,0
ACC-10323,Starter,Monthly,1,4,30.5,17.5,41.7,16,1,3.5,-7,0,0,1,2,0,0
ACC-10324,Enterprise,Monthly,40,43,679.1,8.2,66.0,8,2,2.6,28,1,10,1,0,0,0
ACC-10325,Growth,Monthly,10,21,139.0,10.5,25.3,5,0,5.4,7,0,0,0,2,0,0
ACC-10326,Growth,Annual,6,2,103.2,12.3,60.8,23,1,35.9,6,1,20,0,0,0,1
ACC-10327,Growth,Monthly,17,22,157.1,22.9,77.6,1,2,15.4,65,0,10,1,0,0,0
ACC-10328,Starter,Monthly,2,14,32.0,12.4,56.2,6,1,6.3,3,0,0,1,5,0,0
ACC-10329,Starter,Monthly,2,13,32.0,6.1,58.9,6,1,4.1,1,0,0,1,4,0,0
ACC-10330,Starter,Monthly,2,83,32.0,5.1,73.6,2,2,29.4,41,0,0,1,2,0,0
ACC-10331,Growth,Annual,9,17,135.0,6.5,45.2,4,3,14.1,-2,0,0,0,1,0,1
ACC-10332,Starter,Monthly,2,41,29.1,19.6,68.7,2,0,2.6,11,0,10,0,0,0,0
ACC-10333,Starter,Monthly,2,44,32.0,15.1,54.3,7,0,9.4,97,0,0,1,1,0,0
ACC-10334,Starter,Monthly,3,2,30.6,9.9,35.0,3,0,11.8,24,0,10,1,2,0,0
ACC-10335,Starter,Annual,1,1,30.5,0.0,74.9,0,0,8.7,54,0,0,1,0,0,0
ACC-10336,Enterprise,Monthly,40,10,599.3,6.9,85.8,18,1,6.2,100,0,30,1,1,0,0
ACC-10337,Growth,Monthly,12,26,127.2,14.1,80.5,4,0,8.0,37,0,20,1,2,0,0
ACC-10338,Growth,Monthly,10,31,139.0,14.1,74.8,7,1,26.9,48,1,0,1,2,0,0
ACC-10339,Starter,Monthly,1,28,30.5,14.1,66.2,1,0,61.2,41,0,0,0,3,0,0
ACC-10340,Growth,Monthly,6,11,123.0,3.9,63.0,1,2,1.0,19,0,0,1,3,0,0
ACC-10341,Growth,Annual,21,25,163.2,13.1,52.9,14,0,19.7,34,1,20,1,2,1,0
ACC-10342,Starter,Annual,3,23,30.6,6.1,40.4,5,1,1.5,24,0,10,1,2,0,0
ACC-10343,Starter,Annual,3,7,33.5,12.0,9.6,4,1,4.5,-2,0,0,0,1,0,0
ACC-10344,Starter,Monthly,3,3,33.5,7.4,20.5,4,2,15.7,59,0,0,1,3,0,0
ACC-10345,Growth,Monthly,21,17,183.0,18.4,55.3,2,4,31.6,-33,0,0,0,3,0,1
ACC-10346,Growth,Monthly,7,20,117.1,14.0,26.9,15,1,11.4,30,0,10,1,1,0,0
ACC-10347,Starter,Annual,3,15,27.7,11.1,64.1,1,0,42.3,20,0,20,1,3,0,0
ACC-10348,Starter,Monthly,4,4,35.0,20.3,93.4,1,1,25.2,-6,0,0,0,1,0,1
ACC-10349,Growth,Annual,19,6,145.3,9.8,2.0,16,2,4.3,52,0,30,1,1,0,0
ACC-10350,Growth,Monthly,16,22,163.0,3.5,33.6,2,1,23.2,-6,0,0,1,3,0,0
ACC-10351,Enterprise,Monthly,24,59,511.2,18.3,100.0,12,2,7.7,16,0,20,1,3,0,0
ACC-10352,Growth,Monthly,5,52,119.0,13.5,73.4,9,2,29.1,55,0,0,1,2,0,0
ACC-10353,Starter,Monthly,2,13,23.3,10.1,52.5,3,0,5.2,-37,0,30,0,4,0,0
ACC-10354,Starter,Annual,2,39,32.0,8.1,43.3,2,0,3.1,68,0,0,1,0,0,0
ACC-10355,Growth,Annual,11,1,143.0,15.1,67.9,9,1,20.3,29,0,0,0,4,0,0
ACC-10356,Starter,Monthly,1,36,21.8,16.9,76.5,5,1,19.2,19,0,30,0,0,0,0
ACC-10357,Growth,Monthly,17,12,157.1,7.4,27.1,2,1,17.0,-18,0,10,1,1,0,0
ACC-10358,Enterprise,Annual,18,27,543.0,15.4,87.8,13,1,5.6,33,0,0,1,1,0,0
ACC-10359,Growth,Annual,5,1,119.0,13.5,63.8,8,2,4.6,31,0,0,0,2,0,0
ACC-10360,Starter,Monthly,1,37,30.5,7.0,75.6,14,2,48.7,49,0,0,1,2,0,0
ACC-10361,Growth,Monthly,6,16,113.1,12.0,77.5,3,2,15.2,14,1,10,1,0,0,0
ACC-10362,Growth,Monthly,17,5,167.0,8.7,61.9,1,2,10.4,-4,0,0,1,0,0,0
ACC-10363,Growth,Monthly,6,8,123.0,19.4,64.8,15,4,34.2,41,0,0,0,3,0,1
ACC-10364,Enterprise,Monthly,27,4,615.0,8.1,66.4,6,1,1.0,10,0,0,1,2,0,0
ACC-10365,Starter,Monthly,2,10,29.1,21.1,47.1,6,0,22.5,48,0,10,0,3,0,0
ACC-10366,Enterprise,Monthly,61,7,767.3,12.8,69.3,5,2,3.2,-6,0,30,0,0,0,0
ACC-10367,Enterprise,Monthly,32,14,535.3,1.5,49.3,4,1,5.1,58,0,30,0,0,0,0
ACC-10368,Starter,Monthly,4,30,29.2,0.0,55.0,2,2,20.4,82,1,20,1,0,1,0
ACC-10369,Starter,Annual,3,73,33.5,10.7,89.4,6,1,6.6,24,0,0,1,2,0,0
ACC-10370,Starter,Annual,4,5,35.0,20.0,54.2,8,2,30.1,77,0,0,1,1,0,0
ACC-10371,Starter,Monthly,2,2,29.1,19.4,64.1,15,0,14.6,56,0,10,1,1,0,0
ACC-10372,Starter,Annual,2,9,23.3,13.0,51.2,0,0,7.8,42,0,30,1,0,0,0
ACC-10373,Growth,Annual,5,3,109.1,7.6,47.0,2,4,40.0,30,0,10,1,2,1,0
ACC-10374,Starter,Monthly,1,32,30.5,9.5,97.4,9,2,19.8,11,0,0,1,0,0,0
ACC-10375,Starter,Monthly,3,13,27.7,13.2,22.8,9,1,10.9,72,0,20,1,4,0,0
ACC-10376,Growth,Annual,6,17,113.1,18.5,56.1,1,2,12.1,65,0,10,0,1,0,0
ACC-10377,Starter,Annual,3,3,33.5,15.4,28.6,1,3,6.3,-7,0,0,1,1,0,1
ACC-10378,Growth,Annual,6,25,113.1,17.8,82.6,3,1,2.3,34,1,10,0,5,0,0
ACC-10379,Starter,Annual,10,65,44.0,15.9,53.6,0,0,7.2,2,0,0,1,2,0,0
ACC-10380,Starter,Annual,3,12,33.5,17.6,44.7,8,4,6.1,47,0,0,1,0,0,0
ACC-10381,Growth,Monthly,12,59,147.0,0.0,14.6,7,2,8.2,56,1,0,1,3,0,0
ACC-10382,Growth,Monthly,12,1,137.1,6.6,89.7,12,1,12.7,-25,1,10,0,0,0,1
ACC-10383,Enterprise,Monthly,50,1,799.0,5.4,25.8,3,0,1.3,27,0,0,1,4,0,0
ACC-10384,Growth,Monthly,4,58,115.0,4.8,65.7,6,0,2.2,45,0,0,0,1,0,1
ACC-10385,Growth,Annual,4,22,115.0,12.0,75.5,18,1,26.1,33,0,0,0,0,0,1
ACC-10386,Starter,Monthly,9,4,39.6,3.3,100.0,19,0,4.1,92,0,10,0,4,0,0
ACC-10387,Starter,Annual,1,8,27.6,6.3,42.9,0,2,8.3,-25,0,10,1,2,0,1
ACC-10388,Growth,Monthly,10,13,139.0,11.4,36.2,0,3,20.3,77,1,0,1,2,1,0
ACC-10389,Growth,Monthly,10,22,139.0,2.4,45.6,19,5,75.4,-1,0,0,1,3,1,1
ACC-10390,Enterprise,Monthly,19,33,551.0,9.1,42.1,5,2,2.9,-45,0,0,0,2,0,0
ACC-10391,Starter,Monthly,2,2,32.0,15.8,13.6,7,0,28.3,41,0,0,0,2,0,0
ACC-10392,Starter,Annual,3,19,33.5,4.6,91.0,15,3,13.5,26,0,0,1,4,0,0
ACC-10393,Growth,Annual,8,12,111.2,16.8,45.8,3,2,2.0,33,0,20,0,1,0,1
ACC-10394,Starter,Annual,1,16,30.5,7.2,51.5,3,3,3.7,48,0,0,0,3,0,0
ACC-10395,Enterprise,Monthly,24,13,591.0,13.6,68.8,1,3,23.7,49,0,0,1,2,0,0
ACC-10396,Enterprise,Monthly,42,11,655.2,5.4,85.5,14,3,42.3,11,0,20,1,4,0,0
ACC-10397,Starter,Monthly,1,4,30.5,14.7,29.5,6,1,1.0,58,0,0,1,0,0,0
ACC-10398,Growth,Monthly,8,12,121.1,10.2,62.9,1,3,5.0,-41,0,10,1,1,0,0
ACC-10399,Growth,Annual,21,4,183.0,14.8,28.3,5,2,8.9,27,0,0,0,1,0,0
ACC-10400,Starter,Annual,3,1,27.7,8.7,62.3,2,1,89.8,70,1,20,0,2,0,1
ACC-10401,Enterprise,Annual,33,8,663.0,15.3,61.4,1,1,21.1,40,0,0,0,4,0,1
ACC-10402,Growth,Monthly,16,1,133.3,17.1,44.6,1,0,9.0,32,0,30,0,4,0,1
ACC-10403,Growth,Annual,12,15,147.0,12.7,60.1,5,0,4.5,18,0,0,1,3,0,0
ACC-10404,Starter,Monthly,3,1,27.7,9.1,60.5,5,2,5.1,42,0,20,0,4,0,0
ACC-10405,Enterprise,Annual,19,10,551.0,10.6,53.2,9,4,1.0,20,0,0,0,4,0,0
ACC-10406,Starter,Monthly,4,71,32.1,4.4,50.5,2,3,104.7,52,0,10,0,2,0,0
ACC-10407,Starter,Monthly,10,1,44.0,13.2,25.0,15,0,80.6,12,0,0,1,0,1,0
ACC-10408,Enterprise,Monthly,36,8,607.2,15.7,31.0,4,1,1.0,83,0,20,1,2,0,0
ACC-10409,Starter,Annual,3,20,24.8,21.4,41.5,1,3,6.3,49,0,30,1,5,0,0
ACC-10410,Starter,Monthly,6,3,38.0,19.8,32.8,3,3,1.0,93,0,0,1,3,0,0
ACC-10411,Enterprise,Monthly,62,15,855.1,6.1,42.4,15,0,7.2,16,1,10,1,1,0,0
ACC-10412,Enterprise,Annual,22,5,575.0,13.3,53.3,4,2,46.3,73,0,0,1,2,0,0
ACC-10413,Growth,Monthly,8,5,121.1,11.2,56.9,12,2,41.6,-14,0,10,1,1,0,0
ACC-10414,Growth,Monthly,7,41,127.0,19.3,67.4,1,1,23.1,55,0,0,1,5,0,0
ACC-10415,Starter,Monthly,1,4,24.7,7.7,58.5,15,1,87.1,26,1,20,1,1,0,1
ACC-10416,Starter,Monthly,5,9,36.5,17.3,57.6,3,1,27.4,34,0,0,1,4,0,0
ACC-10417,Starter,Annual,3,3,30.6,6.1,66.8,17,2,5.5,56,0,10,1,2,0,0
ACC-10418,Growth,Annual,10,6,139.0,11.4,34.8,12,4,36.0,56,0,0,1,3,0,0
ACC-10419,Growth,Monthly,22,6,157.3,6.7,36.7,6,1,14.2,59,0,30,1,2,0,0
ACC-10420,Growth,Annual,5,7,119.0,0.2,46.8,7,0,14.0,42,0,0,1,1,0,0
ACC-10421,Growth,Monthly,5,18,99.2,6.6,39.7,1,2,35.8,49,0,20,0,0,0,0
ACC-10422,Starter,Monthly,4,24,32.1,10.5,16.4,6,0,15.3,22,0,10,1,1,0,0
ACC-10423,Growth,Monthly,7,13,107.2,20.6,67.7,5,4,7.9,7,0,20,0,1,0,0
ACC-10424,Starter,Monthly,1,17,30.5,5.5,33.0,2,4,52.8,36,0,0,1,3,0,0
ACC-10425,Growth,Monthly,5,30,119.0,8.4,94.9,4,1,1.5,-45,0,0,1,2,0,0
ACC-10426,Starter,Annual,1,96,30.5,3.4,58.6,16,0,21.4,45,0,0,1,2,0,0
ACC-10427,Enterprise,Annual,30,11,639.0,18.9,22.0,0,1,30.8,60,0,0,1,5,0,0
ACC-10428,Starter,Monthly,3,50,30.6,9.2,69.7,3,3,1.1,52,0,10,1,2,0,0
ACC-10429,Starter,Monthly,1,12,21.8,10.0,55.7,2,0,5.3,9,0,30,1,5,0,0
ACC-10430,Starter,Annual,4,27,35.0,9.9,61.4,20,0,5.1,-42,0,0,1,1,0,0
ACC-10431,Growth,Annual,12,15,147.0,0.3,44.1,22,0,44.0,53,0,0,0,1,0,0
ACC-10432,Growth,Annual,13,39,151.0,3.2,34.5,5,3,21.0,2,0,0,1,2,0,0
ACC-10433,Starter,Monthly,2,11,32.0,6.3,22.9,5,3,4.9,-15,0,0,1,2,0,0
ACC-10434,Starter,Annual,2,21,29.1,15.7,26.8,14,3,48.1,63,1,10,1,2,0,0
ACC-10435,Growth,Monthly,5,11,119.0,0.0,24.9,0,1,5.6,-17,0,0,1,2,0,0
ACC-10436,Starter,Monthly,3,35,27.7,15.2,47.1,5,5,21.7,24,0,20,1,1,1,0
ACC-10437,Growth,Monthly,7,93,127.0,14.1,53.9,0,1,12.0,92,1,0,0,0,0,0
ACC-10438,Growth,Monthly,10,5,119.2,1.1,21.0,21,1,2.1,7,0,20,1,3,0,1
ACC-10439,Starter,Monthly,3,12,30.6,10.1,74.9,2,2,28.0,-7,0,10,1,3,0,0
ACC-10440,Starter,Monthly,1,2,24.7,19.0,58.1,4,0,7.9,48,0,20,1,4,0,0
ACC-10441,Enterprise,Monthly,55,3,839.0,5.6,100.0,3,2,8.9,41,0,0,1,4,0,0
ACC-10442,Starter,Annual,3,48,27.7,8.7,46.1,13,2,4.8,-28,0,20,0,1,0,0
ACC-10443,Starter,Monthly,3,14,30.6,28.6,100.0,52,3,32.6,32,0,10,1,1,0,1
ACC-10444,Growth,Monthly,7,9,127.0,14.0,71.4,0,0,3.5,71,0,0,0,1,0,0
ACC-10445,Enterprise,Monthly,12,20,415.2,10.5,11.9,8,2,4.9,79,0,20,1,2,0,0
ACC-10446,Enterprise,Annual,14,15,511.0,9.1,28.8,3,1,10.4,21,0,0,1,4,0,0
ACC-10447,Growth,Monthly,22,6,167.2,14.2,62.0,1,1,3.2,47,0,20,0,0,1,0
ACC-10448,Starter,Monthly,2,5,29.1,16.1,16.6,3,2,2.4,49,0,10,1,1,0,0
ACC-10449,Starter,Monthly,1,16,30.5,0.0,35.3,38,1,14.7,65,0,0,1,2,0,0
ACC-10450,Growth,Annual,11,4,123.2,0.0,20.0,3,0,61.4,27,0,20,1,3,1,0
ACC-10451,Growth,Annual,5,3,119.0,6.0,100.0,2,3,32.4,75,0,0,0,2,0,0
ACC-10452,Starter,Monthly,9,7,42.5,11.1,79.2,11,1,3.9,4,1,0,0,5,0,1
ACC-10453,Enterprise,Monthly,25,36,599.0,12.5,47.5,12,2,17.7,57,0,0,1,2,0,0
ACC-10454,Starter,Annual,6,1,35.1,1.8,88.3,2,1,31.6,-5,0,10,1,5,0,0
ACC-10455,Growth,Monthly,20,32,179.0,10.8,82.7,2,1,3.1,-33,0,0,0,4,0,0
ACC-10456,Starter,Annual,6,17,38.0,11.6,83.8,6,0,1.7,51,0,0,1,2,0,0
ACC-10457,Growth,Monthly,14,1,155.0,6.9,42.7,1,3,44.3,100,1,0,1,1,0,0
ACC-10458,Starter,Monthly,3,17,33.5,8.8,48.2,4,0,5.6,41,1,0,1,2,0,0
ACC-10459,Starter,Monthly,2,10,29.1,7.6,30.9,1,1,13.8,23,0,10,0,0,0,1
ACC-10460,Starter,Monthly,3,33,33.5,14.8,52.5,2,1,4.7,73,0,0,1,2,0,0
ACC-10461,Growth,Annual,8,43,131.0,12.0,37.1,2,0,1.0,14,0,0,0,4,0,0
ACC-10462,Growth,Annual,9,6,105.3,5.1,31.4,7,2,14.4,-32,0,30,1,3,0,0
ACC-10463,Growth,Monthly,8,28,101.3,17.7,79.9,2,1,11.4,63,0,30,1,0,0,0
ACC-10464,Enterprise,Annual,23,7,503.2,3.8,69.8,14,1,25.9,84,0,20,0,0,0,0
ACC-10465,Starter,Monthly,4,6,29.2,1.7,35.6,24,0,39.0,35,0,20,1,5,0,0
ACC-10466,Starter,Monthly,3,4,30.6,10.5,75.8,1,0,3.1,41,0,10,1,2,0,0
ACC-10467,Enterprise,Monthly,23,20,503.2,10.5,61.8,3,1,3.8,9,0,20,0,0,0,0
ACC-10468,Starter,Annual,3,5,33.5,12.4,48.1,2,3,60.0,24,1,0,1,3,1,0
ACC-10469,Enterprise,Annual,48,11,783.0,4.9,90.0,3,1,10.8,38,0,0,1,2,0,0
ACC-10470,Starter,Annual,3,30,33.5,17.4,61.7,2,8,61.0,32,0,0,1,1,0,0
ACC-10471,Enterprise,Annual,19,28,551.0,22.3,94.1,3,1,8.3,31,0,0,1,2,0,0
ACC-10472,Starter,Annual,3,35,33.5,11.9,67.4,1,0,8.5,-80,0,0,1,3,1,0
ACC-10473,Enterprise,Annual,38,3,703.0,13.9,69.3,2,1,24.6,36,0,0,1,2,0,0
ACC-10474,Growth,Annual,5,16,109.1,0.0,31.3,8,0,2.0,-16,0,10,1,2,0,0
ACC-10475,Enterprise,Annual,17,44,535.0,9.4,42.7,3,1,10.7,47,0,0,0,1,1,0
ACC-10476,Starter,Monthly,2,1,32.0,7.8,87.1,1,6,9.6,67,0,0,1,4,0,0
ACC-10477,Growth,Monthly,19,28,175.0,6.9,80.6,1,1,1.0,50,0,0,1,3,0,0
ACC-10478,Enterprise,Monthly,32,5,655.0,8.1,47.1,3,1,7.5,-10,0,0,1,5,0,0
ACC-10479,Growth,Monthly,19,20,155.2,8.7,25.2,6,0,10.2,1,0,20,1,2,0,0
ACC-10480,Growth,Monthly,5,23,109.1,3.3,91.5,2,0,1.2,28,0,10,1,1,0,0
ACC-10481,Growth,Monthly,4,47,95.2,9.1,78.5,3,0,1.0,60,0,20,1,3,0,0
ACC-10482,Growth,Annual,8,13,121.1,5.7,29.8,18,2,18.3,65,0,10,0,2,0,0
ACC-10483,Growth,Monthly,5,34,119.0,16.7,29.8,5,0,4.6,43,0,0,1,5,0,0
ACC-10484,Growth,Monthly,6,1,123.0,14.0,95.3,5,0,9.0,-4,0,0,0,1,0,0
ACC-10485,Enterprise,Monthly,29,10,631.0,14.0,43.8,3,1,1.7,71,0,0,1,2,0,0
ACC-10486,Starter,Annual,1,10,24.7,17.9,44.2,5,2,2.1,29,0,20,1,1,0,0
ACC-10487,Starter,Monthly,4,14,32.1,7.0,40.0,25,4,3.4,16,0,10,0,2,0,1
ACC-10488,Enterprise,Monthly,53,12,823.0,13.6,62.8,2,1,1.0,13,1,0,0,1,0,1
ACC-10489,Enterprise,Annual,23,62,543.1,18.4,24.2,17,3,28.7,-23,0,10,1,2,0,0
ACC-10490,Growth,Annual,8,1,111.2,6.6,60.2,1,1,47.3,68,0,20,0,0,0,0
ACC-10491,Growth,Monthly,8,6,131.0,0.0,24.1,1,2,14.8,26,0,0,0,2,0,0
ACC-10492,Starter,Monthly,4,62,32.1,7.9,24.2,6,0,33.9,6,0,10,0,2,0,0
ACC-10493,Starter,Monthly,3,11,27.7,17.7,25.0,2,0,2.9,51,0,20,1,0,0,0
ACC-10494,Growth,Annual,8,15,131.0,6.3,25.8,4,2,11.9,58,0,0,0,0,0,0
ACC-10495,Starter,Monthly,1,2,21.8,9.2,70.9,8,3,3.1,-31,0,30,1,1,0,0
ACC-10496,Growth,Monthly,4,6,95.2,7.3,70.9,5,0,107.2,84,0,20,1,1,0,0
ACC-10497,Starter,Monthly,3,1,33.5,10.9,51.4,0,1,1.2,100,0,0,1,0,0,0
ACC-10498,Enterprise,Monthly,21,3,567.0,5.7,41.1,2,2,11.7,34,0,0,1,2,0,0
ACC-10499,Enterprise,Annual,26,18,487.3,3.1,85.4,0,1,2.4,38,0,30,1,0,0,0
ACC-10500,Growth,Monthly,9,26,115.2,9.4,70.3,16,0,1.4,100,0,20,1,0,0,0
ACC-10501,Growth,Monthly,8,37,111.2,10.4,29.1,9,0,26.6,-8,0,20,1,2,0,0
ACC-10502,Starter,Monthly,1,5,21.8,18.7,62.7,25,3,1.7,12,0,30,1,3,0,0
ACC-10503,Growth,Monthly,9,7,135.0,12.4,61.6,13,2,1.0,50,0,0,1,0,1,0
ACC-10504,Growth,Monthly,3,15,111.0,5.0,70.8,4,1,59.8,70,0,0,1,4,0,0
ACC-10505,Starter,Annual,2,2,32.0,7.6,100.0,13,6,4.1,31,1,0,1,2,0,1
ACC-10506,Enterprise,Annual,32,30,535.3,16.3,37.0,7,2,37.2,2,0,30,1,4,0,0
ACC-10507,Growth,Annual,12,12,147.0,9.5,67.2,4,0,61.1,75,0,0,1,3,0,0
ACC-10508,Enterprise,Annual,9,61,351.3,5.4,87.9,3,1,27.9,30,0,30,1,5,0,0
ACC-10509,Growth,Annual,9,2,135.0,12.5,92.8,7,1,2.2,30,0,0,0,0,0,0
ACC-10510,Growth,Monthly,5,3,109.1,7.3,59.0,5,3,3.7,63,0,10,0,2,0,0
ACC-10511,Starter,Annual,5,8,36.5,14.9,26.2,6,2,3.9,83,0,0,1,4,0,0
ACC-10512,Enterprise,Annual,20,4,519.1,14.2,15.5,3,0,21.2,38,0,10,1,5,0,0
ACC-10513,Enterprise,Annual,20,21,559.0,5.1,73.2,8,3,4.0,47,0,0,1,3,0,0
ACC-10514,Starter,Monthly,2,53,32.0,22.7,62.5,1,2,1.0,67,0,0,1,5,0,0
ACC-10515,Starter,Monthly,3,2,27.7,11.3,57.8,8,2,12.3,22,0,20,0,1,0,0
ACC-10516,Starter,Annual,1,5,30.5,0.0,61.2,8,1,17.8,11,0,0,0,2,0,0
ACC-10517,Growth,Annual,8,5,131.0,14.3,76.5,4,2,12.3,17,0,0,0,4,0,0
ACC-10518,Enterprise,Annual,26,13,607.0,0.0,67.0,2,1,13.4,-2,0,0,0,2,1,0
ACC-10519,Starter,Monthly,1,11,30.5,18.2,63.5,4,4,12.2,-8,0,0,1,3,0,0
ACC-10520,Growth,Monthly,8,23,131.0,12.3,41.9,1,0,6.2,100,0,0,1,2,0,0
ACC-10521,Starter,Monthly,4,24,35.0,11.1,77.9,2,1,62.4,-1,1,0,1,1,0,0
ACC-10522,Enterprise,Annual,27,15,615.0,11.5,42.3,3,2,36.4,40,0,0,1,1,0,0
ACC-10523,Growth,Monthly,10,16,139.0,15.0,76.3,7,1,7.8,27,0,0,0,0,0,0
ACC-10524,Growth,Monthly,12,33,137.1,8.6,46.4,1,1,1.0,67,0,10,0,2,0,0
ACC-10525,Growth,Annual,7,9,117.1,11.4,68.0,1,2,39.0,34,0,10,0,1,0,0
ACC-10526,Starter,Monthly,1,1,24.7,12.2,93.8,6,4,27.1,79,0,20,1,1,0,0
ACC-10527,Starter,Annual,2,4,32.0,0.0,69.5,7,3,1.7,25,0,0,1,3,0,0
ACC-10528,Starter,Monthly,1,1,30.5,15.1,86.2,1,0,23.9,39,1,0,1,1,0,0
ACC-10529,Enterprise,Annual,23,9,503.2,16.1,46.8,0,1,12.1,56,0,20,1,1,0,0
ACC-10530,Growth,Monthly,10,8,139.0,14.2,57.1,1,1,2.8,37,0,0,1,2,0,0
ACC-10531,Enterprise,Annual,30,2,599.1,13.8,47.2,14,0,25.8,48,0,10,1,2,0,0
ACC-10532,Enterprise,Annual,31,25,607.1,21.1,18.5,7,2,8.8,40,0,10,1,1,0,0
ACC-10533,Growth,Monthly,10,14,139.0,11.2,78.5,15,1,48.3,-19,0,0,0,5,0,0
ACC-10534,Growth,Monthly,15,5,159.0,11.4,67.5,7,2,1.0,57,0,0,1,2,0,0
ACC-10535,Enterprise,Monthly,40,26,719.0,7.6,66.0,20,0,55.4,71,0,0,1,3,0,0
ACC-10536,Growth,Annual,5,20,99.2,0.0,82.1,3,1,1.8,25,0,20,0,2,0,0
ACC-10537,Starter,Annual,5,4,30.7,14.2,30.0,5,1,1.0,23,0,20,1,3,0,0
ACC-10538,Growth,Monthly,10,73,139.0,8.2,24.7,6,1,17.4,40,0,0,1,2,0,0
ACC-10539,Starter,Annual,1,4,30.5,0.0,82.3,0,3,18.9,98,0,0,1,3,0,0
ACC-10540,Enterprise,Monthly,21,27,567.0,11.0,53.5,0,2,4.4,20,0,0,0,0,0,0
ACC-10541,Growth,Annual,10,62,139.0,10.9,59.7,1,1,41.7,52,0,0,0,1,0,0
ACC-10542,Starter,Annual,2,23,29.1,10.1,22.7,4,0,32.4,24,0,10,1,1,0,0
ACC-10543,Growth,Monthly,10,20,139.0,12.3,87.4,3,0,6.6,51,0,0,0,3,0,0
ACC-10544,Growth,Monthly,14,42,155.0,2.1,69.8,5,1,11.7,-15,0,0,1,0,0,0
ACC-10545,Starter,Monthly,1,6,24.7,17.4,42.3,10,2,30.6,93,0,20,1,0,0,0
ACC-10546,Starter,Monthly,4,6,35.0,14.1,100.0,10,2,35.8,43,0,0,1,2,0,0
ACC-10547,Growth,Monthly,6,18,103.2,18.9,25.0,23,1,31.8,20,0,20,1,0,0,0
ACC-10548,Growth,Monthly,14,38,155.0,8.2,47.8,5,2,6.2,21,1,0,0,1,0,0
ACC-10549,Growth,Monthly,9,17,125.1,14.1,76.7,3,1,29.0,40,0,10,1,4,0,0
ACC-10550,Growth,Monthly,3,68,111.0,0.3,80.4,2,5,20.0,100,0,0,1,1,0,0
ACC-10551,Enterprise,Monthly,44,5,711.1,6.5,22.2,2,4,14.9,84,0,10,0,1,0,0
ACC-10552,Growth,Monthly,21,31,173.1,3.3,48.8,2,2,66.3,21,0,10,1,0,0,0
ACC-10553,Growth,Monthly,7,47,127.0,13.0,71.4,3,0,18.2,33,0,0,1,2,0,0
ACC-10554,Enterprise,Annual,15,10,439.2,4.9,87.4,0,1,40.6,35,0,20,1,6,0,0
ACC-10555,Starter,Annual,1,59,30.5,8.9,85.6,6,3,27.9,-38,0,0,1,1,0,0
ACC-10556,Starter,Monthly,1,4,24.7,11.5,70.4,5,0,1.0,22,0,20,0,2,0,0
ACC-10557,Starter,Monthly,1,55,27.6,9.0,57.0,4,1,6.2,37,0,10,0,5,0,0
ACC-10558,Growth,Annual,18,42,171.0,3.6,51.1,1,3,18.8,-2,0,0,1,6,0,0
ACC-10559,Growth,Annual,8,1,131.0,21.4,66.0,1,2,11.5,90,0,0,1,1,0,0
ACC-10560,Growth,Monthly,4,13,115.0,12.2,86.5,5,2,62.2,-9,1,0,0,2,0,0
ACC-10561,Starter,Monthly,6,14,38.0,21.4,50.3,0,0,17.5,-6,0,0,0,1,0,0
ACC-10562,Starter,Monthly,3,1,33.5,5.3,49.0,8,0,52.9,54,0,0,0,1,0,0
ACC-10563,Starter,Monthly,1,1,30.5,9.2,80.2,30,1,4.6,40,0,0,1,1,0,0
ACC-10564,Starter,Monthly,4,1,29.2,12.0,78.4,5,3,45.6,14,0,20,1,1,0,0
ACC-10565,Growth,Monthly,8,13,131.0,20.7,44.0,8,2,15.4,65,0,0,0,1,0,1
ACC-10566,Starter,Annual,3,11,30.6,21.4,26.0,3,2,4.8,39,0,10,1,1,0,0
ACC-10567,Starter,Monthly,3,51,33.5,8.9,17.3,7,2,9.9,95,0,0,1,1,0,0
ACC-10568,Enterprise,Monthly,32,8,655.0,7.1,57.9,6,0,69.4,-32,0,0,1,2,0,0
ACC-10569,Starter,Monthly,5,19,36.5,11.5,30.7,10,3,64.1,12,0,0,1,1,0,0
ACC-10570,Growth,Monthly,3,1,81.3,18.7,74.7,7,0,1.0,88,0,30,1,2,0,0
ACC-10571,Growth,Monthly,9,20,125.1,12.3,17.2,8,1,7.3,47,0,10,1,0,0,0
ACC-10572,Starter,Monthly,1,44,30.5,13.4,90.5,5,2,45.9,26,0,0,0,3,0,0
ACC-10573,Growth,Annual,5,8,119.0,18.6,47.6,4,1,1.0,16,0,0,1,4,0,0
ACC-10574,Enterprise,Monthly,18,7,543.0,17.7,37.4,4,1,62.9,42,0,0,0,2,0,0
ACC-10575,Enterprise,Annual,29,18,511.3,17.9,43.1,3,1,9.8,-10,0,30,0,3,0,0
ACC-10576,Starter,Annual,1,7,30.5,15.7,36.0,2,1,2.4,-20,0,0,0,1,0,0
ACC-10577,Enterprise,Monthly,40,9,719.0,20.1,88.3,0,0,7.2,50,0,0,0,0,1,0
ACC-10578,Growth,Monthly,3,6,111.0,4.7,69.8,7,3,33.0,60,0,0,1,1,0,0
ACC-10579,Starter,Monthly,5,8,36.5,25.5,57.1,14,0,129.3,63,0,0,1,3,0,0
ACC-10580,Growth,Annual,12,20,147.0,18.4,28.5,16,1,2.9,15,0,0,0,2,0,0
ACC-10581,Enterprise,Annual,10,46,439.1,11.0,53.8,5,1,20.3,14,0,10,1,1,0,0
ACC-10582,Growth,Annual,18,16,171.0,18.7,38.0,1,1,51.9,30,0,0,1,4,0,0
ACC-10583,Starter,Monthly,2,1,29.1,9.9,2.0,13,0,46.0,-5,0,10,1,5,0,0
ACC-10584,Growth,Annual,13,6,141.1,14.8,39.7,8,2,9.7,53,0,10,1,1,1,0
ACC-10585,Starter,Monthly,4,55,26.3,15.6,68.3,2,0,40.2,20,0,30,1,3,0,0
ACC-10586,Starter,Monthly,2,43,23.3,17.2,45.6,10,0,4.3,28,0,30,1,4,1,0
ACC-10587,Starter,Monthly,1,2,30.5,9.2,51.8,4,0,20.0,24,0,0,1,1,0,0
ACC-10588,Starter,Monthly,1,43,24.7,17.3,77.9,13,1,18.2,48,0,20,1,2,0,0
ACC-10589,Starter,Annual,1,60,21.8,9.3,74.0,2,6,30.5,40,0,30,1,1,1,0
ACC-10590,Starter,Monthly,1,7,24.7,16.4,98.1,10,1,5.2,97,0,20,1,0,0,0
ACC-10591,Growth,Monthly,6,22,123.0,11.9,6.7,7,1,19.8,17,0,0,1,4,0,0
ACC-10592,Starter,Monthly,3,15,33.5,1.1,36.5,0,3,18.9,93,0,0,0,5,0,0
ACC-10593,Starter,Annual,1,7,30.5,7.6,75.0,5,2,1.8,-33,0,0,1,2,0,0
ACC-10594,Enterprise,Annual,39,3,671.1,17.1,64.5,8,1,8.0,47,0,10,1,2,0,0
ACC-10595,Growth,Monthly,5,8,119.0,10.2,57.2,1,1,4.6,-25,0,0,1,1,0,0
ACC-10596,Growth,Monthly,11,47,143.0,19.3,41.7,5,0,156.1,-6,0,0,1,0,1,0
ACC-10597,Starter,Monthly,4,30,35.0,4.7,60.0,2,4,93.3,-4,0,0,1,1,0,0
ACC-10598,Starter,Annual,1,7,30.5,16.2,58.7,7,1,5.8,-7,0,0,1,1,0,0
ACC-10599,Starter,Monthly,5,14,33.6,11.7,14.3,5,3,33.1,9,0,10,0,3,0,0
ACC-10600,Starter,Monthly,1,9,27.6,10.5,59.7,6,1,33.9,100,0,10,1,3,0,0
ACC-10601,Starter,Monthly,1,11,30.5,4.9,43.6,0,2,54.9,-1,0,0,1,2,0,0
ACC-10602,Starter,Monthly,1,26,21.8,13.3,73.5,1,0,2.8,-26,0,30,0,2,0,0
ACC-10603,Starter,Annual,3,14,33.5,5.9,62.6,5,1,22.0,47,0,0,0,5,0,0
ACC-10604,Starter,Monthly,1,4,21.8,8.2,98.0,1,2,4.6,38,0,30,1,3,0,0
ACC-10605,Growth,Monthly,6,6,123.0,11.2,55.0,4,1,21.4,100,0,0,1,4,0,0
ACC-10606,Starter,Monthly,6,15,32.2,9.8,31.0,7,5,41.1,29,0,20,1,0,0,0
ACC-10607,Starter,Monthly,6,21,32.2,18.2,2.0,10,1,1.7,-50,0,20,1,3,1,0
ACC-10608,Growth,Annual,18,13,171.0,0.0,34.4,1,2,20.3,15,0,0,1,2,0,0
ACC-10609,Growth,Monthly,9,17,115.2,10.9,63.3,8,2,15.4,14,0,20,0,4,0,0
ACC-10610,Starter,Annual,2,28,29.1,9.8,68.9,3,1,3.9,-13,0,10,0,2,0,0
ACC-10611,Growth,Annual,9,14,115.2,11.9,41.7,7,1,5.4,10,0,20,0,2,0,0
ACC-10612,Growth,Monthly,5,68,109.1,8.7,45.5,1,0,14.7,25,0,10,1,5,0,0
ACC-10613,Starter,Monthly,2,5,32.0,18.1,56.5,4,1,39.4,28,0,0,1,1,0,0
ACC-10614,Enterprise,Monthly,36,45,687.0,10.5,63.4,11,3,22.5,-18,0,0,1,3,0,0
ACC-10615,Enterprise,Annual,27,5,615.0,12.8,77.4,1,2,1.0,51,0,0,1,3,0,0
ACC-10616,Starter,Monthly,2,14,32.0,17.4,42.1,11,0,2.7,87,0,0,0,4,1,0
ACC-10617,Starter,Monthly,3,11,24.8,12.3,38.7,4,0,42.9,40,0,30,1,4,0,0
ACC-10618,Growth,Monthly,10,8,139.0,4.4,99.5,10,4,21.1,69,0,0,1,3,0,0
ACC-10619,Growth,Annual,7,59,117.1,9.4,94.2,19,4,1.0,36,0,10,0,2,0,0
ACC-10620,Starter,Monthly,3,6,33.5,11.3,43.4,1,0,18.1,-7,0,0,1,2,0,0
ACC-10621,Starter,Monthly,3,20,30.6,2.1,80.1,7,0,3.7,39,0,10,1,2,0,0
ACC-10622,Starter,Monthly,2,29,32.0,7.7,100.0,2,4,50.5,12,0,0,1,2,0,0
ACC-10623,Growth,Monthly,3,4,91.2,11.6,84.0,1,2,2.6,-9,0,20,1,1,0,0
ACC-10624,Growth,Annual,8,65,131.0,24.1,38.2,6,1,1.6,27,0,0,1,2,0,0
ACC-10625,Starter,Monthly,1,14,21.8,14.2,57.3,1,1,20.7,59,0,30,0,3,0,0
ACC-10626,Growth,Annual,12,44,147.0,12.9,16.5,4,2,31.5,18,0,0,1,3,0,0
ACC-10627,Growth,Annual,15,20,159.0,22.1,33.8,6,0,6.4,98,0,0,0,3,0,0
ACC-10628,Starter,Monthly,2,19,32.0,15.5,54.7,4,4,7.2,63,0,0,1,0,0,0
ACC-10629,Starter,Annual,1,8,30.5,16.4,59.8,7,2,8.8,11,0,0,0,0,0,0
ACC-10630,Growth,Monthly,15,27,159.0,9.6,39.8,10,0,29.0,10,0,0,0,4,0,0
ACC-10631,Enterprise,Monthly,45,1,759.0,4.4,2.0,12,2,6.1,100,0,0,1,5,0,0
ACC-10632,Growth,Annual,5,15,119.0,13.6,59.3,5,0,1.8,18,1,0,0,1,0,0
ACC-10633,Growth,Monthly,4,1,95.2,22.9,71.0,2,4,7.4,43,1,20,1,5,0,0
ACC-10634,Starter,Annual,2,7,32.0,21.1,71.9,4,1,67.6,45,1,0,1,3,0,0
ACC-10635,Starter,Monthly,1,2,27.6,15.9,50.5,3,1,11.4,-30,1,10,1,4,0,1
ACC-10636,Growth,Annual,4,44,115.0,7.9,52.0,2,1,16.4,-30,0,0,1,1,0,0
ACC-10637,Starter,Monthly,8,18,38.1,2.7,60.4,5,2,28.7,60,1,10,1,3,0,0
ACC-10638,Starter,Monthly,3,20,33.5,7.1,64.0,0,3,16.4,-7,0,0,0,4,1,0
ACC-10639,Starter,Monthly,2,34,32.0,13.3,52.9,6,1,21.4,30,0,0,1,3,0,0
ACC-10640,Starter,Annual,1,24,30.5,9.2,3.9,10,1,42.5,-23,0,0,1,1,0,0
ACC-10641,Starter,Annual,4,2,32.1,18.0,85.7,45,0,9.3,19,0,10,1,3,0,1
ACC-10642,Starter,Monthly,2,17,23.3,3.1,44.8,15,2,2.4,37,0,30,1,5,1,0
ACC-10643,Starter,Annual,1,69,24.7,11.2,28.1,1,1,2.0,-42,0,20,1,2,0,0
ACC-10644,Starter,Monthly,4,4,29.2,7.4,46.4,1,0,30.5,32,0,20,1,2,0,0
ACC-10645,Enterprise,Monthly,37,17,655.1,17.9,57.5,1,2,21.3,34,0,10,1,3,0,0
ACC-10646,Growth,Annual,6,15,93.3,15.3,41.6,5,1,16.7,14,0,30,0,2,0,0
ACC-10647,Growth,Annual,10,9,129.1,7.0,43.1,0,2,53.2,-9,0,10,0,0,0,0
ACC-10648,Growth,Annual,8,56,121.1,17.1,47.9,17,3,19.7,17,0,10,1,2,0,0
ACC-10649,Growth,Annual,10,8,139.0,2.3,63.0,0,2,1.0,17,0,0,1,6,0,0
ACC-10650,Starter,Monthly,2,2,32.0,1.3,37.4,3,3,12.6,97,0,0,1,0,0,0
ACC-10651,Growth,Annual,6,59,123.0,6.7,62.4,13,0,4.8,26,1,0,1,2,0,0
ACC-10652,Growth,Monthly,11,24,143.0,0.1,24.6,18,1,19.4,14,0,0,1,0,0,0
ACC-10653,Growth,Monthly,12,8,147.0,11.3,99.1,4,0,4.2,26,0,0,1,2,0,0
ACC-10654,Starter,Monthly,2,6,32.0,11.5,78.6,4,2,20.7,45,0,0,1,1,0,0
ACC-10655,Starter,Monthly,1,47,30.5,9.6,49.0,6,1,43.0,44,0,0,1,0,0,0
ACC-10656,Starter,Monthly,3,6,33.5,15.2,62.4,3,0,1.6,46,0,0,1,1,0,0
ACC-10657,Starter,Monthly,5,14,36.5,7.7,29.3,2,3,6.0,51,0,0,1,5,0,0
ACC-10658,Growth,Monthly,8,4,131.0,4.2,67.4,8,1,22.4,-21,0,0,1,1,0,0
ACC-10659,Growth,Monthly,6,96,123.0,7.2,73.6,5,0,24.8,48,0,0,1,4,0,0
ACC-10660,Starter,Monthly,1,26,21.8,4.7,60.9,4,3,17.7,36,1,30,1,3,0,0
ACC-10661,Enterprise,Monthly,23,15,583.0,8.3,74.9,1,0,3.0,8,0,0,0,1,0,0
ACC-10662,Growth,Monthly,14,25,155.0,15.6,54.8,0,0,5.6,34,0,0,0,2,0,0
ACC-10663,Starter,Annual,1,45,24.7,1.5,52.8,4,3,47.6,26,0,20,1,0,0,0
ACC-10664,Starter,Annual,2,59,32.0,10.0,40.5,6,0,34.2,29,1,0,1,0,0,0
ACC-10665,Starter,Annual,1,28,30.5,17.7,67.2,6,1,59.9,36,0,0,1,1,0,0
ACC-10666,Starter,Monthly,2,34,26.2,18.4,36.6,14,3,10.5,-29,1,20,1,4,0,0
ACC-10667,Starter,Annual,3,9,33.5,7.9,64.1,10,3,11.6,39,0,0,1,4,0,0
ACC-10668,Starter,Monthly,5,9,30.7,25.3,61.7,1,1,6.0,53,0,20,0,5,0,0
ACC-10669,Starter,Monthly,3,30,30.6,5.7,84.6,9,2,14.9,39,0,10,0,2,1,0
ACC-10670,Starter,Monthly,6,26,35.1,10.6,67.8,7,2,35.4,5,0,10,1,1,0,0
ACC-10671,Enterprise,Annual,56,42,767.2,5.0,16.4,11,1,5.7,0,0,20,0,2,0,0
ACC-10672,Starter,Monthly,1,3,30.5,14.6,40.4,11,1,3.0,36,1,0,1,2,1,1
ACC-10673,Growth,Monthly,4,21,115.0,28.8,39.8,3,1,27.8,58,0,0,1,1,0,0
ACC-10674,Starter,Monthly,1,19,24.7,23.1,38.9,2,2,23.6,76,0,20,0,2,0,0
ACC-10675,Enterprise,Annual,21,29,447.3,17.1,76.3,5,0,35.3,57,0,30,1,2,0,0
ACC-10676,Starter,Annual,1,1,30.5,8.4,6.5,2,0,27.8,48,0,0,1,5,0,0
ACC-10677,Starter,Monthly,6,32,38.0,11.0,86.3,3,1,10.9,-59,0,0,1,1,0,0
ACC-10678,Enterprise,Monthly,20,7,559.0,18.7,77.0,0,2,3.4,9,0,0,1,1,1,0
ACC-10679,Enterprise,Monthly,62,21,895.0,16.5,59.1,29,0,25.1,41,0,0,1,1,0,0
ACC-10680,Growth,Annual,8,17,131.0,12.5,62.7,2,0,42.1,6,0,0,1,4,0,0
ACC-10681,Starter,Monthly,8,10,38.1,12.9,56.7,9,1,3.3,-3,0,10,1,3,0,0
ACC-10682,Starter,Annual,4,25,35.0,18.3,58.5,30,2,14.6,-7,0,0,1,4,0,0
ACC-10683,Growth,Monthly,9,58,115.2,19.8,79.8,21,3,8.0,92,0,20,1,2,0,0
ACC-10684,Enterprise,Annual,28,7,623.0,3.0,50.1,6,0,14.7,-15,0,0,1,1,0,0
ACC-10685,Growth,Monthly,4,25,85.3,13.4,68.2,5,1,1.0,23,0,30,1,2,1,0
ACC-10686,Growth,Monthly,9,7,125.1,15.5,35.8,2,2,8.7,5,0,10,1,1,0,0
ACC-10687,Starter,Monthly,1,34,30.5,8.8,66.7,12,4,13.2,0,0,0,0,2,1,0
ACC-10688,Growth,Monthly,8,10,131.0,19.7,49.0,2,3,3.3,44,0,0,1,2,0,0
ACC-10689,Starter,Monthly,5,11,36.5,10.3,64.4,1,3,10.5,59,0,0,0,0,0,1
ACC-10690,Starter,Annual,2,27,32.0,19.8,36.0,2,1,3.9,-11,0,0,0,2,0,0
ACC-10691,Starter,Monthly,1,12,27.6,9.8,64.9,2,0,4.9,32,0,10,1,1,0,0
ACC-10692,Growth,Annual,20,6,169.1,13.6,54.0,8,2,76.0,26,0,10,0,3,0,0
ACC-10693,Starter,Annual,1,96,30.5,13.4,89.4,1,1,18.4,14,0,0,1,0,0,0
ACC-10694,Starter,Monthly,7,17,39.5,22.0,60.7,2,2,9.9,-3,0,0,1,2,0,0
ACC-10695,Growth,Annual,4,19,115.0,16.4,65.9,0,2,14.7,69,0,0,0,2,0,0
ACC-10696,Starter,Annual,2,19,32.0,9.3,45.3,11,0,9.7,-6,0,0,1,0,1,0
ACC-10697,Growth,Monthly,12,39,127.2,10.4,61.9,8,2,18.4,-16,0,20,1,3,0,0
ACC-10698,Starter,Annual,2,4,32.0,10.3,65.4,3,0,1.0,68,0,0,1,3,0,0
ACC-10699,Growth,Monthly,15,1,159.0,12.1,47.2,3,1,5.4,37,0,0,0,5,0,0
ACC-10700,Growth,Monthly,13,9,151.0,6.3,45.5,1,2,90.1,-11,0,0,1,2,0,0
ACC-10701,Starter,Annual,2,15,32.0,11.5,37.3,3,0,2.4,27,0,0,1,1,0,0
ACC-10702,Starter,Monthly,2,6,26.2,20.2,53.3,14,1,1.6,8,0,20,1,1,0,0
ACC-10703,Starter,Monthly,6,21,38.0,19.9,40.6,1,1,13.6,82,0,0,1,2,0,0
ACC-10704,Starter,Monthly,6,1,32.2,2.6,61.4,9,0,6.9,22,0,20,1,0,0,0
ACC-10705,Enterprise,Annual,33,28,663.0,1.7,37.6,0,2,15.3,49,0,0,1,3,0,0
ACC-10706,Starter,Annual,1,23,24.7,8.4,52.3,2,2,64.7,29,1,20,1,2,0,0
ACC-10707,Growth,Monthly,7,4,127.0,1.3,34.2,11,1,2.7,80,0,0,1,4,0,0
ACC-10708,Starter,Annual,2,6,26.2,4.4,80.2,4,3,11.6,37,0,20,0,1,0,0
ACC-10709,Growth,Annual,11,30,113.3,14.1,55.5,7,1,28.4,71,0,30,0,3,0,0
ACC-10710,Growth,Monthly,26,27,183.2,11.8,55.4,1,1,3.5,49,0,20,1,1,0,0
ACC-10711,Growth,Monthly,11,30,123.2,1.7,68.1,7,2,24.9,11,0,20,1,1,0,0
ACC-10712,Growth,Annual,7,7,117.1,19.0,94.1,10,0,10.2,30,0,10,0,1,0,0
ACC-10713,Starter,Annual,6,63,29.3,9.5,56.8,10,1,19.4,23,0,30,1,1,0,0
ACC-10714,Starter,Annual,1,23,30.5,8.9,22.2,3,0,14.9,10,0,0,1,3,0,0
ACC-10715,Enterprise,Monthly,31,1,647.0,18.1,81.0,14,0,12.0,-8,1,0,1,2,0,0
ACC-10716,Growth,Monthly,7,12,127.0,14.5,25.1,5,4,13.0,78,0,0,0,6,0,0
ACC-10717,Enterprise,Monthly,22,20,575.0,11.7,44.1,10,0,3.2,-42,0,0,1,3,0,0
ACC-10718,Starter,Monthly,2,3,32.0,9.0,81.2,1,0,11.4,77,0,0,1,1,0,0
ACC-10719,Growth,Monthly,5,42,99.2,15.4,47.6,1,1,28.0,-17,0,20,1,4,1,0
ACC-10720,Enterprise,Annual,30,25,639.0,9.4,42.4,8,0,45.4,49,0,0,1,2,0,0
ACC-10721,Starter,Monthly,3,2,24.8,10.6,61.2,6,1,19.7,10,0,30,1,3,0,0
ACC-10722,Starter,Annual,5,44,36.5,4.9,55.2,7,1,35.1,-28,1,0,1,2,0,0
ACC-10723,Growth,Monthly,12,9,147.0,18.9,39.7,2,4,14.2,70,0,0,1,3,0,0
ACC-10724,Growth,Monthly,13,11,141.1,21.3,74.3,3,2,4.9,-54,0,10,0,6,0,0
ACC-10725,Growth,Monthly,5,28,119.0,13.3,82.0,2,0,25.7,58,0,0,0,6,0,0
ACC-10726,Starter,Monthly,3,19,27.7,9.1,85.5,0,3,24.2,35,0,20,0,1,0,0
ACC-10727,Growth,Monthly,12,10,117.3,17.6,67.1,1,1,1.0,67,0,30,0,5,0,0
ACC-10728,Starter,Annual,7,5,39.5,15.5,39.6,32,1,13.1,52,0,0,1,2,0,0
ACC-10729,Starter,Annual,3,13,27.7,9.3,27.4,2,0,55.2,51,0,20,1,0,0,0
ACC-10730,Starter,Monthly,1,16,21.8,18.9,4.0,1,0,83.2,61,1,30,1,3,0,0
ACC-10731,Growth,Monthly,6,18,123.0,9.5,77.7,7,2,12.2,59,0,0,1,3,1,1
ACC-10732,Growth,Annual,17,17,147.2,4.3,59.3,6,2,25.6,46,0,20,0,5,0,0
ACC-10733,Growth,Monthly,17,17,167.0,11.6,45.8,8,1,1.0,18,0,0,1,2,0,0
ACC-10734,Starter,Monthly,5,12,30.7,18.5,12.5,6,2,6.2,22,0,20,1,4,0,0
ACC-10735,Enterprise,Monthly,43,15,743.0,12.6,29.0,2,1,25.6,34,0,0,1,1,0,0
ACC-10736,Starter,Annual,1,6,30.5,5.0,16.2,4,2,21.2,21,0,0,1,1,0,0
ACC-10737,Growth,Monthly,11,3,143.0,9.6,86.7,1,1,21.6,100,0,0,1,5,1,0
ACC-10738,Starter,Monthly,6,17,38.0,19.2,69.0,2,1,23.8,27,0,0,0,1,0,0
ACC-10739,Starter,Annual,2,1,26.2,13.6,26.3,26,3,11.2,-10,0,20,1,0,1,1
ACC-10740,Growth,Monthly,6,1,123.0,11.9,91.0,8,1,55.6,26,0,0,1,4,0,0
ACC-10741,Starter,Monthly,1,5,30.5,11.2,39.1,9,1,9.1,1,0,0,1,1,0,0
ACC-10742,Growth,Monthly,7,4,127.0,18.5,62.7,0,0,46.5,99,0,0,0,2,0,0
ACC-10743,Growth,Annual,9,8,135.0,18.1,62.7,3,1,1.2,33,0,0,0,2,0,0
ACC-10744,Starter,Monthly,4,8,35.0,3.6,52.9,5,2,37.8,52,0,0,1,4,0,0
ACC-10745,Enterprise,Annual,31,2,607.1,17.6,48.3,1,1,7.2,48,0,10,1,4,0,0
ACC-10746,Starter,Annual,4,5,35.0,15.1,55.7,11,3,21.6,63,0,0,1,1,0,0
ACC-10747,Growth,Monthly,7,1,117.1,21.6,48.8,1,1,1.1,38,0,10,1,0,0,0
ACC-10748,Enterprise,Annual,40,8,679.1,11.6,60.5,6,2,1.7,16,0,10,1,3,0,0
ACC-10749,Growth,Monthly,5,29,109.1,18.8,61.4,5,1,1.2,32,0,10,1,3,0,0
ACC-10750,Starter,Monthly,3,6,30.6,14.8,43.5,11,1,13.3,-13,0,10,1,3,0,0
ACC-10751,Enterprise,Monthly,34,19,591.2,5.3,79.2,2,1,10.8,25,0,20,0,2,0,0
ACC-10752,Growth,Monthly,7,2,127.0,18.1,36.6,2,1,7.7,93,0,0,1,2,0,0
ACC-10753,Starter,Monthly,5,1,30.7,16.9,63.6,11,2,11.8,56,0,20,1,2,0,0
ACC-10754,Starter,Monthly,5,12,36.5,8.1,47.5,2,2,7.5,26,0,0,1,3,0,0
ACC-10755,Growth,Monthly,17,11,167.0,13.7,35.9,8,1,41.0,100,0,0,0,2,0,0
ACC-10756,Growth,Annual,8,4,111.2,24.6,48.9,1,2,16.5,9,0,20,1,5,0,0
ACC-10757,Growth,Monthly,5,6,109.1,9.1,40.5,13,3,7.4,42,1,10,1,4,0,0
ACC-10758,Enterprise,Annual,18,1,543.0,16.4,69.5,11,0,12.1,19,0,0,1,3,0,0
ACC-10759,Growth,Monthly,7,29,127.0,5.4,52.9,9,2,40.4,23,0,0,0,3,0,0
ACC-10760,Starter,Monthly,2,6,23.3,8.6,85.1,4,1,10.5,44,1,30,1,5,0,0
ACC-10761,Starter,Monthly,1,4,30.5,16.9,34.1,0,1,11.1,50,0,0,1,1,0,0
ACC-10762,Starter,Monthly,2,29,32.0,13.5,6.7,1,0,8.2,23,0,0,1,0,0,0
ACC-10763,Growth,Monthly,5,1,119.0,10.8,63.7,4,1,6.0,1,0,0,1,5,1,0
ACC-10764,Starter,Annual,1,6,27.6,22.2,92.9,0,0,12.8,94,0,10,1,2,0,0
ACC-10765,Growth,Annual,14,5,125.3,6.5,65.8,0,1,26.7,34,0,30,0,0,0,0
ACC-10766,Growth,Annual,10,5,139.0,11.1,34.3,1,0,9.2,-6,0,0,1,2,0,0
ACC-10767,Enterprise,Monthly,41,1,727.0,15.0,32.5,2,2,5.1,-6,1,0,0,1,0,0
ACC-10768,Starter,Annual,3,49,33.5,6.8,99.6,8,1,21.6,100,0,0,1,1,0,0
ACC-10769,Growth,Monthly,9,36,135.0,15.1,46.7,0,0,33.1,100,0,0,1,3,0,0
ACC-10770,Starter,Monthly,1,10,21.8,18.4,32.7,25,2,1.0,42,0,30,1,5,0,0
ACC-10771,Growth,Annual,21,11,183.0,11.3,81.2,2,4,20.0,9,0,0,0,2,0,0
ACC-10772,Starter,Annual,2,13,32.0,7.9,51.8,2,4,46.2,42,0,0,1,1,0,0
ACC-10773,Starter,Monthly,4,12,35.0,10.1,10.4,2,1,1.9,19,0,0,1,0,0,0
ACC-10774,Growth,Monthly,7,27,107.2,0.0,100.0,6,1,45.9,50,0,20,1,0,0,0
ACC-10775,Starter,Monthly,4,12,35.0,18.0,67.9,0,1,2.5,42,0,0,1,0,0,0
ACC-10776,Starter,Annual,3,4,30.6,13.6,21.7,1,0,115.1,29,0,10,1,3,0,0
ACC-10777,Growth,Monthly,12,2,147.0,10.9,85.7,1,2,14.3,27,0,0,1,2,0,0
ACC-10778,Growth,Annual,6,45,123.0,2.0,31.9,7,0,26.2,22,0,0,1,3,0,0
ACC-10779,Growth,Monthly,6,1,113.1,18.7,30.6,2,2,1.3,63,0,10,1,2,0,0
ACC-10780,Growth,Monthly,13,41,151.0,9.4,35.4,3,2,2.2,23,0,0,1,0,0,0
ACC-10781,Growth,Monthly,15,21,159.0,15.4,97.7,18,0,66.1,100,0,0,1,1,0,0
ACC-10782,Starter,Monthly,1,9,21.8,11.9,100.0,1,0,89.4,100,0,30,1,2,0,0
ACC-10783,Starter,Monthly,9,4,42.5,2.3,42.9,0,1,6.5,17,0,0,1,1,0,0
ACC-10784,Starter,Annual,2,7,32.0,19.6,92.5,3,4,8.4,17,0,0,1,1,0,0
ACC-10785,Enterprise,Annual,32,14,615.1,18.5,4.7,1,4,1.0,28,0,10,0,1,0,0
ACC-10786,Growth,Annual,10,19,139.0,16.6,75.1,1,0,62.5,8,0,0,1,2,0,0
ACC-10787,Starter,Annual,1,21,21.8,13.9,85.0,3,1,49.9,60,0,30,0,5,0,0
ACC-10788,Growth,Annual,9,11,135.0,4.8,88.1,7,0,2.5,71,0,0,1,3,0,0
ACC-10789,Enterprise,Monthly,29,8,511.3,17.2,56.7,2,2,9.1,75,1,30,1,0,0,0
ACC-10790,Starter,Annual,3,26,33.5,25.2,67.5,13,1,68.0,23,0,0,0,1,0,0
ACC-10791,Growth,Monthly,21,47,153.3,12.7,39.2,3,1,2.7,22,0,30,1,3,0,0
ACC-10792,Growth,Monthly,13,44,151.0,12.8,55.6,16,1,41.4,-40,1,0,1,2,1,0
ACC-10793,Growth,Monthly,15,14,139.2,5.4,51.4,4,3,4.5,7,0,20,1,0,1,0
ACC-10794,Starter,Monthly,1,1,30.5,0.0,50.1,8,1,1.4,-3,1,0,1,3,0,0
ACC-10795,Enterprise,Monthly,27,1,615.0,9.8,80.0,11,3,3.1,-9,1,0,0,4,0,0
ACC-10796,Enterprise,Annual,31,9,527.3,20.9,59.7,5,1,24.7,13,0,30,0,0,0,0
ACC-10797,Growth,Monthly,10,24,109.3,20.1,92.2,11,1,3.0,19,0,30,1,4,0,0
ACC-10798,Growth,Monthly,6,12,113.1,11.6,60.5,3,0,1.0,29,0,10,1,4,0,0
ACC-10799,Enterprise,Monthly,60,18,759.3,14.6,100.0,3,1,29.9,78,1,30,0,1,0,0
ACC-10800,Growth,Monthly,19,33,155.2,4.7,82.0,9,5,21.3,71,0,20,1,2,0,0
ACC-10801,Starter,Monthly,1,1,30.5,12.7,53.1,2,1,42.1,-9,0,0,1,5,0,0
ACC-10802,Growth,Monthly,9,46,115.2,8.9,58.8,8,3,17.2,45,0,20,1,3,0,0
ACC-10803,Growth,Monthly,19,7,175.0,12.3,36.5,0,4,1.0,2,0,0,1,0,0,0
ACC-10804,Starter,Monthly,4,1,26.3,10.4,58.5,6,0,1.0,35,0,30,1,2,0,0
ACC-10805,Growth,Annual,12,32,147.0,10.2,33.4,17,1,30.8,76,0,0,0,4,0,0
ACC-10806,Enterprise,Annual,22,49,535.1,18.0,84.3,4,1,44.1,13,0,10,0,0,0,0
ACC-10807,Enterprise,Monthly,31,26,607.1,23.8,47.4,3,0,32.2,-5,0,10,0,1,0,0
ACC-10808,Growth,Monthly,7,29,117.1,11.0,62.8,5,2,9.4,32,0,10,0,2,0,0
ACC-10809,Starter,Monthly,6,37,38.0,20.5,4.8,8,2,21.7,76,1,0,1,2,0,0
ACC-10810,Enterprise,Annual,40,13,639.2,4.6,49.1,3,1,1.6,100,0,20,0,0,0,0
ACC-10811,Growth,Monthly,7,21,107.2,11.4,46.8,0,1,25.3,8,0,20,0,1,0,0
ACC-10812,Starter,Monthly,2,6,29.1,4.2,75.3,4,3,5.7,35,0,10,1,2,0,0
ACC-10813,Enterprise,Annual,47,5,775.0,10.1,66.5,3,0,54.5,40,0,0,0,0,0,0
ACC-10814,Enterprise,Monthly,18,17,503.1,16.3,77.4,5,0,8.2,-20,1,10,1,2,0,0
ACC-10815,Growth,Monthly,7,24,127.0,18.7,64.7,8,2,8.3,-22,0,0,0,3,0,0
ACC-10816,Growth,Monthly,16,9,163.0,7.3,82.1,2,1,6.7,41,0,0,1,4,0,0
ACC-10817,Starter,Annual,3,9,24.8,14.7,64.2,4,2,20.1,17,0,30,1,1,0,0
ACC-10818,Starter,Annual,4,56,29.2,19.4,24.7,2,1,2.0,-19,0,20,1,2,0,0
ACC-10819,Starter,Annual,2,13,26.2,18.5,53.0,4,1,1.1,54,0,20,0,0,0,0
ACC-10820,Growth,Monthly,6,77,113.1,13.6,54.1,3,0,23.8,32,0,10,1,3,0,0
ACC-10821,Starter,Monthly,3,36,33.5,8.5,2.0,3,1,58.2,30,1,0,1,1,0,0
ACC-10822,Starter,Annual,6,18,38.0,7.9,32.6,5,1,27.2,-8,0,0,1,2,0,0
ACC-10823,Starter,Annual,4,1,29.2,6.9,99.9,7,1,5.7,-30,0,20,1,3,0,0
ACC-10824,Growth,Monthly,11,6,143.0,11.8,49.0,0,3,9.0,9,0,0,1,3,0,0
ACC-10825,Enterprise,Annual,24,10,591.0,7.1,52.7,13,1,4.5,32,0,0,1,5,0,0
ACC-10826,Starter,Monthly,5,19,36.5,16.1,7.1,3,2,23.0,5,0,0,1,2,0,0
ACC-10827,Starter,Monthly,3,9,33.5,13.4,25.4,6,2,5.4,-8,0,0,1,2,0,1
ACC-10828,Growth,Annual,17,32,167.0,13.1,65.7,1,3,16.9,17,0,0,1,3,0,0
ACC-10829,Growth,Monthly,5,20,109.1,1.0,44.8,5,1,36.6,31,0,10,1,1,0,1
ACC-10830,Starter,Annual,1,8,24.7,12.2,30.6,7,1,14.5,80,0,20,0,0,0,0
ACC-10831,Growth,Monthly,15,28,149.1,9.2,83.5,1,2,18.0,35,0,10,1,2,0,0
ACC-10832,Starter,Monthly,5,6,36.5,25.0,39.6,15,0,68.9,-21,0,0,1,4,1,0
ACC-10833,Starter,Annual,3,1,33.5,4.3,26.4,8,2,7.7,-41,0,0,0,1,0,0
ACC-10834,Growth,Annual,13,3,151.0,10.8,55.9,5,5,31.9,-56,0,0,1,1,0,0
ACC-10835,Starter,Monthly,2,1,32.0,14.3,37.1,1,0,23.2,42,0,0,0,1,0,0
ACC-10836,Enterprise,Monthly,42,32,695.1,6.2,37.0,12,0,2.4,-7,0,10,1,2,0,0
ACC-10837,Starter,Annual,2,18,32.0,23.6,53.7,0,0,91.6,47,0,0,1,1,0,0
ACC-10838,Growth,Monthly,7,15,107.2,23.7,40.8,1,0,23.4,71,0,20,1,2,0,0
ACC-10839,Growth,Annual,9,20,125.1,6.8,18.3,7,2,1.0,51,0,10,1,2,0,0
ACC-10840,Starter,Annual,2,19,23.3,8.4,67.3,2,2,25.6,22,0,30,1,2,0,0
ACC-10841,Growth,Monthly,9,15,135.0,24.9,74.1,4,2,2.9,95,0,0,1,1,0,0
ACC-10842,Starter,Monthly,1,33,30.5,20.4,49.5,5,5,6.9,14,0,0,1,1,0,0
ACC-10843,Enterprise,Monthly,39,10,711.0,9.8,68.6,4,0,8.6,-2,0,0,1,2,1,0
ACC-10844,Starter,Annual,1,29,21.8,14.6,46.9,1,0,7.4,42,0,30,0,2,1,0
ACC-10845,Starter,Monthly,3,28,33.5,3.7,13.0,8,3,27.3,57,0,0,1,4,0,0
ACC-10846,Starter,Monthly,3,4,24.8,25.2,74.7,2,2,28.0,-60,0,30,1,3,0,0
ACC-10847,Enterprise,Monthly,22,11,575.0,12.4,52.8,8,0,15.0,69,0,0,1,0,0,0
ACC-10848,Growth,Monthly,9,32,135.0,15.5,58.3,12,0,16.7,-27,0,0,1,1,0,0
ACC-10849,Growth,Monthly,5,32,109.1,6.4,52.7,5,2,7.5,-42,1,10,1,3,0,0
ACC-10850,Starter,Monthly,1,1,30.5,5.2,51.0,7,2,1.0,18,0,0,1,3,1,0
ACC-10851,Growth,Annual,7,5,97.3,14.7,58.1,0,1,8.7,-7,1,30,0,2,0,0
ACC-10852,Starter,Annual,1,10,30.5,23.5,58.5,0,2,1.0,45,0,0,1,0,0,0
ACC-10853,Enterprise,Annual,31,1,607.1,8.8,82.8,1,2,40.0,42,0,10,0,0,0,0
ACC-10854,Starter,Monthly,4,5,35.0,6.1,64.6,3,3,20.5,41,0,0,0,4,0,0
ACC-10855,Starter,Monthly,2,5,32.0,13.8,80.9,1,0,77.5,73,0,0,0,4,0,0
ACC-10856,Starter,Annual,2,4,26.2,21.8,88.2,6,1,4.0,19,1,20,1,2,0,0
ACC-10857,Growth,Monthly,7,9,107.2,8.2,19.5,2,2,21.4,43,0,20,0,1,1,0
ACC-10858,Growth,Annual,11,30,123.2,10.5,83.1,11,3,4.2,-28,0,20,1,2,0,0
ACC-10859,Starter,Annual,2,5,32.0,17.0,69.4,5,2,20.4,64,0,0,0,2,0,0
ACC-10860,Growth,Monthly,22,16,167.2,17.7,65.7,3,4,13.5,12,0,20,1,1,0,0
ACC-10861,Growth,Annual,16,15,163.0,10.3,76.8,13,1,21.9,20,0,0,1,3,0,0
ACC-10862,Growth,Annual,21,31,183.0,18.6,49.2,11,0,25.8,18,0,0,0,4,0,0
ACC-10863,Starter,Monthly,3,9,33.5,15.2,68.3,10,0,14.8,27,0,0,0,1,1,0
ACC-10864,Starter,Monthly,3,5,33.5,12.1,31.7,8,0,13.6,17,0,0,1,4,0,0
ACC-10865,Growth,Monthly,5,40,119.0,17.4,23.9,6,2,1.4,-46,0,0,1,3,0,0
ACC-10866,Starter,Monthly,3,32,33.5,16.6,66.7,3,1,9.0,73,0,0,1,1,0,0
ACC-10867,Starter,Monthly,1,17,30.5,5.7,53.5,3,1,7.2,7,0,0,1,4,0,0
ACC-10868,Enterprise,Monthly,18,2,463.2,20.9,54.9,6,2,19.6,17,0,20,1,2,0,1
ACC-10869,Enterprise,Annual,40,1,679.1,14.1,37.5,1,3,6.5,23,0,10,1,0,0,0
ACC-10870,Starter,Monthly,3,4,33.5,20.3,63.6,11,1,5.3,48,0,0,1,2,0,0
ACC-10871,Starter,Monthly,1,4,30.5,12.3,45.6,17,0,37.8,13,0,0,1,2,0,0
ACC-10872,Growth,Annual,6,3,93.3,13.5,54.0,1,2,35.3,67,0,30,1,4,0,0
ACC-10873,Starter,Monthly,1,5,27.6,14.4,44.3,0,1,8.0,96,0,10,1,4,0,0
ACC-10874,Starter,Annual,3,7,30.6,15.3,37.4,1,1,1.8,87,0,10,0,2,0,0
ACC-10875,Starter,Monthly,1,25,21.8,21.2,50.4,9,3,13.8,39,0,30,1,1,0,0
ACC-10876,Growth,Monthly,5,22,109.1,14.8,81.1,1,3,12.0,10,0,10,1,1,0,0
ACC-10877,Growth,Monthly,14,2,155.0,11.8,44.6,3,0,40.8,9,0,0,1,1,0,0
ACC-10878,Starter,Annual,7,68,39.5,18.1,52.2,0,1,15.8,17,0,0,1,2,0,0
ACC-10879,Starter,Monthly,1,25,30.5,14.6,49.2,3,1,57.2,0,0,0,1,2,0,0
ACC-10880,Starter,Annual,2,3,32.0,29.7,41.0,6,3,13.2,45,0,0,1,2,0,0
ACC-10881,Growth,Monthly,15,2,159.0,13.7,82.0,6,2,22.0,22,0,0,1,6,0,0
ACC-10882,Starter,Monthly,3,2,33.5,19.4,25.0,4,2,13.1,29,0,0,1,2,0,0
ACC-10883,Starter,Monthly,4,24,32.1,17.3,53.1,17,2,7.7,19,0,10,1,2,1,0
ACC-10884,Growth,Annual,4,5,115.0,0.0,36.4,5,1,1.0,46,0,0,1,1,0,0
ACC-10885,Starter,Annual,1,1,27.6,7.6,67.5,12,0,31.5,39,1,10,0,2,0,0
ACC-10886,Growth,Monthly,11,10,143.0,9.4,57.9,30,2,46.7,18,0,0,1,2,0,1
ACC-10887,Starter,Monthly,1,22,30.5,3.0,81.0,2,1,26.5,25,0,0,0,0,0,0
ACC-10888,Starter,Monthly,6,7,29.3,9.6,71.2,2,0,6.4,25,0,30,1,0,0,1
ACC-10889,Starter,Monthly,8,12,41.0,3.8,56.8,4,2,34.0,53,0,0,1,1,0,0
ACC-10890,Growth,Monthly,8,4,121.1,5.3,71.4,1,1,19.0,3,0,10,1,3,0,0
ACC-10891,Enterprise,Annual,32,10,615.1,13.4,73.4,5,1,23.0,14,0,10,1,0,0,0
ACC-10892,Growth,Annual,4,8,115.0,23.5,34.9,7,3,1.4,-36,0,0,1,2,0,0
ACC-10893,Starter,Monthly,2,10,32.0,3.8,72.0,0,2,17.4,-8,0,0,0,1,0,0
ACC-10894,Growth,Monthly,10,11,139.0,4.7,61.5,7,1,16.5,22,0,0,1,2,0,0
ACC-10895,Starter,Annual,3,2,33.5,8.8,65.8,1,2,21.7,15,1,0,1,3,0,0
ACC-10896,Starter,Annual,4,2,35.0,11.1,46.0,2,0,29.5,-39,1,0,1,4,0,0
ACC-10897,Enterprise,Monthly,23,5,543.1,2.7,36.2,8,3,10.4,48,0,10,0,1,0,0
ACC-10898,Starter,Monthly,3,2,30.6,7.8,32.2,1,1,3.4,-1,0,10,1,3,1,0
ACC-10899,Starter,Monthly,4,5,35.0,7.3,2.0,5,0,51.5,-27,0,0,0,5,0,1
ACC-10900,Starter,Monthly,5,1,30.7,13.9,39.4,5,2,30.0,43,0,20,1,3,0,0
ACC-10901,Starter,Monthly,1,8,24.7,14.6,100.0,1,2,15.5,59,0,20,1,0,0,0
ACC-10902,Starter,Monthly,4,4,35.0,11.1,73.1,2,1,8.8,-55,0,0,1,1,0,0
ACC-10903,Growth,Annual,14,40,145.1,9.7,62.0,6,4,82.7,54,0,10,1,2,1,0
ACC-10904,Starter,Monthly,1,35,30.5,7.7,76.1,4,1,2.0,22,0,0,1,1,0,0
ACC-10905,Enterprise,Monthly,56,6,807.1,12.3,49.3,6,3,54.5,21,0,10,1,0,0,0
ACC-10906,Growth,Monthly,7,12,127.0,6.1,46.4,12,0,10.4,-9,0,0,1,2,0,0
ACC-10907,Starter,Annual,3,56,30.6,21.3,48.6,1,1,2.0,25,0,10,1,0,0,0
ACC-10908,Starter,Annual,2,13,29.1,3.0,38.8,0,2,9.5,27,1,10,0,1,0,0
ACC-10909,Starter,Monthly,6,34,38.0,8.1,40.6,7,0,27.7,100,0,0,1,2,0,0
ACC-10910,Growth,Monthly,8,32,131.0,17.2,54.7,9,4,11.1,48,0,0,0,1,0,0
ACC-10911,Starter,Annual,3,51,33.5,9.6,56.4,4,0,13.6,30,1,0,1,3,0,0
ACC-10912,Growth,Monthly,9,7,135.0,16.0,84.2,3,1,34.7,71,0,0,1,2,0,0
ACC-10913,Starter,Monthly,1,1,27.6,22.3,77.5,5,2,19.1,61,0,10,1,2,0,0
ACC-10914,Growth,Monthly,5,2,89.3,17.0,22.3,5,1,22.1,-21,0,30,1,3,0,0
ACC-10915,Starter,Monthly,1,15,30.5,4.8,48.5,4,1,3.3,53,0,0,1,2,0,0
ACC-10916,Starter,Monthly,1,14,24.7,5.1,30.7,10,3,5.8,33,0,20,1,6,0,0
ACC-10917,Enterprise,Annual,63,6,863.1,10.9,2.0,1,1,10.6,5,0,10,1,2,0,0
ACC-10918,Growth,Annual,19,5,155.2,14.7,56.9,7,4,2.3,-6,0,20,1,4,0,0
ACC-10919,Starter,Monthly,5,22,27.8,19.2,67.7,8,4,6.5,25,0,30,1,1,0,0
ACC-10920,Enterprise,Annual,29,7,551.2,7.3,56.6,14,2,35.9,30,0,20,0,2,0,0
ACC-10921,Growth,Monthly,6,17,93.3,9.1,64.6,17,2,1.0,70,0,30,1,0,0,0
ACC-10922,Enterprise,Monthly,35,22,679.0,10.5,47.6,4,1,1.0,-49,0,0,1,5,0,0
ACC-10923,Growth,Monthly,8,10,131.0,10.4,32.4,3,3,23.2,-14,0,0,0,2,0,0
ACC-10924,Starter,Annual,5,4,33.6,21.0,46.9,4,0,9.8,37,0,10,0,4,0,0
ACC-10925,Starter,Monthly,3,35,27.7,11.4,85.1,8,1,29.7,25,0,20,0,1,0,0
ACC-10926,Starter,Monthly,3,2,33.5,12.9,63.2,0,0,53.7,34,0,0,1,0,0,0
ACC-10927,Growth,Annual,11,32,143.0,17.5,21.5,1,1,6.2,14,0,0,0,3,0,0
ACC-10928,Growth,Annual,7,33,127.0,21.5,57.9,14,1,1.0,39,0,0,1,1,0,0
ACC-10929,Starter,Annual,2,15,26.2,11.8,83.0,1,2,12.2,-26,0,20,1,2,0,0
ACC-10930,Starter,Monthly,6,18,35.1,19.6,71.7,2,2,66.6,100,0,10,1,2,0,0
ACC-10931,Growth,Monthly,9,8,125.1,23.0,83.3,17,0,15.8,45,0,10,1,0,0,1
ACC-10932,Enterprise,Monthly,38,33,703.0,11.3,22.3,2,0,9.5,46,0,0,1,2,0,0
ACC-10933,Growth,Monthly,13,6,151.0,8.6,57.8,2,2,16.1,-7,1,0,1,2,0,1
ACC-10934,Starter,Annual,2,15,32.0,25.1,47.3,15,3,3.6,9,0,0,1,4,0,0
ACC-10935,Starter,Monthly,2,1,32.0,18.7,68.1,3,0,27.8,48,0,0,1,2,0,1
ACC-10936,Starter,Monthly,4,51,29.2,12.1,36.3,4,1,22.8,18,0,20,1,4,0,0
ACC-10937,Enterprise,Annual,14,53,471.1,15.9,35.9,5,3,25.8,39,0,10,1,3,0,0
ACC-10938,Starter,Monthly,1,22,30.5,5.7,54.9,12,1,7.2,3,0,0,1,4,0,0
ACC-10939,Growth,Monthly,13,10,131.2,18.7,34.7,0,1,33.6,-17,0,20,0,2,0,0
ACC-10940,Starter,Annual,4,4,35.0,1.2,60.7,2,1,44.7,69,0,0,1,3,0,0
ACC-10941,Growth,Annual,12,12,147.0,18.4,10.1,5,1,62.3,-1,0,0,1,2,0,0
ACC-10942,Growth,Annual,14,28,135.2,7.7,80.9,3,1,20.4,62,0,20,1,1,0,0
ACC-10943,Growth,Monthly,10,17,139.0,2.1,2.0,2,1,8.6,1,0,0,1,3,1,0
ACC-10944,Starter,Monthly,1,13,24.7,0.0,74.9,3,2,9.8,24,0,20,1,4,0,0
ACC-10945,Starter,Annual,2,34,29.1,9.1,42.2,20,0,16.7,16,0,10,0,0,0,0
ACC-10946,Starter,Monthly,5,7,33.6,16.3,23.1,0,0,17.1,23,0,10,0,3,0,0
ACC-10947,Enterprise,Monthly,30,35,639.0,3.7,58.7,1,1,31.4,57,0,0,1,5,0,0
ACC-10948,Enterprise,Annual,48,10,783.0,4.6,74.5,0,0,1.8,87,0,0,1,1,0,0
ACC-10949,Growth,Monthly,3,1,111.0,9.0,80.5,5,1,16.7,23,0,0,0,3,0,0
ACC-10950,Growth,Annual,4,24,85.3,16.8,79.8,0,2,8.6,34,0,30,0,2,0,0
ACC-10951,Growth,Monthly,7,38,127.0,17.6,36.1,4,2,35.9,21,0,0,0,3,0,0
ACC-10952,Starter,Monthly,13,12,45.6,12.8,59.5,12,1,8.7,33,0,10,1,5,0,0
ACC-10953,Enterprise,Monthly,16,11,527.0,17.9,15.9,1,1,12.6,5,0,0,0,2,0,0
ACC-10954,Starter,Annual,4,29,29.2,16.1,56.7,3,3,5.2,-6,0,20,1,1,0,0
ACC-10955,Starter,Monthly,3,39,27.7,9.5,62.4,3,0,7.0,41,0,20,1,4,0,0
ACC-10956,Growth,Monthly,17,66,167.0,17.5,46.7,3,1,16.2,38,1,0,0,1,0,0
ACC-10957,Starter,Annual,7,8,39.5,4.3,14.6,8,0,11.1,70,0,0,1,2,0,0
ACC-10958,Starter,Annual,2,16,32.0,14.9,41.9,0,0,4.5,32,0,0,1,0,1,0
ACC-10959,Growth,Annual,9,31,125.1,5.0,97.0,9,0,12.8,28,0,10,1,1,0,0
ACC-10960,Starter,Monthly,7,14,33.7,12.9,63.6,11,5,3.6,48,0,20,1,1,0,0
ACC-10961,Growth,Monthly,10,11,139.0,19.3,44.3,3,1,42.7,64,0,0,1,2,0,0
ACC-10962,Starter,Annual,5,15,36.5,13.3,51.5,13,0,51.6,24,1,0,1,2,0,0
ACC-10963,Starter,Annual,2,8,32.0,11.9,63.5,3,1,5.1,-60,1,0,1,4,0,0
ACC-10964,Starter,Monthly,4,4,32.1,13.4,20.9,7,0,1.1,-7,0,10,1,1,0,0
ACC-10965,Starter,Monthly,2,1,32.0,16.0,22.1,3,0,52.4,67,0,0,0,2,0,0
ACC-10966,Growth,Annual,7,17,117.1,24.8,38.8,0,1,7.5,90,0,10,0,5,0,0
ACC-10967,Starter,Monthly,4,9,32.1,15.9,43.8,1,2,4.2,77,1,10,0,3,0,0
ACC-10968,Growth,Annual,11,39,123.2,9.0,94.5,4,2,50.3,15,1,20,1,2,0,0
ACC-10969,Growth,Monthly,7,5,117.1,10.7,56.6,28,1,42.8,19,0,10,1,3,0,0
ACC-10970,Growth,Monthly,3,7,111.0,6.6,43.6,1,1,1.1,56,0,0,0,4,0,0
ACC-10971,Enterprise,Annual,25,63,559.1,4.6,56.2,14,3,4.7,51,0,10,1,1,0,0
ACC-10972,Growth,Monthly,9,15,105.3,0.0,10.5,15,0,33.5,-57,1,30,0,0,0,1
ACC-10973,Starter,Monthly,6,8,32.2,9.2,35.1,3,0,6.2,32,0,20,1,2,0,0
ACC-10974,Starter,Monthly,2,36,32.0,3.6,38.5,4,2,22.1,28,0,0,1,2,0,0
ACC-10975,Starter,Monthly,6,24,38.0,12.6,32.5,4,1,1.0,-10,0,0,1,3,0,0
ACC-10976,Growth,Annual,5,15,89.3,8.9,82.2,9,1,36.9,9,0,30,1,1,0,0
ACC-10977,Starter,Annual,2,40,29.1,5.5,69.5,1,2,11.0,39,0,10,1,1,0,0
ACC-10978,Growth,Annual,10,2,119.2,0.0,28.4,2,1,12.7,22,0,20,1,2,0,0
ACC-10979,Growth,Monthly,6,9,93.3,9.9,27.1,1,2,33.0,63,0,30,1,2,0,0
ACC-10980,Starter,Monthly,1,30,30.5,1.5,27.3,13,6,12.1,92,0,0,1,2,1,0
ACC-10981,Growth,Monthly,13,9,131.2,16.2,50.9,0,2,2.2,63,1,20,1,3,0,0
ACC-10982,Starter,Annual,4,47,35.0,13.5,59.4,8,1,14.0,46,0,0,0,2,0,0
ACC-10983,Starter,Annual,1,3,30.5,10.6,64.2,3,2,12.2,25,0,0,1,2,0,0
ACC-10984,Growth,Annual,8,7,131.0,20.7,32.7,8,0,12.0,58,0,0,1,4,0,0
ACC-10985,Growth,Monthly,7,10,127.0,12.1,51.1,13,0,4.3,8,0,0,0,1,0,0
ACC-10986,Growth,Monthly,4,21,115.0,14.3,53.8,2,3,3.6,11,0,0,1,4,1,0
ACC-10987,Starter,Monthly,2,4,29.1,16.1,81.3,2,1,30.1,-13,0,10,0,4,0,0
ACC-10988,Starter,Monthly,2,1,32.0,8.9,72.0,6,2,19.3,-24,0,0,1,4,0,0
ACC-10989,Growth,Monthly,3,68,101.1,8.9,23.4,36,1,1.0,75,0,10,1,1,0,0
ACC-10990,Growth,Annual,10,41,129.1,12.2,13.6,8,1,36.1,39,0,10,1,1,0,0
ACC-10991,Growth,Monthly,16,6,163.0,3.9,52.6,10,2,2.6,49,0,0,1,5,0,0
ACC-10992,Starter,Monthly,3,12,24.8,22.7,41.0,6,2,26.8,26,0,30,1,1,0,0
ACC-10993,Growth,Monthly,13,12,151.0,13.0,33.9,3,3,2.0,96,0,0,0,3,0,0
ACC-10994,Starter,Annual,2,37,32.0,10.8,38.4,6,0,71.1,92,0,0,1,1,0,0
ACC-10995,Starter,Monthly,2,16,32.0,24.5,67.7,1,3,46.2,29,0,0,0,1,0,0
ACC-10996,Enterprise,Annual,29,32,631.0,5.4,21.9,4,2,4.0,29,0,0,1,2,0,0
ACC-10997,Starter,Annual,1,44,30.5,21.2,95.7,5,1,1.0,22,0,0,0,3,0,0
ACC-10998,Enterprise,Monthly,23,15,503.2,16.9,39.2,14,3,1.2,-9,0,20,0,3,0,0
ACC-10999,Starter,Annual,1,6,30.5,18.7,68.9,15,1,33.1,16,0,0,1,0,0,0
ACC-11000,Starter,Monthly,2,12,23.3,10.9,40.3,0,4,1.6,19,0,30,1,3,0,0
ACC-11001,Growth,Monthly,3,34,101.1,12.3,21.6,6,1,30.1,-48,0,10,1,2,0,0
ACC-11002,Enterprise,Annual,26,16,527.2,9.9,51.8,10,2,34.3,-50,0,20,1,5,1,0
ACC-11003,Growth,Annual,21,41,183.0,18.0,27.4,5,1,7.3,28,0,0,1,1,0,0
ACC-11004,Growth,Monthly,16,41,153.1,14.4,58.2,1,1,26.6,59,0,10,0,2,0,0
ACC-11005,Growth,Monthly,10,8,109.3,8.6,54.4,2,2,34.3,3,0,30,0,2,0,0
ACC-11006,Growth,Monthly,4,11,115.0,8.9,39.7,2,2,30.3,91,0,0,1,1,0,0
ACC-11007,Growth,Monthly,9,20,125.1,11.9,58.3,7,1,4.3,20,1,10,0,1,0,1
ACC-11008,Starter,Monthly,5,2,36.5,10.0,77.9,0,1,11.9,0,0,0,1,2,0,0
ACC-11009,Growth,Monthly,7,11,97.3,20.7,52.6,5,0,1.4,-20,0,30,1,3,0,0
ACC-11010,Starter,Monthly,2,3,29.1,16.8,39.0,1,0,14.9,33,0,10,1,1,1,1
ACC-11011,Enterprise,Annual,32,34,655.0,16.8,63.8,3,0,11.7,-40,0,0,1,1,0,0
ACC-11012,Enterprise,Monthly,35,51,679.0,13.4,64.7,3,1,46.6,4,0,0,1,3,0,0
ACC-11013,Starter,Monthly,4,3,29.2,7.0,48.7,4,3,1.0,32,1,20,1,5,0,0
ACC-11014,Growth,Monthly,5,20,119.0,16.2,85.2,7,1,15.1,-19,0,0,1,2,0,0
ACC-11015,Enterprise,Annual,33,18,663.0,0.0,48.4,1,1,26.4,12,0,0,1,2,0,0
ACC-11016,Starter,Monthly,5,26,36.5,13.0,87.7,2,1,12.5,31,1,0,1,2,0,0
ACC-11017,Growth,Monthly,10,21,109.3,7.1,40.6,6,1,5.4,-13,0,30,1,3,0,0
ACC-11018,Enterprise,Monthly,27,4,615.0,6.7,73.7,17,1,18.8,53,0,0,1,2,0,0
ACC-11019,Starter,Annual,3,6,27.7,9.2,50.2,6,0,87.0,63,0,20,1,1,0,0
ACC-11020,Growth,Monthly,6,3,123.0,11.5,60.9,13,2,1.0,-5,0,0,0,3,0,1
ACC-11021,Starter,Annual,3,46,33.5,11.9,10.4,21,1,4.4,23,0,0,1,2,1,0
ACC-11022,Enterprise,Annual,17,13,455.2,16.7,100.0,13,1,13.5,26,0,20,1,3,0,0
ACC-11023,Enterprise,Annual,52,67,815.0,11.0,62.0,21,1,18.2,42,0,0,1,1,0,0
ACC-11024,Enterprise,Annual,25,11,599.0,11.4,77.4,9,1,19.6,20,0,0,1,3,0,0
ACC-11025,Growth,Monthly,12,14,137.1,3.6,24.7,13,0,1.2,5,0,10,1,3,0,0
ACC-11026,Enterprise,Monthly,26,28,567.1,4.4,58.8,4,0,2.6,-7,0,10,1,1,0,0
ACC-11027,Growth,Annual,26,29,193.1,13.7,51.1,3,0,57.9,59,0,10,0,6,1,0
ACC-11028,Starter,Monthly,6,5,38.0,15.8,31.7,49,1,1.6,10,0,0,1,1,0,1
ACC-11029,Growth,Monthly,8,6,121.1,10.4,83.3,1,3,10.9,3,0,10,1,1,0,0
ACC-11030,Starter,Annual,9,2,36.7,17.6,58.2,19,2,17.2,67,0,20,1,3,0,0
ACC-11031,Growth,Monthly,11,29,123.2,3.6,53.8,3,1,7.5,35,0,20,0,1,0,0
ACC-11032,Starter,Monthly,4,28,35.0,14.4,68.7,0,0,5.9,-6,0,0,1,2,0,0
ACC-11033,Starter,Monthly,5,2,36.5,6.9,36.2,10,1,6.9,23,0,0,1,4,0,0
ACC-11034,Starter,Monthly,6,5,38.0,6.4,58.5,4,1,6.6,-4,0,0,0,4,1,0
ACC-11035,Growth,Annual,11,11,123.2,7.4,57.0,10,1,9.5,-11,0,20,0,2,0,0
ACC-11036,Starter,Monthly,1,14,30.5,11.5,58.0,0,2,2.5,11,0,0,1,1,0,0
ACC-11037,Growth,Monthly,5,13,119.0,14.6,77.6,22,3,38.4,23,0,0,1,0,0,1
ACC-11038,Starter,Monthly,2,73,26.2,14.2,45.7,7,1,28.5,8,0,20,1,3,0,0
ACC-11039,Starter,Annual,5,26,30.7,10.3,43.3,0,2,1.0,49,0,20,1,5,0,0
ACC-11040,Growth,Annual,7,2,127.0,15.8,41.5,0,3,28.6,53,0,0,1,1,0,0
ACC-11041,Growth,Monthly,9,6,125.1,22.1,40.6,5,2,35.2,5,0,10,1,3,0,0
ACC-11042,Starter,Annual,1,8,30.5,11.3,79.3,23,1,51.0,24,0,0,0,1,0,0
ACC-11043,Growth,Monthly,8,7,101.3,12.6,53.4,4,2,19.0,14,0,30,0,1,0,0
ACC-11044,Enterprise,Annual,42,28,615.3,8.3,77.5,3,0,38.3,-5,0,30,1,1,0,0
ACC-11045,Growth,Monthly,19,8,145.3,9.6,61.0,17,1,28.5,36,0,30,0,3,0,0
ACC-11046,Starter,Annual,4,12,32.1,19.5,35.8,25,2,1.0,-36,0,10,1,2,0,0
ACC-11047,Starter,Monthly,1,14,30.5,19.6,21.8,9,2,33.3,-4,0,0,1,1,1,0
ACC-11048,Enterprise,Monthly,43,6,703.1,10.8,23.1,8,5,17.4,-11,0,10,1,1,1,0
ACC-11049,Starter,Monthly,3,7,33.5,14.9,35.4,0,1,21.0,-2,0,0,0,3,0,0
ACC-11050,Enterprise,Annual,36,27,687.0,17.5,77.4,2,0,43.2,-8,0,0,1,0,0,0
ACC-11051,Growth,Monthly,7,36,127.0,9.3,83.6,16,1,1.0,-27,1,0,1,1,0,0
ACC-11052,Enterprise,Annual,38,1,623.2,4.2,57.0,3,0,2.3,20,0,20,0,1,0,0
ACC-11053,Growth,Monthly,9,17,115.2,16.1,75.4,2,1,17.1,17,0,20,1,2,0,0
ACC-11054,Enterprise,Monthly,36,18,687.0,17.4,42.8,5,3,10.5,30,0,0,0,2,0,0
ACC-11055,Starter,Monthly,2,24,23.3,16.5,41.2,4,3,10.8,38,0,30,1,0,0,0
ACC-11056,Growth,Annual,9,21,135.0,9.8,72.0,12,0,7.5,44,0,0,1,3,0,0
ACC-11057,Starter,Monthly,4,38,29.2,21.1,58.7,1,1,34.1,2,0,20,1,1,0,0
ACC-11058,Growth,Annual,5,1,109.1,13.7,71.1,6,2,2.2,32,0,10,1,3,0,0
ACC-11059,Growth,Annual,20,9,179.0,5.1,56.1,7,0,15.2,21,0,0,1,3,0,0
ACC-11060,Enterprise,Annual,41,27,607.3,2.4,46.7,13,2,12.3,26,0,30,1,4,0,0
ACC-11061,Enterprise,Monthly,34,34,631.1,10.2,50.3,3,2,16.0,14,1,10,1,3,0,0
ACC-11062,Growth,Annual,7,6,107.2,13.3,61.8,2,0,1.0,2,0,20,0,0,1,0
ACC-11063,Starter,Annual,2,16,32.0,10.3,60.3,6,1,22.4,21,0,0,0,1,0,0
ACC-11064,Starter,Monthly,3,4,33.5,24.0,34.5,8,2,1.0,13,0,0,0,3,0,0
ACC-11065,Growth,Annual,16,34,163.0,14.4,52.3,1,0,15.0,40,0,0,1,3,1,0
ACC-11066,Starter,Monthly,2,24,23.3,6.2,21.5,1,1,6.2,63,0,30,1,2,0,0
ACC-11067,Starter,Monthly,2,5,29.1,0.0,47.3,2,0,7.5,-3,0,10,1,2,0,0
ACC-11068,Starter,Monthly,3,18,27.7,13.4,34.7,2,1,26.8,11,0,20,0,2,0,0
ACC-11069,Starter,Monthly,2,13,29.1,17.9,2.0,8,2,85.2,100,1,10,1,3,0,0
ACC-11070,Starter,Monthly,1,5,30.5,23.2,100.0,5,2,12.9,-34,0,0,1,3,0,0
ACC-11071,Starter,Monthly,6,40,38.0,10.8,38.0,5,1,22.1,-26,0,0,0,0,0,0
ACC-11072,Starter,Annual,2,3,32.0,22.3,34.3,0,0,5.7,67,0,0,0,3,0,0
ACC-11073,Starter,Monthly,2,11,23.3,3.8,90.7,31,1,16.1,97,1,30,1,4,0,0
ACC-11074,Enterprise,Monthly,29,16,631.0,9.9,29.2,11,1,2.1,81,0,0,1,4,0,0
ACC-11075,Starter,Monthly,5,31,36.5,5.9,23.1,4,1,38.0,41,0,0,1,0,1,0
ACC-11076,Starter,Monthly,2,3,26.2,16.8,50.5,0,0,12.2,15,0,20,0,2,0,0
ACC-11077,Growth,Annual,13,17,151.0,4.2,44.1,7,2,9.0,20,0,0,1,3,0,0
ACC-11078,Starter,Monthly,2,1,32.0,14.4,40.9,5,1,14.4,44,0,0,0,4,0,0
ACC-11079,Enterprise,Annual,18,31,543.0,4.5,34.8,7,3,48.8,63,0,0,1,1,0,0
ACC-11080,Growth,Monthly,10,5,139.0,22.5,50.9,7,0,30.0,49,1,0,1,0,0,0
ACC-11081,Starter,Annual,1,23,27.6,9.8,91.0,1,0,3.3,-41,0,10,0,3,0,0
ACC-11082,Starter,Monthly,3,17,30.6,14.3,19.6,2,0,29.2,-11,1,10,0,2,0,0
ACC-11083,Enterprise,Monthly,15,1,479.1,1.3,73.5,0,0,10.0,40,0,10,1,1,0,0
ACC-11084,Enterprise,Annual,37,4,695.0,3.0,88.7,24,1,10.1,-18,0,0,1,1,0,1
ACC-11085,Growth,Monthly,6,6,123.0,7.4,41.2,10,1,28.4,-37,0,0,0,4,1,0
ACC-11086,Growth,Annual,13,39,131.2,17.1,63.3,16,5,12.3,61,0,20,0,6,0,0
ACC-11087,Starter,Annual,2,12,32.0,16.0,52.3,0,0,1.5,39,0,0,0,3,0,0
ACC-11088,Enterprise,Monthly,35,44,639.1,18.5,17.2,4,1,5.7,84,0,10,1,2,0,0
ACC-11089,Starter,Monthly,9,1,33.8,2.9,81.8,8,2,45.0,64,0,30,0,2,0,0
ACC-11090,Enterprise,Monthly,35,1,639.1,15.0,55.8,1,1,17.9,8,1,10,0,2,0,0
ACC-11091,Growth,Annual,3,53,111.0,8.6,43.5,9,1,39.6,39,1,0,1,3,0,0
ACC-11092,Growth,Annual,7,23,127.0,7.2,21.5,6,1,7.3,2,0,0,1,2,0,0
ACC-11093,Growth,Monthly,2,28,107.0,8.8,66.5,25,1,23.4,-26,0,0,1,1,0,0
ACC-11094,Starter,Monthly,3,45,30.6,11.3,58.3,1,2,30.8,72,0,10,1,1,0,0
ACC-11095,Starter,Monthly,3,75,33.5,16.0,68.3,6,0,4.0,23,0,0,1,2,0,0
ACC-11096,Starter,Annual,4,2,29.2,18.7,67.2,18,1,1.0,77,0,20,1,2,0,0
ACC-11097,Starter,Monthly,1,3,30.5,15.1,37.1,8,0,20.1,34,0,0,1,1,0,0
ACC-11098,Growth,Monthly,12,4,147.0,15.8,2.0,2,2,17.2,40,0,0,1,2,0,1
ACC-11099,Starter,Annual,2,31,26.2,22.9,52.6,1,0,1.0,50,1,20,0,3,0,0
ACC-11100,Starter,Monthly,2,8,32.0,16.2,51.1,20,4,10.6,24,0,0,1,2,0,0
ACC-11101,Enterprise,Monthly,38,16,623.2,10.7,58.6,0,1,16.6,22,0,20,1,3,0,0
ACC-11102,Enterprise,Annual,31,35,647.0,15.5,88.4,22,2,4.8,38,0,0,1,2,0,0
ACC-11103,Enterprise,Annual,39,21,711.0,22.2,53.9,2,2,2.0,74,0,0,0,0,1,0
ACC-11104,Enterprise,Monthly,23,1,583.0,6.8,70.2,12,1,32.3,48,0,0,1,1,0,0
ACC-11105,Starter,Monthly,2,11,32.0,9.4,63.3,5,0,51.8,31,0,0,1,1,1,0
ACC-11106,Starter,Monthly,3,1,33.5,20.7,24.5,15,2,11.9,16,0,0,0,3,0,0
ACC-11107,Growth,Monthly,11,12,143.0,10.3,26.6,3,4,2.9,26,0,0,1,1,0,0
ACC-11108,Growth,Annual,3,4,111.0,16.6,80.4,11,1,10.9,0,0,0,0,2,0,0
ACC-11109,Starter,Monthly,7,1,39.5,19.7,35.7,2,0,6.5,-4,0,0,1,1,0,0
ACC-11110,Growth,Annual,8,30,131.0,4.5,63.1,4,1,13.5,22,0,0,1,1,0,0
ACC-11111,Starter,Annual,8,63,41.0,9.5,32.5,11,1,1.0,30,0,0,1,2,0,0
ACC-11112,Starter,Monthly,6,60,38.0,19.2,71.4,1,1,40.3,55,0,0,1,1,0,0
ACC-11113,Growth,Monthly,9,6,135.0,11.2,60.4,8,2,1.2,-10,0,0,1,4,0,0
ACC-11114,Growth,Monthly,4,32,85.3,0.0,48.4,3,1,11.2,30,0,30,0,4,0,0
ACC-11115,Growth,Annual,8,20,131.0,8.9,69.7,4,3,21.6,45,1,0,1,3,0,0
ACC-11116,Starter,Annual,1,29,21.8,16.8,60.7,5,0,21.1,-4,0,30,1,2,0,0
ACC-11117,Enterprise,Monthly,57,34,855.0,19.7,39.1,2,4,7.1,14,0,0,1,1,0,0
ACC-11118,Starter,Annual,1,71,24.7,12.3,55.3,1,2,13.8,57,1,20,1,3,0,0
ACC-11119,Starter,Monthly,4,3,32.1,14.9,69.7,0,0,13.7,28,0,10,0,1,0,0
ACC-11120,Enterprise,Annual,36,26,687.0,9.8,79.4,3,0,2.8,-41,1,0,1,1,0,0
ACC-11121,Enterprise,Monthly,35,24,679.0,17.4,52.2,2,2,9.3,57,0,0,1,5,0,0
ACC-11122,Enterprise,Monthly,30,6,639.0,20.6,94.3,6,0,2.5,33,1,0,0,1,0,0
ACC-11123,Growth,Annual,11,9,143.0,16.6,38.6,8,3,1.2,-26,0,0,1,6,0,0
ACC-11124,Growth,Monthly,18,4,171.0,11.3,20.7,4,2,1.1,-1,0,0,1,3,0,1
ACC-11125,Growth,Monthly,6,44,113.1,14.6,24.0,6,0,11.4,26,0,10,0,3,0,0
ACC-11126,Starter,Monthly,5,38,33.6,17.7,54.8,5,3,26.2,41,1,10,0,2,0,0
ACC-11127,Starter,Monthly,3,17,24.8,12.2,55.3,0,1,83.4,66,0,30,0,2,0,0
ACC-11128,Starter,Monthly,1,13,30.5,16.8,57.8,11,1,16.9,-2,0,0,1,6,0,0
ACC-11129,Starter,Annual,4,5,32.1,14.2,40.3,0,2,7.1,14,0,10,1,1,1,0
ACC-11130,Growth,Monthly,9,28,135.0,20.5,100.0,3,0,4.6,61,1,0,1,3,0,0
ACC-11131,Growth,Monthly,7,1,107.2,16.2,88.2,1,1,23.7,67,0,20,1,2,0,0
ACC-11132,Starter,Annual,1,11,27.6,9.0,29.8,7,0,1.1,19,0,10,0,3,0,0
ACC-11133,Starter,Monthly,5,35,27.8,20.4,52.8,2,0,6.1,11,0,30,1,1,0,0
ACC-11134,Growth,Monthly,3,17,111.0,14.8,56.1,0,2,23.3,47,0,0,1,0,0,0
ACC-11135,Starter,Annual,3,18,33.5,11.2,70.1,0,1,11.8,-42,0,0,1,3,0,0
ACC-11136,Enterprise,Annual,40,1,719.0,3.9,21.5,2,1,13.9,30,1,0,1,0,0,0
ACC-11137,Growth,Annual,2,6,97.1,13.4,17.3,7,2,74.2,29,0,10,1,2,0,1
ACC-11138,Growth,Annual,11,20,113.3,23.0,28.2,8,0,10.4,14,0,30,0,2,0,0
ACC-11139,Growth,Monthly,9,1,135.0,0.0,88.1,1,0,18.1,47,0,0,1,2,0,0
ACC-11140,Growth,Annual,6,7,113.1,0.0,40.6,1,3,131.6,68,0,10,1,1,0,0
ACC-11141,Starter,Monthly,6,8,38.0,16.6,72.8,5,3,23.2,-4,0,0,0,1,0,0
ACC-11142,Growth,Annual,7,12,127.0,13.4,68.0,19,2,14.4,5,0,0,1,1,0,0
ACC-11143,Growth,Monthly,8,8,111.2,16.0,51.0,5,3,7.8,53,0,20,0,2,0,0
ACC-11144,Starter,Annual,5,11,33.6,8.8,73.2,7,0,75.0,-21,0,10,1,0,0,0
ACC-11145,Enterprise,Annual,62,14,815.2,0.0,28.0,5,1,7.0,11,0,20,1,1,1,0
ACC-11146,Growth,Annual,15,2,149.1,7.0,44.6,1,1,2.5,100,1,10,1,2,0,0
ACC-11147,Growth,Monthly,10,4,109.3,21.4,6.2,18,1,52.0,37,0,30,1,3,0,0
ACC-11148,Enterprise,Monthly,20,32,479.2,9.3,57.1,0,0,7.7,20,0,20,1,3,1,0
ACC-11149,Enterprise,Annual,31,11,607.1,9.3,37.6,9,4,17.8,-30,0,10,1,0,1,0
ACC-11150,Growth,Annual,15,8,149.1,0.0,100.0,23,0,20.8,-54,0,10,1,3,0,0
ACC-11151,Growth,Monthly,7,10,117.1,1.2,56.3,2,2,6.0,67,0,10,1,6,0,0
ACC-11152,Growth,Annual,10,3,119.2,18.7,73.0,1,1,11.0,-11,0,20,1,1,0,0
ACC-11153,Growth,Annual,12,5,147.0,10.4,69.4,5,2,3.4,32,0,0,0,1,0,0
ACC-11154,Growth,Monthly,5,13,119.0,17.9,53.3,10,3,43.2,75,0,0,1,3,0,0
ACC-11155,Growth,Annual,8,8,121.1,7.5,76.8,18,2,17.6,13,0,10,0,1,0,0
ACC-11156,Starter,Monthly,3,12,30.6,3.2,55.7,7,0,44.2,14,0,10,1,1,0,0
ACC-11157,Enterprise,Monthly,93,3,1143.0,10.4,65.5,2,0,5.9,54,1,0,1,1,0,1
ACC-11158,Enterprise,Monthly,40,3,719.0,8.6,100.0,4,1,20.1,77,1,0,0,1,0,1
ACC-11159,Starter,Monthly,3,9,33.5,7.0,59.2,9,0,4.9,60,0,0,1,2,0,0
ACC-11160,Growth,Annual,7,9,117.1,7.2,43.4,9,2,6.8,81,0,10,1,3,0,0
ACC-11161,Starter,Monthly,4,39,32.1,11.2,39.4,0,1,9.0,-51,0,10,1,2,0,0
ACC-11162,Starter,Annual,3,1,33.5,9.1,53.2,6,0,15.9,45,0,0,1,2,0,1
ACC-11163,Growth,Annual,5,89,119.0,6.4,57.6,21,3,16.2,75,0,0,0,3,0,0
ACC-11164,Starter,Annual,9,56,42.5,22.8,56.3,9,0,4.5,46,0,0,1,0,1,0
ACC-11165,Growth,Monthly,4,14,115.0,14.7,20.2,0,1,1.0,25,0,0,1,3,0,0
ACC-11166,Growth,Annual,15,23,159.0,13.0,5.2,2,4,29.6,-13,0,0,1,1,0,0
ACC-11167,Growth,Monthly,15,49,159.0,11.6,33.7,4,3,14.9,4,0,0,1,3,0,0
ACC-11168,Starter,Monthly,2,5,32.0,16.0,56.3,7,5,7.5,82,0,0,1,0,0,0
ACC-11169,Starter,Monthly,1,7,21.8,15.2,56.4,5,1,1.1,29,0,30,1,4,0,0
ACC-11170,Growth,Monthly,7,2,117.1,5.8,65.0,0,1,2.2,8,1,10,0,1,0,0
ACC-11171,Enterprise,Annual,19,15,471.2,2.8,63.0,8,0,11.0,-24,0,20,1,2,0,0
ACC-11172,Growth,Monthly,11,3,143.0,0.0,44.0,11,2,13.2,46,0,0,1,5,0,0
ACC-11173,Starter,Annual,3,48,24.8,22.8,32.5,1,1,9.5,2,0,30,1,3,0,0
ACC-11174,Growth,Monthly,6,10,103.2,9.3,66.5,0,2,16.7,29,0,20,1,3,0,0
ACC-11175,Growth,Monthly,17,45,167.0,15.6,60.0,9,2,33.6,90,0,0,1,2,0,0
ACC-11176,Growth,Annual,10,4,139.0,13.2,30.9,6,2,22.6,58,1,0,1,1,0,0
ACC-11177,Starter,Annual,4,21,35.0,17.5,68.7,10,4,40.4,76,0,0,1,2,0,0
ACC-11178,Growth,Monthly,9,19,125.1,11.6,76.1,5,2,19.1,35,0,10,1,2,0,0
ACC-11179,Growth,Monthly,17,9,167.0,4.0,72.4,3,3,2.2,55,0,0,1,3,0,0
ACC-11180,Enterprise,Monthly,33,41,543.3,5.8,76.2,20,1,3.2,77,0,30,1,2,0,0
ACC-11181,Starter,Monthly,1,10,27.6,9.9,38.5,9,1,9.9,1,0,10,0,1,0,1
ACC-11182,Growth,Annual,17,4,167.0,2.5,73.7,3,1,6.7,29,0,0,1,2,0,0
ACC-11183,Enterprise,Annual,19,68,511.1,6.9,51.5,14,2,21.1,6,0,10,1,1,0,0
ACC-11184,Starter,Monthly,9,10,42.5,4.8,100.0,30,1,19.7,9,0,0,1,2,0,0
ACC-11185,Enterprise,Annual,32,4,575.2,10.0,74.7,2,0,12.4,25,0,20,1,3,0,0
ACC-11186,Growth,Monthly,22,8,167.2,9.0,64.4,13,1,20.6,-3,0,20,0,1,0,1
ACC-11187,Starter,Monthly,6,17,29.3,12.7,92.8,0,0,48.4,17,0,30,1,0,1,0
ACC-11188,Starter,Monthly,1,13,30.5,17.1,43.9,1,0,13.5,54,0,0,1,3,0,0
ACC-11189,Growth,Annual,15,18,159.0,10.5,67.1,1,3,8.5,27,0,0,1,3,0,0
ACC-11190,Starter,Monthly,4,20,35.0,3.0,100.0,3,1,12.9,3,0,0,0,2,0,0
ACC-11191,Growth,Monthly,7,2,117.1,0.0,72.9,5,2,3.1,58,0,10,1,1,0,0
ACC-11192,Starter,Monthly,4,7,35.0,13.0,58.3,8,2,2.0,-2,0,0,1,2,0,0
ACC-11193,Growth,Monthly,9,25,135.0,8.0,49.1,14,0,10.6,-9,0,0,1,4,1,0
ACC-11194,Starter,Annual,1,19,24.7,11.1,33.7,1,3,51.4,72,1,20,0,1,0,1
ACC-11195,Enterprise,Monthly,46,2,687.2,14.0,48.6,5,0,39.7,60,0,20,0,2,0,0
ACC-11196,Enterprise,Monthly,39,7,671.1,20.7,37.0,5,2,22.7,18,0,10,1,4,0,0
ACC-11197,Enterprise,Annual,22,48,575.0,1.5,49.9,4,0,25.4,96,1,0,1,1,0,0
ACC-11198,Growth,Annual,7,36,127.0,5.9,52.6,7,2,39.4,10,0,0,1,0,0,0
ACC-11199,Starter,Annual,1,20,27.6,11.5,76.8,4,1,49.4,54,1,10,1,1,0,0
ACC-11200,Growth,Monthly,11,1,133.1,5.2,46.0,5,4,21.5,-25,0,10,1,1,0,0
ACC-11201,Starter,Monthly,6,17,38.0,3.1,41.9,14,1,9.8,-6,0,0,0,1,0,0
ACC-11202,Starter,Monthly,6,1,35.1,19.9,74.5,12,1,3.2,66,0,10,0,3,0,1
ACC-11203,Starter,Monthly,3,19,33.5,5.7,70.3,5,1,1.0,80,0,0,1,0,0,0
ACC-11204,Growth,Annual,15,24,149.1,4.1,49.6,1,1,20.9,25,0,10,1,2,0,0
ACC-11205,Growth,Monthly,7,12,127.0,5.1,68.2,19,1,10.1,100,0,0,1,2,0,0
ACC-11206,Growth,Monthly,9,1,105.3,18.5,49.2,6,1,1.7,76,0,30,1,3,0,0
ACC-11207,Starter,Monthly,1,20,30.5,7.8,50.3,10,1,6.5,6,0,0,1,2,0,0
ACC-11208,Starter,Monthly,6,31,35.1,3.7,89.2,0,0,12.6,17,0,10,1,1,0,0
ACC-11209,Enterprise,Annual,30,16,639.0,7.0,52.0,14,1,30.6,-19,0,0,0,2,0,0
ACC-11210,Starter,Monthly,3,22,27.7,11.7,46.1,7,2,7.6,15,0,20,1,1,0,0
ACC-11211,Growth,Monthly,4,2,85.3,17.4,55.4,7,1,21.4,38,0,30,1,2,0,0
ACC-11212,Starter,Monthly,5,23,36.5,16.8,11.8,1,2,1.0,31,0,0,1,2,0,0
ACC-11213,Growth,Monthly,8,17,131.0,7.3,51.3,7,1,65.6,31,0,0,1,3,0,0
ACC-11214,Growth,Monthly,5,7,119.0,8.8,60.6,0,1,71.3,65,0,0,1,0,0,0
ACC-11215,Starter,Annual,5,21,27.8,24.6,98.6,0,4,15.0,36,0,30,1,0,0,0
ACC-11216,Starter,Monthly,2,19,26.2,18.0,57.0,2,2,21.4,54,0,20,1,4,0,0
ACC-11217,Growth,Annual,13,16,121.3,10.5,64.6,0,1,28.9,46,0,30,0,1,0,0
ACC-11218,Growth,Annual,13,4,131.2,0.0,62.6,1,1,70.4,40,0,20,1,4,0,0
ACC-11219,Starter,Annual,5,6,33.6,9.2,100.0,8,1,15.7,62,1,10,1,1,0,0
ACC-11220,Enterprise,Annual,53,86,823.0,4.0,77.1,11,0,28.2,58,0,0,1,2,0,0
ACC-11221,Starter,Monthly,2,10,26.2,6.8,23.1,1,1,4.3,-9,0,20,1,2,0,0
ACC-11222,Starter,Monthly,1,1,27.6,6.2,82.0,10,5,3.3,94,0,10,0,2,0,1
ACC-11223,Enterprise,Monthly,33,41,663.0,10.6,34.2,4,1,24.9,34,0,0,1,1,0,0
ACC-11224,Starter,Annual,2,3,32.0,12.4,40.6,19,0,51.5,-3,0,0,0,1,1,0
ACC-11225,Growth,Annual,17,9,137.3,7.6,26.4,1,0,16.8,28,0,30,1,0,0,0
ACC-11226,Starter,Annual,3,6,33.5,4.3,95.1,0,1,15.3,39,0,0,1,4,0,0
ACC-11227,Starter,Monthly,1,60,24.7,10.9,81.1,11,1,16.9,51,0,20,1,1,0,0
ACC-11228,Enterprise,Annual,30,9,559.2,9.0,82.1,3,1,42.3,64,0,20,1,4,0,0
ACC-11229,Starter,Monthly,5,22,36.5,0.6,77.8,4,1,32.2,57,0,0,1,2,0,1
ACC-11230,Enterprise,Monthly,42,16,615.3,15.6,70.2,4,4,32.4,94,0,30,0,4,0,0
ACC-11231,Starter,Monthly,4,1,35.0,7.6,48.0,10,0,2.3,34,0,0,0,1,0,0
ACC-11232,Starter,Monthly,3,9,30.6,10.4,59.5,0,3,28.5,24,0,10,1,0,0,0
ACC-11233,Starter,Monthly,1,9,30.5,10.7,43.6,5,1,29.2,-21,0,0,0,2,0,0
ACC-11234,Growth,Monthly,19,83,175.0,11.9,36.3,3,2,2.8,64,1,0,1,1,1,0
ACC-11235,Starter,Monthly,2,30,29.1,12.9,40.9,2,1,12.8,51,0,10,1,2,0,0
ACC-11236,Enterprise,Annual,41,35,647.2,4.2,100.0,3,4,2.1,10,0,20,1,1,0,0
ACC-11237,Growth,Annual,4,7,105.1,13.9,46.6,16,0,10.1,39,0,10,1,3,0,0
ACC-11238,Enterprise,Annual,31,7,607.1,9.9,77.0,2,1,20.5,30,0,10,1,2,1,0
ACC-11239,Starter,Monthly,3,13,33.5,18.5,100.0,4,3,4.9,36,0,0,1,3,0,0
ACC-11240,Enterprise,Annual,21,18,567.0,16.9,72.2,4,2,2.8,20,0,0,1,1,0,0
ACC-11241,Growth,Annual,5,23,109.1,19.9,37.7,8,0,20.3,34,0,10,1,1,0,0
ACC-11242,Growth,Monthly,4,31,115.0,6.4,38.8,4,1,35.1,-23,1,0,1,1,0,0
ACC-11243,Growth,Monthly,7,37,127.0,19.7,57.6,6,3,3.4,16,0,0,1,4,0,0
ACC-11244,Growth,Monthly,8,1,131.0,12.6,100.0,3,1,46.9,41,0,0,1,0,0,0
ACC-11245,Growth,Monthly,4,29,105.1,16.1,86.3,8,0,26.7,5,1,10,1,0,0,0
ACC-11246,Starter,Annual,5,17,36.5,16.0,66.8,4,1,22.7,44,1,0,1,4,1,0
ACC-11247,Starter,Annual,1,14,30.5,14.8,50.5,2,3,2.6,100,0,0,1,3,0,0
ACC-11248,Enterprise,Monthly,55,18,799.1,5.5,63.3,10,0,53.1,-10,1,10,1,3,0,0
ACC-11249,Growth,Annual,4,38,105.1,17.7,59.2,9,0,12.8,-34,0,10,1,4,1,0
ACC-11250,Growth,Annual,7,14,127.0,14.1,59.0,6,0,15.3,72,0,0,0,3,0,0
ACC-11251,Growth,Annual,13,3,151.0,3.2,35.7,4,2,14.4,100,0,0,1,1,0,0
ACC-11252,Starter,Monthly,5,10,30.7,9.1,35.3,1,1,15.1,43,0,20,1,2,0,1
ACC-11253,Starter,Annual,2,46,32.0,4.7,62.2,12,0,34.6,30,0,0,0,5,0,0
ACC-11254,Growth,Monthly,16,30,133.3,3.4,29.5,1,3,2.1,7,0,30,1,4,0,0
ACC-11255,Starter,Monthly,1,4,30.5,17.1,41.2,3,2,13.2,49,0,0,0,0,0,0
ACC-11256,Starter,Monthly,1,23,30.5,3.1,55.7,11,1,19.0,29,0,0,1,1,0,0
ACC-11257,Growth,Monthly,13,5,151.0,4.1,62.3,5,0,2.5,60,0,0,1,3,0,0
ACC-11258,Starter,Annual,2,8,23.3,23.9,79.5,3,0,17.4,-30,0,30,1,2,0,0
ACC-11259,Growth,Monthly,14,11,135.2,9.3,27.4,9,1,14.2,41,0,20,1,2,0,0
ACC-11260,Starter,Monthly,3,10,30.6,15.9,27.5,27,1,5.0,1,0,10,0,0,0,1
ACC-11261,Growth,Monthly,6,1,103.2,18.7,83.7,1,0,6.0,63,0,20,1,0,0,0
ACC-11262,Starter,Annual,2,27,32.0,16.6,91.9,0,2,1.8,-10,0,0,0,1,0,0
ACC-11263,Growth,Monthly,12,34,117.3,12.9,32.0,4,0,24.4,52,0,30,0,0,0,0
ACC-11264,Starter,Annual,1,14,30.5,11.8,36.4,2,3,3.2,10,0,0,1,1,0,0
ACC-11265,Starter,Monthly,1,3,30.5,15.2,67.0,7,1,31.1,15,0,0,1,6,0,0
ACC-11266,Starter,Monthly,2,5,26.2,10.7,56.1,4,0,44.1,60,0,20,1,2,0,0
ACC-11267,Growth,Monthly,11,2,133.1,16.2,56.2,4,1,5.5,2,0,10,0,1,0,0
ACC-11268,Growth,Monthly,4,3,95.2,10.4,37.8,3,2,6.0,-23,1,20,1,1,1,0
ACC-11269,Starter,Monthly,1,38,30.5,11.1,70.8,1,2,2.6,33,0,0,1,0,0,0
ACC-11270,Growth,Monthly,10,12,139.0,23.3,49.8,1,2,15.6,7,0,0,1,1,0,0
ACC-11271,Enterprise,Annual,37,2,655.1,9.1,49.1,3,1,66.6,-18,0,10,1,5,0,0
ACC-11272,Growth,Annual,17,5,157.1,12.1,30.1,7,3,5.6,42,0,10,1,2,0,0
ACC-11273,Starter,Monthly,4,54,32.1,14.6,72.4,2,1,3.5,40,0,10,1,0,0,0
ACC-11274,Growth,Monthly,10,13,139.0,15.0,47.0,2,2,18.6,34,0,0,1,2,0,0
ACC-11275,Starter,Annual,1,13,27.6,13.8,54.0,3,1,38.8,48,0,10,1,6,0,0
ACC-11276,Starter,Monthly,3,13,24.8,4.5,81.2,28,0,40.8,-40,0,30,1,3,0,0
ACC-11277,Enterprise,Monthly,30,2,599.1,13.0,32.0,1,3,8.5,3,0,10,1,2,1,0
ACC-11278,Starter,Annual,4,63,35.0,13.5,53.1,2,2,30.9,40,0,0,1,2,0,0
ACC-11279,Growth,Annual,8,2,131.0,18.8,20.7,2,5,17.9,66,0,0,0,1,0,0
ACC-11280,Growth,Monthly,13,22,131.2,16.4,43.5,22,1,26.4,38,0,20,0,3,0,0
ACC-11281,Growth,Monthly,3,1,111.0,19.2,83.3,3,1,22.6,71,0,0,1,3,0,0
ACC-11282,Growth,Monthly,14,11,155.0,6.0,21.1,5,2,2.7,6,0,0,1,3,0,0
ACC-11283,Starter,Annual,5,41,33.6,6.0,60.2,1,5,8.8,8,0,10,1,5,0,0
ACC-11284,Starter,Monthly,2,26,32.0,14.0,90.3,0,2,28.8,17,1,0,1,7,1,0
ACC-11285,Growth,Monthly,3,7,111.0,18.8,67.1,2,2,28.5,27,0,0,1,2,0,0
ACC-11286,Starter,Monthly,4,14,32.1,10.8,42.2,6,2,2.6,-32,0,10,1,5,0,0
ACC-11287,Starter,Monthly,2,3,32.0,7.6,30.5,7,3,12.4,29,0,0,1,4,0,0
ACC-11288,Starter,Annual,3,56,33.5,2.4,12.5,8,1,40.6,29,0,0,1,2,0,0
ACC-11289,Starter,Annual,2,22,29.1,14.2,89.4,12,1,31.4,9,0,10,1,3,0,0
ACC-11290,Starter,Annual,9,8,42.5,11.3,45.7,1,0,17.4,3,1,0,0,2,0,0
ACC-11291,Starter,Monthly,3,7,33.5,9.4,15.4,1,2,4.6,40,1,0,0,3,0,1
ACC-11292,Growth,Monthly,14,5,145.1,17.4,32.5,9,2,7.8,51,0,10,1,6,0,0
ACC-11293,Growth,Monthly,13,28,121.3,11.5,31.3,3,2,21.2,35,0,30,1,2,0,0
ACC-11294,Growth,Monthly,19,10,175.0,12.0,44.1,18,2,30.4,35,0,0,1,2,0,0
ACC-11295,Starter,Annual,6,7,38.0,17.4,100.0,17,2,19.0,29,0,0,1,0,0,0
ACC-11296,Starter,Monthly,5,42,33.6,25.1,75.3,1,0,10.1,31,0,10,1,1,1,0
ACC-11297,Starter,Monthly,1,3,27.6,9.3,65.7,7,1,17.2,54,0,10,1,2,0,0
ACC-11298,Growth,Monthly,11,6,113.3,6.7,81.3,0,1,1.0,87,0,30,1,1,1,0
ACC-11299,Growth,Annual,19,8,145.3,6.1,95.3,3,1,26.6,82,0,30,1,1,0,0
ACC-11300,Starter,Monthly,3,5,33.5,14.9,66.6,11,2,37.2,-8,0,0,1,4,0,0
ACC-11301,Enterprise,Monthly,29,16,591.1,5.5,86.7,4,0,1.0,-44,0,10,1,2,0,0
ACC-11302,Starter,Monthly,3,17,27.7,9.8,40.9,0,1,10.2,49,0,20,1,3,0,0
ACC-11303,Growth,Annual,13,1,141.1,10.3,36.0,2,2,37.8,31,0,10,0,4,0,0
ACC-11304,Growth,Monthly,5,3,99.2,21.3,32.3,1,1,18.2,28,1,20,1,2,0,0
ACC-11305,Enterprise,Annual,26,4,607.0,19.2,61.5,3,1,13.2,43,0,0,1,1,0,0
ACC-11306,Growth,Annual,6,1,113.1,2.8,2.0,7,2,1.8,21,0,10,0,0,0,1
ACC-11307,Growth,Monthly,8,2,131.0,21.5,84.1,6,1,26.7,-27,0,0,0,1,0,1
ACC-11308,Starter,Annual,3,5,33.5,4.7,44.1,8,2,23.4,-10,0,0,0,3,1,0
ACC-11309,Growth,Monthly,15,8,159.0,13.0,73.2,3,4,17.8,-8,0,0,0,2,0,0
ACC-11310,Starter,Annual,1,28,27.6,7.0,24.4,2,1,1.2,53,1,10,1,1,1,0
ACC-11311,Enterprise,Monthly,46,4,767.0,9.7,79.4,0,2,20.6,96,0,0,0,2,0,0
ACC-11312,Growth,Monthly,5,20,99.2,6.1,85.4,17,3,1.1,14,0,20,1,4,0,0
ACC-11313,Growth,Monthly,24,1,195.0,22.1,57.3,1,1,34.5,100,1,0,1,0,0,0
ACC-11314,Growth,Monthly,5,19,119.0,11.2,66.6,1,3,40.7,-36,1,0,1,4,1,0
ACC-11315,Growth,Annual,14,29,155.0,13.4,32.4,0,0,15.1,12,0,0,1,2,0,0
ACC-11316,Growth,Monthly,13,17,121.3,5.6,56.0,2,2,37.7,36,0,30,0,3,0,0
ACC-11317,Growth,Annual,8,4,101.3,3.5,76.4,10,1,10.2,-59,0,30,1,1,0,0
ACC-11318,Starter,Monthly,1,7,27.6,9.3,48.3,2,1,6.9,83,0,10,1,3,0,0
ACC-11319,Starter,Annual,1,29,30.5,15.1,88.6,7,0,13.2,6,0,0,1,1,0,0
ACC-11320,Starter,Monthly,9,10,42.5,11.3,15.8,20,1,16.4,31,0,0,1,2,0,1
ACC-11321,Starter,Monthly,1,5,21.8,17.8,47.8,13,1,29.1,46,0,30,1,1,0,0
ACC-11322,Enterprise,Monthly,25,49,519.2,12.7,12.7,1,3,18.4,-26,0,20,1,3,0,0
ACC-11323,Starter,Annual,2,18,29.1,12.0,62.0,3,3,38.7,100,0,10,1,2,0,0
ACC-11324,Enterprise,Monthly,39,29,591.3,15.2,50.3,8,1,54.9,35,1,30,1,3,1,0
ACC-11325,Starter,Monthly,5,1,33.6,12.6,51.1,23,2,14.8,18,0,10,0,1,0,1
ACC-11326,Starter,Monthly,3,7,33.5,17.7,71.3,8,3,25.3,-9,0,0,0,4,0,0
ACC-11327,Growth,Annual,19,11,165.1,15.3,48.8,2,0,13.1,37,0,10,0,3,0,0
ACC-11328,Growth,Monthly,14,16,155.0,17.5,100.0,1,1,47.3,-25,0,0,1,2,1,0
ACC-11329,Growth,Monthly,7,4,117.1,16.3,72.8,4,2,1.0,35,0,10,1,2,0,0
ACC-11330,Growth,Monthly,10,12,109.3,20.2,55.7,1,2,25.4,79,0,30,1,2,0,0
ACC-11331,Growth,Annual,15,21,159.0,17.0,40.2,2,1,13.7,71,0,0,0,2,0,0
ACC-11332,Starter,Annual,5,8,36.5,22.5,35.0,6,1,1.3,11,0,0,0,0,0,0
ACC-11333,Enterprise,Monthly,31,21,647.0,8.8,64.6,4,2,27.4,20,0,0,1,1,0,0
ACC-11334,Enterprise,Monthly,35,9,679.0,17.0,43.4,1,2,10.0,49,0,0,1,4,0,0
ACC-11335,Growth,Monthly,9,11,135.0,3.7,76.8,1,2,15.0,71,0,0,0,2,1,1
ACC-11336,Starter,Monthly,3,3,30.6,17.7,53.2,0,1,25.0,84,1,10,0,1,0,0
ACC-11337,Growth,Monthly,12,19,137.1,12.3,53.3,1,0,5.8,87,0,10,0,2,0,0
ACC-11338,Starter,Annual,2,5,32.0,17.6,57.5,13,0,6.8,-3,0,0,1,1,0,0
ACC-11339,Starter,Monthly,1,32,21.8,22.1,51.7,9,3,8.8,56,0,30,0,2,0,0
ACC-11340,Starter,Annual,1,15,27.6,16.8,61.1,3,1,27.5,-18,0,10,1,0,0,0
ACC-11341,Growth,Monthly,9,15,135.0,9.5,100.0,8,4,80.1,14,0,0,1,1,0,0
ACC-11342,Enterprise,Annual,36,44,687.0,5.5,66.9,3,3,9.0,-11,0,0,1,2,0,0
ACC-11343,Growth,Monthly,12,3,147.0,15.2,64.3,9,3,18.9,-10,0,0,0,3,0,0
ACC-11344,Growth,Monthly,12,14,147.0,10.3,72.3,1,1,7.8,38,0,0,0,2,1,1
ACC-11345,Starter,Monthly,1,9,30.5,16.0,52.6,1,4,41.9,6,0,0,1,0,1,0
ACC-11346,Starter,Monthly,1,61,27.6,9.0,33.8,0,2,54.8,40,0,10,1,3,0,0
ACC-11347,Starter,Monthly,4,28,35.0,6.4,2.0,2,0,4.2,-12,0,0,0,1,0,0
ACC-11348,Enterprise,Annual,66,26,927.0,10.5,9.9,1,2,21.2,47,0,0,1,1,0,0
ACC-11349,Starter,Annual,7,4,39.5,15.0,71.5,10,0,47.3,15,1,0,0,3,0,0
ACC-11350,Enterprise,Monthly,39,5,591.3,12.7,63.1,2,2,12.9,20,0,30,0,1,0,0
ACC-11351,Growth,Monthly,9,1,125.1,7.1,51.7,4,1,8.2,-16,0,10,1,0,0,0
ACC-11352,Starter,Monthly,3,18,33.5,22.8,100.0,8,0,47.2,66,0,0,0,2,1,0
ACC-11353,Growth,Monthly,6,8,123.0,11.2,54.2,7,1,6.0,35,0,0,1,2,0,0
ACC-11354,Growth,Monthly,15,7,139.2,0.0,3.0,1,0,4.6,49,1,20,0,1,0,0
ACC-11355,Enterprise,Annual,25,18,599.0,17.6,71.5,0,2,42.5,-15,0,0,0,3,0,0
ACC-11356,Enterprise,Annual,30,32,639.0,11.9,80.5,15,0,20.1,54,0,0,1,2,0,0
ACC-11357,Starter,Annual,1,3,27.6,11.0,70.8,6,0,4.1,31,0,10,1,3,1,0
ACC-11358,Starter,Monthly,1,45,27.6,10.9,80.9,7,1,20.6,13,0,10,1,1,0,0
ACC-11359,Growth,Annual,15,1,159.0,10.9,16.3,3,1,41.8,78,0,0,1,2,0,0
ACC-11360,Enterprise,Annual,14,2,431.2,22.0,57.1,2,1,1.9,44,1,20,1,7,0,0
ACC-11361,Starter,Monthly,3,33,33.5,14.8,36.7,5,1,5.9,46,0,0,1,4,0,0
ACC-11362,Growth,Monthly,23,12,191.0,13.6,66.5,0,0,18.5,-39,0,0,0,1,0,0
ACC-11363,Growth,Annual,7,50,127.0,10.4,88.4,10,1,2.4,68,0,0,1,1,0,0
ACC-11364,Growth,Monthly,4,11,85.3,22.4,46.9,6,1,47.2,46,0,30,1,2,0,0
ACC-11365,Starter,Monthly,4,47,35.0,17.1,69.3,9,1,18.0,73,0,0,1,0,0,0
ACC-11366,Growth,Monthly,13,5,151.0,17.9,35.7,5,0,17.6,9,0,0,1,2,0,1
ACC-11367,Enterprise,Monthly,19,17,551.0,13.7,54.6,5,2,1.2,5,0,0,1,3,0,0
ACC-11368,Starter,Monthly,2,94,32.0,18.0,43.7,6,2,10.9,87,0,0,1,1,1,0
ACC-11369,Starter,Annual,3,8,30.6,14.4,94.6,9,3,4.3,64,0,10,1,4,1,0
ACC-11370,Enterprise,Annual,53,1,823.0,9.8,31.2,2,0,33.1,-20,0,0,1,2,0,0
ACC-11371,Starter,Annual,3,1,33.5,14.2,56.9,7,1,8.2,31,0,0,1,3,0,0
ACC-11372,Enterprise,Monthly,44,35,711.1,24.6,85.1,5,2,10.3,66,0,10,1,2,0,0
ACC-11373,Growth,Annual,11,12,143.0,13.2,12.2,4,2,20.5,36,0,0,0,1,0,0
ACC-11374,Starter,Monthly,5,14,27.8,19.6,64.5,5,1,25.3,11,0,30,1,0,0,0
ACC-11375,Enterprise,Monthly,36,29,687.0,19.1,57.4,2,1,31.2,7,0,0,1,3,0,0
ACC-11376,Starter,Monthly,5,30,36.5,15.4,40.0,0,3,3.8,32,0,0,1,3,0,0
ACC-11377,Growth,Monthly,8,12,131.0,21.9,81.8,9,2,6.1,66,0,0,0,4,0,0
ACC-11378,Starter,Monthly,4,35,29.2,0.0,92.8,15,1,1.9,-5,0,20,1,0,0,0
ACC-11379,Growth,Monthly,16,11,163.0,1.0,69.5,4,0,38.8,-45,0,0,1,5,0,0
ACC-11380,Starter,Monthly,1,20,27.6,22.4,48.5,11,3,7.6,16,0,10,0,3,0,0
ACC-11381,Starter,Monthly,1,1,27.6,8.1,23.2,5,2,2.7,46,0,10,1,3,0,0
ACC-11382,Enterprise,Annual,26,3,487.3,12.7,59.0,16,0,7.5,54,0,30,1,3,0,0
ACC-11383,Starter,Monthly,4,34,35.0,22.5,51.6,4,2,1.2,-5,0,0,0,3,0,0
ACC-11384,Growth,Annual,5,7,109.1,13.2,53.0,1,0,36.2,39,0,10,1,3,0,0
ACC-11385,Starter,Monthly,1,7,27.6,22.1,44.1,12,0,6.8,8,0,10,1,1,0,0
ACC-11386,Growth,Monthly,2,20,107.0,9.7,42.1,10,1,8.6,56,0,0,0,3,1,0
ACC-11387,Starter,Annual,4,16,29.2,15.7,55.6,3,3,56.4,25,1,20,1,3,0,0
ACC-11388,Enterprise,Monthly,37,2,695.0,12.3,27.9,11,3,4.2,59,0,0,1,1,0,0
ACC-11389,Growth,Monthly,7,26,127.0,20.9,77.8,0,3,4.6,32,0,0,1,1,0,0
ACC-11390,Starter,Annual,6,17,38.0,10.4,38.2,10,2,16.4,48,0,0,1,3,0,0
ACC-11391,Starter,Monthly,1,35,30.5,6.2,57.5,7,0,71.7,15,0,0,1,3,0,0
ACC-11392,Starter,Annual,2,14,26.2,9.2,47.9,3,0,46.3,5,0,20,0,2,0,0
ACC-11393,Growth,Monthly,9,10,105.3,9.5,69.3,9,1,18.0,20,0,30,0,1,0,0
ACC-11394,Starter,Monthly,6,8,35.1,8.1,68.1,1,3,33.5,52,0,10,0,4,1,0
ACC-11395,Growth,Monthly,12,1,147.0,7.9,66.2,1,0,13.4,100,0,0,1,3,0,0
ACC-11396,Starter,Monthly,7,1,39.5,18.7,29.3,5,0,11.4,74,0,0,1,2,0,0
ACC-11397,Starter,Annual,1,3,30.5,20.4,50.8,13,2,10.2,83,0,0,0,1,1,0
ACC-11398,Growth,Annual,16,48,153.1,14.4,90.2,1,0,12.1,26,1,10,0,1,0,0
ACC-11399,Growth,Monthly,6,38,103.2,8.1,47.5,5,3,24.5,11,0,20,1,2,0,0
ACC-11400,Starter,Monthly,4,12,35.0,8.5,78.1,8,1,34.5,-47,0,0,1,1,0,0
ACC-11401,Starter,Annual,5,4,36.5,0.0,54.8,8,1,17.2,9,0,0,1,3,0,0
ACC-11402,Starter,Monthly,3,3,33.5,14.3,48.2,6,2,40.6,-18,0,0,0,2,0,0
ACC-11403,Growth,Monthly,6,5,103.2,7.9,59.1,17,2,20.4,57,0,20,0,2,0,0
ACC-11404,Growth,Monthly,14,43,135.2,20.8,36.7,4,1,32.5,23,1,20,0,1,0,0
ACC-11405,Growth,Monthly,12,13,147.0,3.7,74.8,13,0,23.4,-16,0,0,1,2,0,1
ACC-11406,Growth,Annual,8,29,131.0,8.4,36.2,6,0,29.7,49,0,0,1,0,0,0
ACC-11407,Growth,Annual,11,13,133.1,11.4,67.2,8,0,1.0,41,0,10,1,2,0,0
ACC-11408,Growth,Monthly,14,17,155.0,14.8,78.7,4,3,40.4,-10,0,0,1,0,0,0
ACC-11409,Enterprise,Monthly,20,17,559.0,22.8,64.4,1,2,43.4,83,0,0,1,2,0,0
ACC-11410,Starter,Monthly,4,1,29.2,3.8,42.5,1,0,36.8,4,0,20,1,2,0,0
ACC-11411,Starter,Monthly,1,11,30.5,10.2,59.1,7,2,26.2,51,0,0,0,3,0,0
ACC-11412,Starter,Monthly,2,36,32.0,3.4,38.8,3,0,31.0,26,0,0,0,3,0,0
ACC-11413,Starter,Annual,3,12,33.5,16.7,50.4,5,1,4.0,88,0,0,1,3,0,0
ACC-11414,Growth,Monthly,11,10,123.2,8.1,43.5,8,4,1.0,62,0,20,0,1,0,0
ACC-11415,Enterprise,Monthly,31,13,647.0,11.4,38.3,9,1,6.8,-8,0,0,1,1,0,0
ACC-11416,Starter,Monthly,3,9,30.6,11.0,68.9,4,1,11.7,94,0,10,0,3,0,0
ACC-11417,Starter,Monthly,8,13,41.0,12.7,76.6,2,1,6.3,-14,1,0,1,2,0,0
ACC-11418,Growth,Monthly,8,3,131.0,11.1,78.2,9,1,40.9,-7,0,0,1,1,0,0
ACC-11419,Enterprise,Annual,38,62,703.0,6.2,60.3,3,3,66.7,87,0,0,1,4,0,0
ACC-11420,Starter,Monthly,1,1,21.8,12.5,87.3,17,0,29.5,29,0,30,1,4,0,0
ACC-11421,Growth,Annual,9,12,115.2,7.2,40.1,10,3,12.9,41,0,20,1,1,0,0
ACC-11422,Starter,Monthly,2,4,32.0,16.9,83.3,8,1,3.2,45,0,0,0,5,0,0
ACC-11423,Starter,Monthly,5,1,36.5,12.3,75.0,2,0,41.1,-8,0,0,0,1,0,0
ACC-11424,Enterprise,Monthly,45,19,719.1,5.8,55.9,3,1,36.9,96,0,10,1,3,0,0
ACC-11425,Enterprise,Monthly,16,76,527.0,26.4,59.9,11,1,3.5,100,0,0,1,4,0,0
ACC-11426,Starter,Monthly,6,25,32.2,22.0,77.8,0,2,1.0,-35,0,20,1,1,0,0
ACC-11427,Enterprise,Monthly,58,5,863.0,26.7,69.6,9,2,45.8,14,0,0,1,1,0,0
ACC-11428,Growth,Annual,11,12,123.2,9.9,60.8,3,2,34.5,54,0,20,1,2,0,0
ACC-11429,Enterprise,Annual,20,1,559.0,7.0,45.1,10,1,54.4,26,0,0,0,5,0,0
ACC-11430,Growth,Monthly,10,14,129.1,16.8,34.7,5,0,8.9,11,0,10,0,0,0,0
ACC-11431,Growth,Monthly,23,2,191.0,18.6,57.4,4,3,21.5,50,0,0,0,6,0,0
ACC-11432,Growth,Monthly,8,28,131.0,13.2,29.8,7,3,39.9,53,0,0,1,2,0,0
ACC-11433,Growth,Monthly,4,1,115.0,0.0,71.1,10,1,8.4,89,0,0,0,2,0,0
ACC-11434,Starter,Monthly,3,1,33.5,6.1,16.0,7,2,12.9,-31,0,0,1,6,0,0
ACC-11435,Starter,Annual,3,36,33.5,14.5,61.8,4,1,15.2,-5,1,0,1,3,1,0
ACC-11436,Starter,Monthly,2,51,29.1,8.0,48.9,2,0,1.0,4,0,10,1,5,0,0
ACC-11437,Growth,Monthly,15,2,159.0,3.8,45.3,11,1,35.2,100,0,0,0,0,0,1
ACC-11438,Starter,Monthly,4,6,35.0,10.5,48.9,4,4,57.6,83,0,0,0,2,1,1
ACC-11439,Growth,Monthly,7,24,127.0,0.0,2.0,9,1,10.8,40,0,0,0,2,0,0
ACC-11440,Enterprise,Annual,12,14,495.0,8.4,45.3,33,0,18.9,27,0,0,0,2,0,0
ACC-11441,Starter,Monthly,1,54,30.5,9.4,35.9,6,1,15.6,45,0,0,0,7,0,0
ACC-11442,Growth,Monthly,5,9,119.0,13.9,36.2,2,2,8.6,71,0,0,1,1,0,0
ACC-11443,Starter,Annual,5,1,36.5,15.3,100.0,12,2,1.7,21,0,0,1,2,0,0
ACC-11444,Enterprise,Monthly,27,1,575.1,14.3,24.4,2,0,14.7,40,0,10,1,0,0,0
ACC-11445,Starter,Annual,5,15,36.5,17.4,63.7,2,3,5.6,18,0,0,0,3,0,0
ACC-11446,Growth,Monthly,9,25,135.0,11.0,37.5,0,1,21.1,-19,0,0,0,4,0,0
ACC-11447,Growth,Monthly,7,28,127.0,3.3,34.9,0,2,15.4,-33,0,0,0,1,0,0
ACC-11448,Enterprise,Annual,42,44,735.0,12.3,25.4,12,2,17.9,6,0,0,1,4,0,0
ACC-11449,Growth,Monthly,3,5,111.0,6.7,79.8,2,2,18.4,17,0,0,1,1,0,1
ACC-11450,Growth,Monthly,5,24,119.0,3.9,81.5,1,4,43.4,45,0,0,1,1,0,0
ACC-11451,Growth,Monthly,10,32,139.0,15.5,41.4,3,2,3.2,39,0,0,1,1,0,0
ACC-11452,Enterprise,Monthly,29,33,551.2,3.5,75.1,8,3,32.8,-19,0,20,0,4,0,0
ACC-11453,Growth,Annual,12,10,147.0,16.1,32.2,2,1,61.9,30,1,0,1,1,0,0
ACC-11454,Starter,Annual,4,18,35.0,4.2,46.2,2,2,25.6,11,0,0,1,2,0,0
ACC-11455,Enterprise,Annual,40,14,639.2,10.3,69.9,4,2,3.0,21,0,20,0,0,0,0
ACC-11456,Growth,Annual,11,16,133.1,8.6,33.0,0,0,38.0,33,0,10,0,2,0,0
ACC-11457,Growth,Monthly,5,6,89.3,18.8,38.7,4,2,31.4,75,0,30,1,3,0,0
ACC-11458,Starter,Monthly,1,21,27.6,15.6,55.5,28,3,39.7,14,0,10,1,1,0,0
ACC-11459,Growth,Monthly,4,22,105.1,7.1,55.8,10,1,13.3,89,0,10,0,0,0,0
ACC-11460,Starter,Monthly,7,4,39.5,11.1,31.3,0,0,34.3,-16,0,0,1,4,0,0
ACC-11461,Growth,Monthly,13,11,141.1,20.0,100.0,6,0,3.3,-1,1,10,1,2,0,0
ACC-11462,Starter,Annual,1,10,27.6,21.0,36.4,4,0,17.2,27,1,10,0,3,0,0
ACC-11463,Growth,Monthly,13,25,151.0,3.8,76.0,11,0,16.0,-11,0,0,1,3,0,0
ACC-11464,Enterprise,Monthly,21,20,567.0,19.9,68.1,1,0,45.4,-16,0,0,1,3,0,0
ACC-11465,Starter,Monthly,5,12,33.6,19.4,37.3,2,0,39.7,33,0,10,1,2,0,0
ACC-11466,Enterprise,Annual,31,19,647.0,13.1,65.2,9,2,25.2,-16,0,0,1,4,0,0
ACC-11467,Starter,Annual,3,5,33.5,11.5,36.5,11,0,3.8,-4,0,0,1,3,0,0
ACC-11468,Enterprise,Annual,34,5,671.0,8.7,56.6,5,1,32.9,27,0,0,1,0,0,0
ACC-11469,Growth,Monthly,11,5,143.0,4.5,73.1,0,2,19.1,90,0,0,0,1,0,0
ACC-11470,Growth,Annual,7,1,107.2,14.0,42.7,13,0,33.9,23,0,20,1,1,0,0
ACC-11471,Growth,Monthly,16,21,153.1,11.0,64.1,3,1,55.7,35,0,10,0,3,0,0
ACC-11472,Enterprise,Annual,27,77,615.0,14.6,42.3,0,2,12.0,-10,0,0,1,0,0,0
ACC-11473,Starter,Monthly,4,7,35.0,14.8,58.9,10,1,27.3,-7,0,0,0,2,0,0
ACC-11474,Starter,Monthly,4,48,35.0,27.1,57.3,3,0,72.2,-50,0,0,1,3,0,0
ACC-11475,Growth,Monthly,13,17,141.1,19.2,46.9,1,2,4.8,-4,0,10,1,2,0,0
ACC-11476,Growth,Annual,22,5,187.0,15.3,14.7,10,4,37.5,57,1,0,0,3,0,1
ACC-11477,Growth,Monthly,9,1,135.0,0.0,72.2,4,0,3.1,10,0,0,1,0,0,0
ACC-11478,Growth,Annual,8,23,121.1,14.4,98.8,6,4,1.0,35,0,10,0,1,0,0
ACC-11479,Starter,Monthly,1,21,27.6,21.5,58.1,10,2,37.5,38,0,10,0,2,0,0
ACC-11480,Growth,Monthly,11,5,123.2,9.4,41.5,4,0,64.3,56,0,20,0,4,0,0
ACC-11481,Starter,Monthly,5,7,36.5,25.1,59.6,1,1,1.0,88,0,0,0,1,0,0
ACC-11482,Growth,Monthly,2,41,87.2,15.3,80.2,20,1,37.2,51,0,20,1,5,0,0
ACC-11483,Starter,Monthly,2,3,26.2,13.8,83.1,2,6,24.0,22,0,20,1,2,0,1
ACC-11484,Starter,Monthly,3,32,33.5,6.1,75.1,31,2,24.1,58,0,0,1,3,0,0
ACC-11485,Starter,Annual,1,3,27.6,21.0,64.8,0,0,12.3,41,0,10,1,1,0,0
ACC-11486,Starter,Monthly,2,12,26.2,7.0,69.9,4,1,10.8,-48,0,20,1,1,1,1
ACC-11487,Growth,Annual,8,12,131.0,8.6,57.6,7,1,9.3,-12,0,0,0,1,0,0
ACC-11488,Starter,Monthly,1,11,30.5,0.7,34.0,14,0,9.6,22,0,0,1,4,0,0
ACC-11489,Starter,Annual,6,6,29.3,17.4,46.7,9,4,55.3,10,0,30,1,1,0,0
ACC-11490,Starter,Monthly,3,5,24.8,15.5,47.9,2,0,33.8,26,0,30,1,1,0,0
ACC-11491,Starter,Monthly,4,24,32.1,12.1,61.4,2,1,7.5,-55,0,10,1,2,0,0
ACC-11492,Starter,Monthly,2,6,26.2,16.4,16.2,3,2,27.0,59,1,20,1,3,0,0
ACC-11493,Starter,Monthly,1,17,30.5,15.9,66.2,1,2,21.4,28,0,0,0,1,0,0
ACC-11494,Growth,Annual,15,34,159.0,9.8,10.7,7,3,37.4,73,0,0,1,3,0,0
ACC-11495,Growth,Monthly,4,33,85.3,7.3,64.0,17,2,1.9,31,1,30,1,1,0,0
ACC-11496,Growth,Monthly,6,3,103.2,1.7,80.7,6,1,24.1,37,0,20,0,3,0,1
ACC-11497,Growth,Annual,7,19,127.0,10.9,74.7,5,4,5.6,-6,0,0,1,2,0,0
ACC-11498,Starter,Monthly,3,17,33.5,4.2,35.3,4,0,5.5,-12,1,0,1,2,0,0
ACC-11499,Enterprise,Annual,60,6,839.1,13.0,68.7,5,4,24.5,35,0,10,0,1,0,0
ACC-11500,Growth,Monthly,8,9,131.0,11.0,70.5,7,0,45.1,30,0,0,1,3,0,0
ACC-11501,Growth,Annual,10,6,139.0,9.6,92.5,10,0,14.5,-27,1,0,1,0,0,0
ACC-11502,Starter,Monthly,4,14,35.0,18.3,63.0,7,1,12.5,63,0,0,1,6,0,0
ACC-11503,Starter,Monthly,3,29,24.8,6.1,77.6,7,1,33.8,32,0,30,1,2,0,0
ACC-11504,Starter,Monthly,2,38,32.0,0.9,45.4,18,1,1.0,12,0,0,1,1,0,0
ACC-11505,Starter,Annual,4,23,35.0,10.6,36.3,14,2,24.6,0,0,0,1,3,0,0
ACC-11506,Growth,Monthly,10,12,139.0,7.6,74.0,10,0,1.2,56,1,0,1,2,0,0
ACC-11507,Growth,Monthly,17,57,167.0,12.7,74.3,0,1,5.6,6,0,0,1,1,0,0
ACC-11508,Growth,Annual,14,15,155.0,6.5,41.0,7,2,22.0,38,0,0,1,1,0,0
ACC-11509,Growth,Annual,9,12,125.1,14.5,28.3,4,1,9.6,24,0,10,1,3,0,0
ACC-11510,Growth,Annual,7,35,127.0,6.2,57.7,6,2,7.0,11,0,0,1,2,1,0
ACC-11511,Growth,Annual,8,4,121.1,6.1,56.0,7,4,14.0,-15,0,10,1,2,0,0
ACC-11512,Enterprise,Monthly,25,3,599.0,15.7,60.1,8,3,37.9,76,0,0,0,3,1,1
ACC-11513,Starter,Monthly,2,27,26.2,11.7,74.5,12,1,11.1,-5,0,20,1,3,0,0
ACC-11514,Starter,Annual,3,37,24.8,4.9,77.6,14,4,15.2,0,1,30,1,1,0,0
ACC-11515,Starter,Annual,5,1,36.5,6.3,55.2,6,1,3.4,77,0,0,1,2,0,0
ACC-11516,Growth,Monthly,15,26,129.3,9.8,33.1,13,1,11.8,26,0,30,1,1,0,0
ACC-11517,Enterprise,Monthly,43,10,703.1,5.1,39.0,9,1,1.0,41,0,10,1,0,0,0
ACC-11518,Starter,Annual,1,22,27.6,10.3,41.9,1,1,36.4,83,0,10,0,6,0,0
ACC-11519,Enterprise,Monthly,28,3,623.0,10.5,52.4,0,3,4.6,82,0,0,1,2,0,0
ACC-11520,Starter,Monthly,5,65,36.5,6.5,43.7,0,1,50.5,11,0,0,0,1,1,0
ACC-11521,Enterprise,Monthly,21,38,447.3,15.9,49.6,5,1,8.9,70,0,30,1,4,0,0
ACC-11522,Starter,Monthly,1,9,21.8,5.9,56.6,4,0,36.1,-26,0,30,0,3,0,0
ACC-11523,Starter,Annual,11,40,39.7,19.5,40.9,7,4,9.9,-32,0,20,1,1,0,0
ACC-11524,Growth,Monthly,9,41,135.0,10.7,62.1,11,3,3.3,32,0,0,1,1,0,0
ACC-11525,Starter,Annual,2,11,32.0,8.0,95.2,1,1,14.0,27,0,0,1,3,0,0
ACC-11526,Starter,Monthly,1,53,30.5,15.2,51.3,12,2,6.0,53,0,0,1,1,0,0
ACC-11527,Starter,Monthly,1,68,30.5,12.2,40.0,1,2,7.8,49,0,0,1,2,1,0
ACC-11528,Growth,Annual,8,4,131.0,16.6,61.7,13,3,7.6,54,1,0,1,3,0,0
ACC-11529,Growth,Monthly,3,1,91.2,0.0,37.5,11,1,8.5,86,0,20,1,2,0,0
ACC-11530,Starter,Monthly,1,7,30.5,15.1,51.8,7,0,13.8,99,0,0,0,3,0,0
ACC-11531,Growth,Monthly,8,12,101.3,8.9,40.1,2,1,2.7,61,0,30,1,3,0,0
ACC-11532,Growth,Monthly,14,2,145.1,12.2,31.5,1,1,6.0,29,0,10,0,1,0,0
ACC-11533,Starter,Monthly,4,3,35.0,11.5,35.7,9,2,20.0,23,0,0,1,0,0,0
ACC-11534,Starter,Annual,3,64,30.6,20.1,40.5,1,0,28.2,29,1,10,1,3,0,0
ACC-11535,Starter,Annual,3,24,24.8,0.8,32.1,3,1,5.6,10,0,30,0,3,0,0
ACC-11536,Starter,Annual,4,37,32.1,21.7,83.1,5,2,6.1,62,1,10,1,1,0,0
ACC-11537,Growth,Monthly,10,64,139.0,16.2,64.5,7,0,13.0,66,0,0,1,4,0,0
ACC-11538,Starter,Monthly,9,9,42.5,12.9,75.7,4,0,79.4,8,0,0,1,1,0,0
ACC-11539,Growth,Monthly,11,21,133.1,3.4,25.1,7,0,16.0,24,0,10,1,4,0,0
ACC-11540,Growth,Monthly,5,4,89.3,2.0,48.5,10,0,33.6,-32,0,30,1,1,0,0
ACC-11541,Starter,Monthly,2,14,32.0,8.6,64.2,7,1,50.2,27,1,0,0,2,0,0
ACC-11542,Growth,Monthly,6,4,113.1,15.8,91.4,2,0,20.3,31,0,10,0,3,1,0
ACC-11543,Starter,Annual,1,3,30.5,12.0,38.4,13,4,14.6,-9,0,0,1,2,0,0
ACC-11544,Enterprise,Monthly,24,2,551.1,15.5,26.7,5,0,28.9,12,0,10,1,2,0,0
ACC-11545,Growth,Monthly,4,16,105.1,3.2,59.2,4,1,7.7,-10,0,10,1,2,0,0
ACC-11546,Growth,Annual,14,54,155.0,12.3,40.2,5,2,72.0,-25,0,0,0,3,0,0
ACC-11547,Growth,Monthly,19,2,165.1,18.6,92.5,4,3,12.9,82,0,10,1,0,0,0
ACC-11548,Starter,Annual,1,13,30.5,20.7,66.9,8,3,52.7,-25,0,0,1,1,0,0
ACC-11549,Growth,Annual,18,21,171.0,4.5,48.7,3,1,28.5,34,0,0,0,1,0,0
ACC-11550,Enterprise,Annual,25,12,519.2,9.9,48.8,9,3,4.8,64,0,20,1,0,0,0
ACC-11551,Growth,Monthly,9,44,135.0,10.0,52.2,9,0,5.0,80,0,0,1,3,0,0
ACC-11552,Growth,Annual,11,3,143.0,8.2,14.9,2,1,8.6,-7,0,0,1,4,0,0
ACC-11553,Enterprise,Monthly,33,1,623.1,17.4,55.9,1,1,9.3,75,0,10,1,0,0,0
ACC-11554,Starter,Annual,2,9,32.0,29.2,44.3,11,2,1.0,36,0,0,0,4,0,0
ACC-11555,Starter,Monthly,4,15,35.0,5.3,68.9,1,1,38.7,50,0,0,0,2,0,0
ACC-11556,Growth,Monthly,14,5,135.2,14.5,35.3,0,0,5.5,92,0,20,1,0,0,0
ACC-11557,Starter,Monthly,1,3,30.5,13.8,70.0,3,0,34.8,51,1,0,1,0,0,0
ACC-11558,Growth,Monthly,22,29,167.2,13.9,66.9,2,1,13.2,-2,0,20,0,0,0,1
ACC-11559,Enterprise,Annual,27,4,615.0,20.0,58.5,1,1,17.9,-42,1,0,0,3,0,0
ACC-11560,Starter,Annual,1,11,30.5,14.2,82.6,1,1,15.4,52,0,0,1,3,0,0
ACC-11561,Starter,Annual,1,56,30.5,0.0,13.5,8,2,57.9,44,0,0,0,2,0,0
ACC-11562,Growth,Monthly,12,17,147.0,3.4,64.8,9,3,10.8,2,0,0,1,4,0,0
ACC-11563,Starter,Annual,1,12,30.5,5.6,54.0,0,1,9.8,36,0,0,1,2,1,0
ACC-11564,Growth,Monthly,8,8,131.0,7.5,53.4,5,0,19.1,-17,0,0,1,3,0,0
ACC-11565,Starter,Annual,2,13,29.1,11.2,33.4,1,5,9.6,43,0,10,1,1,0,0
ACC-11566,Growth,Annual,4,24,95.2,10.7,23.8,4,1,18.7,-17,1,20,1,1,0,0
ACC-11567,Starter,Monthly,4,31,35.0,1.1,74.6,3,1,17.0,72,0,0,1,1,0,0
ACC-11568,Growth,Annual,20,19,179.0,2.3,72.3,1,2,29.8,100,0,0,0,0,0,1
ACC-11569,Growth,Monthly,9,28,125.1,0.0,94.6,18,2,92.0,40,0,10,1,4,0,0
ACC-11570,Growth,Monthly,16,2,163.0,2.7,98.2,19,2,75.7,44,0,0,0,5,0,0
ACC-11571,Starter,Monthly,2,1,29.1,17.9,20.9,5,3,2.6,51,0,10,1,1,0,0
ACC-11572,Growth,Monthly,19,24,155.2,10.4,51.6,1,2,12.0,40,0,20,1,1,0,0
ACC-11573,Enterprise,Annual,48,5,703.2,6.3,60.5,5,2,11.0,-8,0,20,0,2,0,0
ACC-11574,Starter,Monthly,2,38,32.0,0.5,76.2,16,1,4.2,79,0,0,1,1,0,0
ACC-11575,Starter,Monthly,2,14,26.2,5.9,86.4,3,2,27.2,46,0,20,1,3,0,0
ACC-11576,Starter,Monthly,3,12,27.7,15.6,32.4,1,1,69.2,50,0,20,0,4,0,0
ACC-11577,Growth,Annual,13,27,131.2,14.9,43.1,7,2,3.3,65,0,20,1,2,0,0
ACC-11578,Growth,Annual,9,24,115.2,10.5,85.2,6,2,6.4,64,0,20,0,1,0,0
ACC-11579,Growth,Annual,11,22,143.0,10.4,18.2,0,0,38.6,73,0,0,1,5,0,0
ACC-11580,Starter,Annual,1,21,21.8,1.4,31.3,12,2,7.3,46,0,30,1,3,0,0
ACC-11581,Starter,Monthly,2,13,29.1,7.3,64.6,6,1,11.6,0,0,10,0,0,0,0
ACC-11582,Growth,Monthly,17,47,167.0,15.3,100.0,1,0,27.0,45,0,0,1,2,0,0
ACC-11583,Growth,Monthly,8,40,131.0,8.0,18.1,0,0,2.7,29,1,0,1,2,0,0
ACC-11584,Enterprise,Monthly,37,7,695.0,21.7,56.3,22,1,15.0,-1,0,0,1,5,0,0
ACC-11585,Starter,Annual,3,29,30.6,19.2,67.2,8,1,2.3,81,0,10,1,1,0,0
ACC-11586,Growth,Monthly,8,40,111.2,9.3,87.3,3,2,7.3,25,0,20,0,3,0,0
ACC-11587,Starter,Annual,6,17,38.0,10.4,64.8,3,2,5.4,38,0,0,0,3,0,0
ACC-11588,Starter,Monthly,2,15,29.1,25.3,14.5,5,1,26.2,5,0,10,1,3,0,0
ACC-11589,Growth,Monthly,4,20,115.0,17.1,26.7,8,1,3.3,28,0,0,1,7,0,0
ACC-11590,Growth,Monthly,12,3,137.1,12.4,85.2,1,3,21.7,63,0,10,1,3,0,0
ACC-11591,Enterprise,Annual,24,2,511.2,13.1,64.7,1,0,17.1,100,0,20,1,1,1,0
ACC-11592,Starter,Annual,3,31,33.5,12.9,30.2,0,1,22.5,-21,0,0,1,3,0,0
ACC-11593,Starter,Annual,1,15,30.5,11.9,65.9,26,0,41.8,31,0,0,0,3,0,0
ACC-11594,Growth,Monthly,5,2,119.0,5.6,61.8,13,0,15.3,-80,1,0,1,4,0,0
ACC-11595,Growth,Annual,14,10,125.3,9.6,2.0,5,1,25.5,15,1,30,1,1,1,1
ACC-11596,Starter,Monthly,3,6,27.7,3.4,8.8,3,2,32.6,34,0,20,1,1,0,0
ACC-11597,Starter,Monthly,3,37,33.5,16.3,61.8,2,1,23.8,36,0,0,1,1,0,0
ACC-11598,Starter,Annual,4,13,35.0,11.2,99.8,5,2,7.7,87,1,0,1,3,0,0
ACC-11599,Enterprise,Monthly,39,16,671.1,16.7,60.8,7,1,65.1,22,0,10,1,9,0,0
ACC-11600,Starter,Annual,2,5,32.0,4.4,2.0,7,3,1.3,85,0,0,1,6,0,0
ACC-11601,Starter,Monthly,2,29,29.1,20.5,19.5,0,1,9.3,39,0,10,0,4,0,0
ACC-11602,Starter,Monthly,4,48,32.1,19.8,68.8,7,1,34.4,12,0,10,1,4,0,0
ACC-11603,Starter,Annual,2,28,32.0,2.6,71.2,12,0,8.6,37,0,0,1,1,0,0
ACC-11604,Starter,Monthly,2,12,32.0,9.0,50.7,1,2,15.8,35,0,0,1,3,1,0
ACC-11605,Growth,Annual,5,32,119.0,9.6,44.4,8,1,2.9,37,1,0,0,1,0,0
ACC-11606,Starter,Monthly,3,4,33.5,3.4,72.5,10,0,38.9,6,0,0,0,1,0,1
ACC-11607,Growth,Annual,7,2,127.0,10.4,79.3,2,1,53.5,5,0,0,0,0,0,0
ACC-11608,Starter,Monthly,4,10,26.3,15.3,70.3,7,2,82.7,70,0,30,1,3,0,0
ACC-11609,Growth,Monthly,11,4,113.3,9.2,34.0,1,4,1.6,67,0,30,0,4,0,0
ACC-11610,Enterprise,Monthly,31,5,647.0,1.7,74.8,6,0,4.4,1,0,0,0,3,0,0
ACC-11611,Growth,Monthly,8,16,121.1,16.6,47.2,4,1,13.7,25,0,10,1,2,0,0
ACC-11612,Growth,Annual,21,9,183.0,7.2,41.8,11,1,6.4,43,0,0,1,1,0,0
ACC-11613,Starter,Monthly,3,36,24.8,7.9,40.9,4,1,20.6,59,1,30,1,2,0,0
ACC-11614,Starter,Monthly,1,5,30.5,22.1,55.5,3,4,37.3,37,1,0,0,3,0,0
ACC-11615,Growth,Monthly,34,96,225.1,14.4,67.5,16,1,2.7,70,0,10,1,4,0,0
ACC-11616,Enterprise,Monthly,30,8,639.0,7.1,10.5,16,2,1.0,27,0,0,0,0,0,1
ACC-11617,Growth,Annual,5,13,119.0,4.9,38.9,0,1,101.4,84,0,0,1,2,0,0
ACC-11618,Growth,Annual,12,3,147.0,17.8,44.9,4,0,12.0,100,0,0,0,3,0,0
ACC-11619,Growth,Monthly,2,16,77.3,17.4,77.8,1,1,1.4,33,0,30,0,0,0,0
ACC-11620,Growth,Annual,10,59,129.1,9.0,35.9,2,5,17.8,43,0,10,0,0,0,0
ACC-11621,Starter,Monthly,1,25,21.8,4.4,47.7,7,2,28.0,-3,0,30,1,2,0,0
ACC-11622,Growth,Monthly,17,5,167.0,14.3,72.8,1,2,32.3,24,0,0,1,2,0,0
ACC-11623,Enterprise,Annual,45,11,759.0,15.6,55.9,0,2,16.8,36,0,0,1,2,0,0
ACC-11624,Starter,Monthly,1,10,30.5,9.8,88.7,8,1,22.8,54,0,0,0,2,0,0
ACC-11625,Growth,Annual,13,2,151.0,5.4,51.7,6,2,12.9,23,0,0,1,0,0,0
ACC-11626,Starter,Annual,2,39,26.2,12.1,96.4,14,3,19.3,56,0,20,0,3,0,0
ACC-11627,Growth,Monthly,9,9,135.0,14.8,100.0,5,2,60.6,17,0,0,0,2,0,1
ACC-11628,Starter,Annual,1,12,24.7,9.1,65.1,17,3,87.7,65,0,20,1,1,0,0
ACC-11629,Growth,Annual,4,6,115.0,13.6,64.2,6,4,19.8,45,0,0,1,1,0,0
ACC-11630,Growth,Monthly,16,3,133.3,14.2,67.3,3,1,17.5,43,0,30,0,1,1,0
ACC-11631,Starter,Annual,3,42,27.7,18.9,73.0,6,2,8.5,14,0,20,1,2,0,0
ACC-11632,Growth,Monthly,13,1,131.2,9.5,57.7,8,3,7.8,27,0,20,0,2,0,1
ACC-11633,Growth,Annual,9,9,115.2,5.2,80.7,3,1,51.7,17,0,20,1,2,0,0
ACC-11634,Enterprise,Annual,27,24,575.1,11.6,66.0,3,3,21.9,60,0,10,1,3,0,0
ACC-11635,Starter,Monthly,2,7,26.2,22.1,85.5,6,2,12.3,-17,1,20,1,1,0,0
ACC-11636,Starter,Monthly,3,11,27.7,1.4,23.0,4,2,21.9,5,0,20,1,4,0,0
ACC-11637,Starter,Annual,2,15,32.0,0.0,59.8,4,2,2.6,72,0,0,0,0,0,0
ACC-11638,Enterprise,Monthly,20,96,519.1,11.4,77.3,24,1,57.4,37,0,10,1,1,0,0
ACC-11639,Enterprise,Monthly,40,26,639.2,9.7,29.9,0,1,14.8,73,0,20,0,2,0,0
ACC-11640,Growth,Monthly,5,61,109.1,10.7,64.5,6,2,8.1,59,0,10,1,1,0,0
ACC-11641,Growth,Monthly,5,21,119.0,10.5,68.4,15,0,1.0,63,0,0,1,4,0,0
ACC-11642,Growth,Monthly,8,6,121.1,18.0,93.0,2,3,22.6,45,0,10,0,3,0,0
ACC-11643,Growth,Monthly,13,6,151.0,11.7,47.5,1,1,69.8,7,0,0,1,1,0,0
ACC-11644,Starter,Monthly,1,31,24.7,16.9,59.6,3,1,16.4,33,0,20,1,1,0,0
ACC-11645,Growth,Annual,7,10,117.1,0.0,42.8,0,1,8.1,-14,0,10,1,3,0,0
ACC-11646,Starter,Monthly,2,8,32.0,8.8,51.9,5,1,10.8,24,0,0,1,2,0,0
ACC-11647,Growth,Monthly,4,52,115.0,7.1,90.6,6,0,16.8,11,0,0,1,2,0,0
ACC-11648,Growth,Monthly,8,1,101.3,0.0,54.4,10,1,23.3,-35,0,30,0,1,0,0
ACC-11649,Growth,Monthly,7,13,127.0,12.6,39.4,0,0,4.1,45,0,0,1,2,0,0
ACC-11650,Starter,Monthly,3,27,33.5,11.4,51.0,3,0,54.7,41,0,0,1,4,0,0
ACC-11651,Starter,Monthly,3,24,33.5,9.2,43.6,9,0,10.7,74,0,0,1,1,1,0
ACC-11652,Starter,Monthly,1,8,30.5,11.2,45.3,9,1,19.6,-13,0,0,1,0,0,0
ACC-11653,Starter,Annual,1,14,30.5,12.6,43.1,0,1,48.5,68,0,0,1,1,0,0
ACC-11654,Starter,Annual,8,1,41.0,18.1,44.0,0,2,17.3,-51,0,0,1,3,0,0
ACC-11655,Enterprise,Annual,18,14,543.0,15.9,28.9,9,1,23.0,25,0,0,1,4,0,0
ACC-11656,Growth,Annual,7,16,127.0,14.0,56.5,1,2,20.1,99,0,0,1,0,0,0
ACC-11657,Starter,Annual,4,37,26.3,25.8,33.5,5,0,5.7,29,0,30,1,1,0,0
ACC-11658,Starter,Monthly,1,4,30.5,7.8,80.1,1,0,65.9,4,1,0,0,3,0,1
ACC-11659,Starter,Annual,6,31,38.0,3.8,48.1,2,1,12.8,27,0,0,0,0,0,0
ACC-11660,Growth,Monthly,14,23,145.1,19.0,64.0,1,1,2.1,60,0,10,1,1,0,0
ACC-11661,Growth,Annual,9,20,115.2,23.2,64.0,8,0,124.2,20,0,20,1,2,0,0
ACC-11662,Enterprise,Annual,38,9,663.1,8.2,14.6,7,1,21.0,44,0,10,1,1,1,0
ACC-11663,Growth,Monthly,11,8,143.0,20.3,49.1,1,1,18.8,43,0,0,1,4,0,0
ACC-11664,Enterprise,Monthly,42,22,695.1,8.8,92.8,0,0,49.7,49,0,10,1,1,0,0
ACC-11665,Enterprise,Monthly,29,83,631.0,15.5,37.9,4,1,15.6,66,0,0,0,2,0,0
ACC-11666,Starter,Annual,2,9,26.2,15.8,100.0,1,3,8.9,99,0,20,1,1,1,0
ACC-11667,Enterprise,Annual,54,45,791.1,8.2,67.0,0,1,3.8,33,0,10,1,5,0,0
ACC-11668,Starter,Annual,2,16,23.3,23.1,66.4,2,2,33.3,41,0,30,1,1,0,0
ACC-11669,Growth,Monthly,7,36,107.2,23.8,60.3,1,3,8.0,-12,0,20,1,2,0,0
ACC-11670,Starter,Annual,4,4,35.0,5.9,78.0,7,0,14.5,63,0,0,1,1,0,0
ACC-11671,Enterprise,Monthly,34,26,591.2,13.2,79.2,12,4,14.2,78,0,20,1,1,0,0
ACC-11672,Enterprise,Annual,49,32,711.2,17.5,54.6,2,1,27.0,54,0,20,1,0,0,0
ACC-11673,Growth,Monthly,5,32,119.0,0.7,45.5,2,0,23.1,-19,0,0,1,1,0,0
ACC-11674,Growth,Monthly,15,28,149.1,12.2,23.7,3,2,11.0,16,0,10,1,3,0,0
ACC-11675,Starter,Monthly,2,7,32.0,2.1,72.9,1,6,11.1,32,0,0,1,1,0,0
ACC-11676,Starter,Annual,2,13,32.0,16.0,56.4,18,1,6.3,0,0,0,1,0,0,0
ACC-11677,Starter,Annual,2,6,32.0,12.5,36.4,2,0,8.3,100,0,0,1,4,0,0
ACC-11678,Starter,Monthly,5,8,36.5,9.8,42.2,1,0,24.9,44,0,0,1,2,0,0
ACC-11679,Growth,Monthly,13,6,141.1,2.6,53.5,5,1,16.5,63,0,10,1,3,0,0
ACC-11680,Starter,Annual,2,6,29.1,8.4,33.4,5,2,1.0,63,0,10,1,2,1,0
ACC-11681,Enterprise,Monthly,32,21,655.0,15.1,56.1,6,1,14.2,34,0,0,1,3,1,0
ACC-11682,Growth,Annual,11,19,143.0,11.8,19.4,20,1,62.0,-12,0,0,1,3,0,0
ACC-11683,Growth,Monthly,14,4,145.1,19.2,43.3,2,0,2.3,58,0,10,0,2,1,0
ACC-11684,Starter,Monthly,5,21,36.5,18.8,29.4,3,4,2.2,100,0,0,0,1,0,0
ACC-11685,Enterprise,Annual,24,6,591.0,18.5,59.4,2,1,22.0,17,0,0,1,0,0,0
ACC-11686,Enterprise,Annual,26,4,527.2,8.8,33.5,6,1,63.3,10,0,20,0,5,1,0
ACC-11687,Growth,Monthly,16,25,163.0,13.8,42.7,6,4,1.0,59,0,0,1,2,0,0
ACC-11688,Growth,Monthly,6,8,93.3,6.2,100.0,5,2,8.4,62,0,30,1,1,0,1
ACC-11689,Growth,Annual,11,15,123.2,4.4,74.0,3,2,1.4,70,0,20,1,1,1,0
ACC-11690,Starter,Monthly,4,4,35.0,19.1,68.2,3,3,6.2,25,0,0,0,6,0,0
ACC-11691,Growth,Annual,9,17,135.0,4.9,83.5,9,3,16.2,25,0,0,0,1,0,1
ACC-11692,Starter,Monthly,3,4,33.5,4.2,66.3,6,1,11.7,-62,0,0,0,1,0,0
ACC-11693,Starter,Monthly,1,3,30.5,12.6,24.1,8,1,9.0,32,0,0,0,2,0,0
ACC-11694,Starter,Annual,5,9,33.6,10.4,26.0,2,1,4.7,10,0,10,1,3,0,0
ACC-11695,Starter,Annual,1,28,30.5,10.9,2.0,15,2,19.3,-47,0,0,1,2,0,0
ACC-11696,Starter,Monthly,2,3,23.3,25.8,59.4,0,1,17.1,96,0,30,0,3,0,0
ACC-11697,Starter,Annual,8,2,41.0,6.0,31.7,5,1,21.8,38,0,0,1,2,0,0
ACC-11698,Enterprise,Monthly,39,1,711.0,15.0,42.5,10,1,31.5,-32,0,0,1,1,0,0
ACC-11699,Growth,Monthly,9,10,115.2,12.5,48.0,12,1,26.1,43,1,20,1,4,0,0
ACC-11700,Enterprise,Annual,34,6,671.0,18.1,41.6,2,1,63.1,95,0,0,1,0,0,0
ACC-11701,Starter,Annual,3,6,30.6,7.3,54.2,4,3,3.7,72,0,10,1,2,1,0
ACC-11702,Starter,Annual,5,72,30.7,10.7,48.8,0,2,60.5,64,0,20,1,1,0,0
ACC-11703,Growth,Monthly,4,4,115.0,12.7,46.6,9,3,3.8,-13,1,0,1,3,0,0
ACC-11704,Starter,Monthly,3,11,33.5,3.4,20.9,1,3,37.0,11,0,0,1,1,0,0
ACC-11705,Starter,Monthly,2,77,32.0,1.2,60.3,3,2,31.1,0,0,0,1,6,0,0
ACC-11706,Growth,Monthly,5,1,119.0,11.9,100.0,28,0,21.9,31,0,0,0,1,1,1
ACC-11707,Starter,Annual,2,21,32.0,20.0,61.1,15,2,24.5,57,0,0,1,1,0,1
ACC-11708,Growth,Monthly,6,8,93.3,9.9,100.0,2,5,23.5,45,0,30,1,1,0,0
ACC-11709,Growth,Annual,5,43,119.0,10.7,42.5,2,4,15.1,-2,0,0,1,2,0,0
ACC-11710,Starter,Monthly,2,44,26.2,18.9,49.4,2,1,1.0,24,0,20,1,5,1,0
ACC-11711,Starter,Monthly,2,9,32.0,11.1,54.6,7,1,17.3,67,0,0,1,4,0,0
ACC-11712,Growth,Monthly,10,5,119.2,16.7,51.3,8,2,9.9,48,0,20,1,4,0,0
ACC-11713,Growth,Monthly,11,10,133.1,28.0,80.6,1,1,6.4,44,0,10,1,3,0,0
ACC-11714,Starter,Monthly,2,61,23.3,8.5,6.8,2,2,13.5,-1,0,30,0,3,0,0
ACC-11715,Enterprise,Annual,32,6,575.2,10.9,45.0,2,0,37.7,36,1,20,1,5,0,0
ACC-11716,Starter,Monthly,6,72,32.2,14.4,91.6,3,2,17.3,-10,0,20,1,0,0,0
ACC-11717,Growth,Annual,11,31,143.0,20.9,44.1,15,1,66.9,1,0,0,1,3,0,0
ACC-11718,Enterprise,Monthly,22,6,535.1,11.3,75.4,0,3,10.9,-22,0,10,1,2,0,1
ACC-11719,Starter,Annual,5,28,36.5,16.4,68.3,6,3,3.7,90,0,0,0,1,0,0
ACC-11720,Starter,Monthly,3,1,33.5,14.1,53.4,12,0,7.6,92,0,0,1,5,0,0
ACC-11721,Starter,Annual,2,14,32.0,11.6,62.0,8,0,3.1,-5,0,0,0,6,0,0
ACC-11722,Starter,Monthly,5,8,30.7,9.5,53.1,1,2,23.1,3,0,20,1,4,0,0
ACC-11723,Starter,Annual,1,10,30.5,8.3,8.2,4,2,3.5,19,1,0,1,5,0,0
ACC-11724,Growth,Annual,3,12,81.3,30.4,65.1,14,3,14.6,73,1,30,0,2,0,0
ACC-11725,Starter,Monthly,2,13,26.2,2.8,41.4,1,2,51.4,51,0,20,1,2,0,0
ACC-11726,Growth,Monthly,9,19,135.0,3.3,24.7,26,0,11.4,78,0,0,0,1,0,0
ACC-11727,Enterprise,Monthly,18,21,543.0,13.5,63.5,1,2,10.3,89,0,0,1,0,0,0
ACC-11728,Growth,Annual,19,67,175.0,13.2,62.1,1,2,4.5,47,0,0,0,1,0,0
ACC-11729,Growth,Monthly,6,26,113.1,14.6,76.6,10,1,28.0,40,0,10,1,3,0,0
ACC-11730,Starter,Monthly,4,21,35.0,6.8,49.3,11,1,7.3,78,1,0,1,0,0,0
ACC-11731,Growth,Monthly,9,9,135.0,5.8,73.9,0,1,92.9,68,1,0,1,4,0,0
ACC-11732,Growth,Monthly,9,2,135.0,10.3,55.5,1,0,3.6,68,0,0,1,5,1,0
ACC-11733,Starter,Annual,2,1,32.0,17.4,62.6,18,3,1.0,47,0,0,1,3,0,0
ACC-11734,Starter,Monthly,2,12,26.2,5.9,64.4,2,1,15.5,66,0,20,0,5,0,0
ACC-11735,Enterprise,Annual,37,20,695.0,12.9,25.7,0,0,1.4,19,0,0,0,1,0,0
ACC-11736,Starter,Annual,2,19,32.0,8.9,63.3,2,2,9.2,10,0,0,1,3,1,0
ACC-11737,Starter,Monthly,2,55,29.1,2.9,57.3,8,1,12.0,18,0,10,1,0,0,0
ACC-11738,Starter,Annual,2,9,32.0,4.3,49.0,15,5,5.7,100,0,0,0,3,0,0
ACC-11739,Starter,Monthly,2,18,32.0,17.5,57.5,1,1,76.4,-7,0,0,1,0,0,0
ACC-11740,Growth,Annual,4,39,115.0,8.4,100.0,2,3,8.5,63,0,0,0,3,0,0
ACC-11741,Growth,Monthly,10,9,139.0,19.5,12.8,3,2,3.1,99,0,0,0,4,0,0
ACC-11742,Growth,Annual,14,12,155.0,11.8,52.1,8,1,1.0,44,0,0,1,0,0,0
ACC-11743,Starter,Monthly,3,46,27.7,3.8,72.9,6,1,7.4,19,1,20,0,0,0,0
ACC-11744,Starter,Monthly,6,14,32.2,14.9,27.6,2,1,34.4,49,0,20,1,0,0,0
ACC-11745,Growth,Monthly,14,29,125.3,7.2,63.2,0,0,5.6,13,0,30,0,2,0,0
ACC-11746,Starter,Monthly,3,49,33.5,9.7,61.7,2,1,18.3,-2,1,0,0,0,0,0
ACC-11747,Starter,Annual,5,15,27.8,18.8,20.0,1,2,90.4,77,0,30,1,3,0,0
ACC-11748,Growth,Monthly,14,2,155.0,4.3,42.1,0,1,8.4,75,0,0,1,4,0,0
ACC-11749,Starter,Annual,1,31,27.6,9.3,94.2,22,0,19.1,19,0,10,1,2,1,0
ACC-11750,Growth,Monthly,5,31,109.1,5.5,20.0,2,1,18.3,13,0,10,1,3,0,0
ACC-11751,Starter,Annual,3,2,33.5,4.9,45.3,11,2,18.0,38,0,0,1,1,0,0
ACC-11752,Starter,Monthly,2,14,32.0,9.2,51.4,4,1,61.3,27,0,0,1,2,0,0
ACC-11753,Starter,Monthly,2,12,32.0,6.9,55.1,22,1,30.8,1,1,0,1,6,0,0
ACC-11754,Enterprise,Monthly,29,34,631.0,10.4,45.9,1,0,1.0,-23,0,0,1,2,0,0
ACC-11755,Growth,Annual,3,6,111.0,15.8,56.8,1,1,1.0,-21,0,0,1,2,0,0
ACC-11756,Enterprise,Monthly,48,10,783.0,7.5,54.2,0,1,1.0,-12,0,0,1,2,0,0
ACC-11757,Growth,Annual,10,17,139.0,3.2,70.6,8,2,9.1,-6,0,0,1,5,0,0
ACC-11758,Starter,Annual,1,13,27.6,15.8,73.6,2,1,11.6,37,0,10,1,1,0,0
ACC-11759,Growth,Monthly,11,56,143.0,7.5,64.7,12,2,32.9,2,0,0,1,1,0,0
ACC-11760,Growth,Annual,8,58,101.3,23.0,60.2,6,4,20.2,3,0,30,1,2,0,0
ACC-11761,Growth,Monthly,12,2,127.2,9.5,20.6,5,1,212.7,-14,0,20,1,0,0,0
ACC-11762,Starter,Monthly,3,6,33.5,11.2,57.5,4,0,31.6,-13,0,0,1,4,0,0
ACC-11763,Growth,Annual,7,1,127.0,0.0,79.5,2,2,41.3,-14,0,0,0,1,0,1
ACC-11764,Starter,Annual,2,10,26.2,5.0,19.6,0,0,4.0,27,0,20,1,3,0,0
ACC-11765,Starter,Annual,1,20,30.5,0.0,26.0,4,2,20.5,66,0,0,1,2,0,0
ACC-11766,Growth,Monthly,11,11,143.0,13.8,87.8,1,0,3.2,83,0,0,1,2,0,0
ACC-11767,Growth,Monthly,9,1,105.3,11.5,22.0,14,2,22.5,32,0,30,1,1,0,0
ACC-11768,Starter,Monthly,2,4,26.2,15.8,52.7,11,1,33.2,67,0,20,1,1,1,1
ACC-11769,Starter,Annual,4,3,35.0,16.8,42.9,6,2,7.1,3,1,0,1,2,0,0
ACC-11770,Growth,Monthly,7,13,117.1,17.8,86.5,4,1,3.7,50,0,10,0,4,0,0
ACC-11771,Growth,Annual,12,20,127.2,10.6,61.7,4,1,5.4,-1,0,20,1,2,0,0
ACC-11772,Enterprise,Monthly,37,7,695.0,12.5,72.4,4,2,33.3,45,0,0,1,1,0,0
ACC-11773,Enterprise,Monthly,44,3,751.0,15.5,56.2,8,1,15.8,1,0,0,1,4,0,0
ACC-11774,Growth,Monthly,8,29,131.0,7.2,98.9,1,1,15.4,4,0,0,1,0,0,0
ACC-11775,Starter,Monthly,2,35,26.2,6.4,38.6,5,4,17.2,28,0,20,1,3,1,0
ACC-11776,Growth,Monthly,7,6,127.0,21.2,62.6,10,2,13.6,87,0,0,1,1,0,0
ACC-11777,Starter,Annual,1,10,27.6,1.2,82.7,4,1,39.8,60,0,10,1,4,0,0
ACC-11778,Starter,Annual,1,2,30.5,15.0,87.6,0,0,14.2,4,0,0,1,0,0,0
ACC-11779,Growth,Monthly,4,5,115.0,14.0,49.1,2,1,18.1,-7,0,0,1,4,0,0
ACC-11780,Starter,Monthly,2,26,26.2,5.3,10.4,7,0,78.0,1,0,20,1,4,0,0
ACC-11781,Enterprise,Monthly,35,8,639.1,8.0,46.5,16,0,12.2,53,0,10,1,2,0,0
ACC-11782,Growth,Annual,4,17,115.0,9.9,93.4,13,2,4.1,38,0,0,1,5,0,0
ACC-11783,Growth,Monthly,11,53,123.2,13.3,38.2,10,1,16.6,53,0,20,1,2,0,0
ACC-11784,Growth,Annual,13,23,151.0,14.1,61.4,18,2,24.4,12,0,0,0,0,0,0
ACC-11785,Enterprise,Monthly,26,11,607.0,11.8,48.2,2,0,2.7,42,0,0,1,1,0,0
ACC-11786,Growth,Monthly,10,8,139.0,13.1,53.4,0,0,3.5,39,0,0,0,2,0,0
ACC-11787,Growth,Annual,19,4,175.0,16.0,83.9,3,1,1.0,74,0,0,0,4,0,0
ACC-11788,Starter,Monthly,1,25,30.5,15.7,60.6,5,2,27.3,85,0,0,1,4,0,0
ACC-11789,Growth,Monthly,4,2,95.2,21.2,99.9,2,1,4.5,62,0,20,0,4,0,0
ACC-11790,Starter,Monthly,3,1,33.5,18.3,76.5,0,2,46.3,74,1,0,0,0,0,0
ACC-11791,Growth,Monthly,20,2,169.1,12.1,57.9,4,1,14.5,29,0,10,1,1,0,0
ACC-11792,Growth,Monthly,13,5,151.0,15.8,52.9,1,0,62.1,6,0,0,0,2,0,0
ACC-11793,Growth,Annual,5,18,119.0,14.5,62.3,8,2,9.7,29,0,0,1,2,1,0
ACC-11794,Starter,Annual,4,36,35.0,13.0,27.9,1,0,62.4,25,0,0,1,3,0,0
ACC-11795,Starter,Monthly,4,88,35.0,6.8,31.7,19,0,76.0,23,0,0,1,1,0,0
ACC-11796,Growth,Annual,7,24,127.0,13.0,71.7,13,1,2.8,30,0,0,0,3,0,0
ACC-11797,Starter,Monthly,1,3,30.5,0.0,75.2,12,3,2.7,24,0,0,1,1,0,0
ACC-11798,Starter,Monthly,2,6,32.0,18.4,25.9,9,3,11.0,14,0,0,0,1,0,0
ACC-11799,Starter,Monthly,1,3,24.7,14.1,73.9,6,0,10.7,25,0,20,1,0,0,0
ACC-11800,Enterprise,Monthly,31,2,647.0,11.0,51.1,0,2,21.0,58,0,0,1,2,0,0
ACC-11801,Growth,Monthly,13,15,151.0,9.5,36.7,7,2,2.4,0,0,0,0,1,0,0
ACC-11802,Starter,Annual,3,43,33.5,15.9,48.1,8,1,28.2,77,0,0,0,2,0,0
ACC-11803,Starter,Monthly,3,21,33.5,23.0,74.5,1,3,5.1,68,0,0,0,3,1,0
ACC-11804,Starter,Monthly,1,29,24.7,14.3,68.4,6,1,3.3,33,0,20,1,4,0,0
ACC-11805,Growth,Monthly,6,13,103.2,23.4,61.5,4,0,31.6,-53,0,20,1,1,0,0
ACC-11806,Growth,Annual,9,12,125.1,16.7,63.3,4,0,1.7,-46,0,10,1,4,0,0
ACC-11807,Starter,Annual,3,50,33.5,7.2,29.9,1,3,24.9,34,0,0,0,2,0,0
ACC-11808,Starter,Monthly,5,23,36.5,14.9,67.0,8,2,2.4,54,1,0,0,2,1,0
ACC-11809,Starter,Monthly,1,11,30.5,14.3,44.9,16,3,26.9,92,0,0,1,1,1,0
ACC-11810,Growth,Monthly,10,7,139.0,7.2,99.5,9,2,31.3,16,1,0,1,0,0,0
ACC-11811,Growth,Monthly,11,2,133.1,9.6,46.6,3,0,17.6,12,0,10,1,2,0,0
ACC-11812,Starter,Monthly,1,31,21.8,9.4,100.0,25,3,8.7,-13,0,30,1,2,0,1
ACC-11813,Starter,Monthly,5,3,36.5,12.6,51.5,3,0,5.4,51,0,0,1,6,0,0
ACC-11814,Starter,Monthly,1,13,30.5,10.3,52.9,2,2,33.1,30,0,0,1,0,0,0
ACC-11815,Enterprise,Monthly,23,18,543.1,13.6,48.5,21,1,2.3,13,1,10,0,0,0,0
ACC-11816,Starter,Monthly,2,25,29.1,14.6,27.3,9,2,73.4,31,0,10,1,1,0,0
ACC-11817,Growth,Annual,7,2,127.0,19.6,84.2,9,0,30.2,27,0,0,0,4,0,0
ACC-11818,Growth,Annual,6,1,123.0,15.3,57.1,0,2,23.4,64,0,0,0,1,0,0
ACC-11819,Starter,Monthly,7,22,36.6,7.8,68.8,1,0,89.5,15,0,10,0,1,0,0
ACC-11820,Starter,Monthly,1,11,30.5,24.7,90.5,0,0,23.3,30,1,0,1,3,0,0
ACC-11821,Starter,Monthly,3,4,27.7,7.8,52.1,9,3,2.2,60,0,20,1,0,0,0
ACC-11822,Growth,Monthly,11,72,113.3,9.7,53.0,2,1,7.8,21,0,30,1,5,0,0
ACC-11823,Growth,Annual,8,28,131.0,15.6,58.2,1,1,17.6,4,0,0,1,4,0,0
ACC-11824,Growth,Monthly,19,16,175.0,29.4,26.8,1,2,17.1,-15,0,0,0,2,0,0
ACC-11825,Growth,Annual,12,22,147.0,14.4,14.8,6,4,1.0,-6,0,0,1,3,0,0
ACC-11826,Starter,Annual,2,3,32.0,8.2,21.9,3,4,6.0,7,0,0,1,3,0,0
ACC-11827,Enterprise,Monthly,35,59,639.1,2.2,82.3,17,3,26.7,64,1,10,0,4,0,0
ACC-11828,Growth,Monthly,15,96,159.0,1.8,47.8,3,3,21.6,4,1,0,1,1,0,0
ACC-11829,Starter,Monthly,5,19,30.7,12.1,72.3,11,3,45.6,22,0,20,1,1,0,0
ACC-11830,Enterprise,Monthly,34,20,671.0,15.3,49.3,5,3,64.5,-6,0,0,1,3,1,0
ACC-11831,Growth,Monthly,6,22,123.0,3.5,20.3,7,3,40.7,32,0,0,1,4,0,0
ACC-11832,Growth,Monthly,13,20,151.0,13.3,74.1,1,1,16.1,40,0,0,0,2,0,0
ACC-11833,Growth,Annual,4,10,85.3,4.1,35.4,8,2,15.7,42,0,30,1,1,0,0
ACC-11834,Growth,Monthly,9,14,115.2,6.5,67.8,1,2,9.2,91,0,20,0,2,0,0
ACC-11835,Growth,Monthly,7,6,127.0,15.8,75.3,7,3,45.8,30,0,0,0,1,0,0
ACC-11836,Starter,Annual,1,11,24.7,7.5,54.0,4,1,35.5,40,0,20,1,2,0,0
ACC-11837,Starter,Annual,1,10,30.5,19.9,65.4,2,0,30.2,10,0,0,1,0,0,0
ACC-11838,Enterprise,Monthly,52,6,775.1,8.5,23.7,4,0,30.1,100,0,10,0,2,0,0
ACC-11839,Starter,Annual,8,28,32.3,18.7,100.0,12,0,37.8,60,0,30,1,4,0,0
ACC-11840,Starter,Monthly,6,9,35.1,25.6,64.7,1,2,50.2,61,1,10,1,3,0,0
ACC-11841,Starter,Monthly,1,14,30.5,7.5,72.2,1,2,34.4,68,0,0,1,1,0,0
ACC-11842,Starter,Monthly,2,3,23.3,26.8,75.6,5,1,33.8,56,1,30,1,2,0,0
ACC-11843,Growth,Monthly,7,12,127.0,12.1,51.9,6,1,21.6,70,0,0,0,1,0,0
ACC-11844,Enterprise,Annual,33,26,543.3,8.2,56.7,3,1,12.3,23,0,30,1,0,0,0
ACC-11845,Starter,Annual,1,11,21.8,10.2,78.9,2,0,16.0,100,0,30,1,1,0,0
ACC-11846,Starter,Annual,1,15,30.5,9.6,46.9,0,2,15.3,-24,1,0,0,3,0,0
ACC-11847,Starter,Monthly,4,22,35.0,20.4,63.6,0,0,34.8,20,0,0,1,2,0,0
ACC-11848,Enterprise,Monthly,54,9,751.2,19.9,65.3,0,1,6.2,91,0,20,1,1,0,0
ACC-11849,Growth,Monthly,6,8,123.0,19.8,38.8,14,4,9.0,24,0,0,0,3,0,0
ACC-11850,Starter,Monthly,6,2,32.2,4.2,64.8,1,1,16.3,53,0,20,1,1,0,0
ACC-11851,Growth,Annual,8,16,131.0,13.1,17.7,2,0,83.9,13,0,0,1,0,0,0
ACC-11852,Enterprise,Annual,51,22,807.0,2.7,75.2,26,2,13.4,46,0,0,1,2,0,0
ACC-11853,Growth,Monthly,5,16,109.1,18.1,89.5,16,2,2.7,17,0,10,0,7,0,0
ACC-11854,Enterprise,Monthly,24,6,591.0,9.1,74.9,0,2,22.4,71,0,0,1,3,0,0
ACC-11855,Starter,Monthly,4,5,35.0,15.0,87.9,5,1,19.2,40,0,0,1,4,0,0
ACC-11856,Growth,Monthly,12,3,147.0,9.0,38.2,6,1,37.5,-31,0,0,1,1,0,0
ACC-11857,Growth,Monthly,8,1,131.0,1.5,50.1,0,1,38.6,2,1,0,1,2,0,0
ACC-11858,Growth,Monthly,4,10,115.0,17.3,57.8,8,2,6.0,-4,0,0,0,3,0,0
ACC-11859,Growth,Monthly,12,3,137.1,17.8,57.8,26,2,1.0,79,0,10,1,0,0,0
ACC-11860,Growth,Monthly,10,21,129.1,12.8,45.4,3,2,30.7,-13,1,10,1,2,0,0
ACC-11861,Growth,Monthly,7,59,127.0,0.0,34.9,4,2,21.1,21,0,0,1,5,0,0
ACC-11862,Starter,Monthly,4,1,35.0,16.5,93.0,6,0,3.0,100,0,0,0,3,0,0
ACC-11863,Growth,Annual,2,40,87.2,7.6,36.7,8,0,84.7,74,0,20,1,1,0,0
ACC-11864,Enterprise,Monthly,23,19,583.0,15.1,91.4,9,0,52.1,0,0,0,1,2,0,0
ACC-11865,Enterprise,Annual,17,35,535.0,9.1,65.9,0,0,25.7,-1,0,0,1,8,0,0
ACC-11866,Starter,Monthly,3,3,33.5,9.7,59.5,10,3,1.1,-4,0,0,0,3,1,0
ACC-11867,Starter,Monthly,1,43,27.6,15.0,66.9,12,2,4.8,37,0,10,1,1,0,0
ACC-11868,Starter,Monthly,1,57,30.5,7.1,88.5,0,3,7.8,13,0,0,1,5,0,0
ACC-11869,Growth,Monthly,12,43,147.0,11.0,2.0,0,2,1.2,38,0,0,1,1,0,0
ACC-11870,Growth,Annual,17,28,157.1,15.1,62.9,5,0,35.1,41,0,10,1,3,0,0
ACC-11871,Starter,Monthly,4,2,32.1,25.0,58.3,4,2,1.6,32,0,10,1,1,0,0
ACC-11872,Growth,Annual,11,4,143.0,11.6,59.1,24,1,4.6,35,0,0,0,0,1,1
ACC-11873,Growth,Annual,21,44,183.0,17.0,75.7,2,1,7.7,33,0,0,1,1,0,0
ACC-11874,Growth,Monthly,10,5,119.2,5.0,41.6,5,4,8.1,3,0,20,1,3,0,0
ACC-11875,Growth,Monthly,9,8,135.0,22.2,29.7,4,3,6.2,-21,0,0,1,2,0,0
ACC-11876,Growth,Annual,14,1,135.2,7.2,24.5,5,3,76.9,32,0,20,1,4,0,0
ACC-11877,Growth,Monthly,14,18,135.2,11.2,35.0,6,1,64.8,3,0,20,1,4,0,0
ACC-11878,Starter,Annual,3,15,33.5,15.1,70.1,5,3,19.4,64,0,0,0,1,0,0
ACC-11879,Growth,Monthly,7,59,127.0,7.3,66.1,0,1,2.7,-14,0,0,1,1,0,0
ACC-11880,Growth,Monthly,14,40,125.3,18.5,74.4,11,1,24.5,18,0,30,1,2,1,0
ACC-11881,Enterprise,Monthly,34,13,671.0,8.0,44.9,1,0,74.1,35,0,0,1,3,0,0
ACC-11882,Growth,Monthly,9,17,135.0,17.0,45.9,2,1,128.0,74,0,0,1,2,0,0
ACC-11883,Growth,Annual,6,10,113.1,18.4,91.4,6,3,19.2,16,0,10,1,3,0,0
ACC-11884,Starter,Monthly,6,3,38.0,15.5,77.4,4,0,4.2,36,0,0,0,2,0,0
ACC-11885,Growth,Annual,2,36,87.2,16.3,71.5,5,2,35.6,52,0,20,1,3,0,0
ACC-11886,Starter,Monthly,3,14,30.6,27.2,14.9,4,0,19.5,57,0,10,1,3,0,0
ACC-11887,Starter,Monthly,2,10,29.1,14.5,98.1,3,3,12.0,43,1,10,0,0,0,0
ACC-11888,Growth,Monthly,20,1,179.0,12.7,53.0,4,1,3.2,93,0,0,1,3,0,0
ACC-11889,Enterprise,Monthly,28,20,623.0,14.0,58.8,1,1,5.5,16,0,0,0,2,0,0
ACC-11890,Starter,Monthly,3,9,33.5,19.6,64.8,21,0,17.3,91,0,0,0,2,0,0
ACC-11891,Starter,Monthly,8,5,41.0,26.0,58.6,5,0,6.0,54,0,0,0,3,0,0
ACC-11892,Growth,Annual,11,38,133.1,11.0,51.2,2,0,13.0,39,1,10,1,0,0,0
ACC-11893,Starter,Monthly,9,4,42.5,6.5,58.2,7,1,25.1,41,0,0,1,0,0,0
ACC-11894,Growth,Monthly,12,13,147.0,19.0,69.0,13,0,87.4,63,0,0,0,5,0,0
ACC-11895,Growth,Annual,5,29,99.2,3.8,73.7,2,3,1.0,5,0,20,0,3,0,0
ACC-11896,Growth,Annual,9,34,135.0,13.5,81.8,2,2,31.9,35,0,0,1,1,0,0
ACC-11897,Starter,Monthly,5,31,36.5,13.8,30.9,3,1,2.7,22,0,0,0,5,0,0
ACC-11898,Starter,Monthly,1,41,30.5,11.4,43.0,1,2,57.5,86,0,0,0,1,0,0
ACC-11899,Growth,Annual,12,3,137.1,11.7,73.8,10,0,29.4,7,0,10,1,3,0,0
ACC-11900,Growth,Monthly,9,51,135.0,2.1,20.5,5,1,10.1,100,0,0,1,1,0,0
ACC-11901,Starter,Monthly,3,1,33.5,6.8,58.6,0,1,14.4,14,0,0,1,1,0,0
ACC-11902,Growth,Monthly,22,5,187.0,17.6,37.7,34,2,22.6,-19,0,0,1,3,0,0
ACC-11903,Starter,Annual,2,2,23.3,0.0,67.1,5,1,16.5,0,0,30,1,2,0,0
ACC-11904,Growth,Monthly,5,52,119.0,11.5,36.4,13,2,78.3,0,0,0,1,6,0,0
ACC-11905,Starter,Annual,4,10,32.1,10.1,47.1,4,1,131.8,88,0,10,1,1,1,0
ACC-11906,Enterprise,Monthly,34,7,551.3,0.0,48.6,5,3,1.2,-17,0,30,1,1,0,0
ACC-11907,Starter,Annual,3,3,33.5,22.2,60.4,4,0,26.0,41,0,0,0,3,0,0
ACC-11908,Starter,Monthly,2,3,32.0,5.8,76.1,3,1,27.5,81,0,0,1,0,0,0
ACC-11909,Starter,Monthly,1,17,24.7,15.3,77.7,1,2,31.2,100,0,20,1,1,0,0
ACC-11910,Starter,Annual,1,1,30.5,9.2,59.5,20,1,49.8,26,1,0,1,1,0,0
ACC-11911,Enterprise,Monthly,70,16,959.0,6.9,30.6,1,0,18.0,34,0,0,1,3,0,0
ACC-11912,Enterprise,Monthly,45,27,719.1,10.6,100.0,4,1,5.9,-11,0,10,0,3,0,0
ACC-11913,Starter,Monthly,2,17,32.0,9.9,53.1,1,6,22.3,17,1,0,0,4,0,0
ACC-11914,Starter,Monthly,1,32,21.8,10.9,61.0,30,0,7.8,100,0,30,0,4,0,0
ACC-11915,Growth,Monthly,4,6,115.0,7.3,60.3,5,1,8.4,61,0,0,0,1,0,1
ACC-11916,Enterprise,Annual,22,1,495.2,5.9,62.8,10,3,19.0,73,0,20,1,2,1,0
ACC-11917,Growth,Monthly,16,23,133.3,18.0,36.4,5,1,6.8,53,0,30,0,2,0,0
ACC-11918,Starter,Monthly,3,32,33.5,12.0,64.6,10,2,23.7,67,0,0,1,2,1,0
ACC-11919,Starter,Monthly,3,13,33.5,11.6,95.1,5,1,38.4,98,0,0,0,3,0,0
ACC-11920,Growth,Annual,11,31,113.3,6.7,10.8,4,1,84.6,14,1,30,1,3,0,0
ACC-11921,Starter,Annual,1,11,24.7,21.4,55.7,4,4,3.7,56,0,20,1,1,1,0
ACC-11922,Growth,Monthly,4,4,115.0,11.5,30.3,0,4,12.2,6,0,0,1,1,0,0
ACC-11923,Starter,Monthly,1,12,30.5,0.6,76.8,3,2,27.0,-41,0,0,0,1,0,0
ACC-11924,Growth,Annual,10,4,129.1,13.7,80.1,18,0,17.2,39,0,10,1,0,0,0
ACC-11925,Starter,Monthly,4,11,35.0,7.4,52.2,7,0,1.3,34,0,0,1,1,0,0
ACC-11926,Growth,Annual,6,3,123.0,17.5,56.3,15,2,8.6,27,0,0,1,0,0,0
ACC-11927,Growth,Annual,5,4,119.0,18.2,35.6,1,0,31.6,8,0,0,1,4,0,0
ACC-11928,Growth,Annual,11,39,143.0,17.5,3.1,4,0,13.6,35,0,0,1,1,0,0
ACC-11929,Starter,Monthly,1,2,30.5,9.2,49.1,0,1,23.7,45,0,0,1,3,0,0
ACC-11930,Growth,Annual,11,5,143.0,11.3,50.3,7,0,20.5,99,0,0,1,3,0,0
ACC-11931,Growth,Annual,8,96,111.2,13.5,55.9,9,0,57.4,49,0,20,1,3,0,0
ACC-11932,Growth,Monthly,7,15,117.1,17.4,2.0,8,1,39.1,51,0,10,1,2,0,0
ACC-11933,Growth,Monthly,6,16,123.0,5.8,17.0,1,2,8.4,4,0,0,1,4,0,0
ACC-11934,Growth,Monthly,8,34,121.1,12.6,22.4,2,1,13.8,-3,0,10,1,0,0,0
ACC-11935,Growth,Monthly,3,13,91.2,23.2,56.8,6,2,12.9,-4,0,20,1,1,0,0
ACC-11936,Starter,Monthly,1,5,27.6,8.8,67.9,9,4,6.5,20,0,10,1,1,0,0
ACC-11937,Growth,Monthly,7,10,107.2,11.8,29.4,2,1,19.4,32,0,20,0,1,0,0
ACC-11938,Growth,Monthly,15,25,159.0,27.7,48.9,3,0,6.0,38,0,0,1,3,0,0
ACC-11939,Starter,Monthly,5,37,27.8,10.6,42.3,3,3,3.5,1,0,30,1,1,0,0
ACC-11940,Starter,Monthly,6,6,35.1,2.8,99.7,0,0,2.3,-48,0,10,0,1,1,0
ACC-11941,Starter,Annual,6,5,35.1,11.7,46.5,5,1,6.8,15,0,10,1,1,0,0
ACC-11942,Growth,Annual,22,7,187.0,22.0,45.6,7,0,12.8,63,0,0,1,4,1,0
ACC-11943,Growth,Monthly,11,16,133.1,18.3,37.0,2,1,2.5,17,0,10,1,3,0,0
ACC-11944,Growth,Monthly,13,6,151.0,6.1,13.2,7,0,22.5,27,0,0,1,2,0,0
ACC-11945,Growth,Monthly,15,40,159.0,14.5,69.2,2,1,40.8,-26,0,0,1,6,0,0
ACC-11946,Starter,Annual,1,69,27.6,10.9,49.1,8,2,11.1,34,0,10,1,1,0,0
ACC-11947,Starter,Annual,2,20,29.1,16.9,46.5,4,1,41.3,44,0,10,0,2,0,0
ACC-11948,Starter,Annual,6,63,38.0,8.3,59.0,12,3,3.3,10,0,0,1,1,0,0
ACC-11949,Starter,Monthly,1,6,27.6,15.0,20.3,5,0,1.6,64,0,10,1,4,0,0
ACC-11950,Starter,Annual,4,30,29.2,23.5,94.0,1,1,33.6,72,0,20,0,4,0,0
ACC-11951,Starter,Monthly,4,20,29.2,0.0,14.9,10,0,73.6,100,0,20,1,1,0,0
ACC-11952,Growth,Annual,13,5,131.2,15.6,94.1,9,1,8.3,-2,1,20,0,4,0,0
ACC-11953,Growth,Monthly,12,7,127.2,19.9,54.7,1,0,21.4,40,0,20,1,1,0,0
ACC-11954,Enterprise,Annual,20,12,519.1,2.7,46.5,0,2,21.3,-12,1,10,0,1,0,1
ACC-11955,Enterprise,Monthly,41,28,727.0,7.7,69.8,1,1,23.1,51,0,0,1,2,0,0
ACC-11956,Growth,Annual,13,37,151.0,9.6,47.4,11,1,17.0,47,0,0,1,3,0,0
ACC-11957,Starter,Annual,3,18,24.8,7.6,75.5,2,0,5.9,-37,1,30,0,1,0,0
ACC-11958,Growth,Monthly,4,23,115.0,7.2,61.8,4,3,1.7,40,1,0,1,5,0,0
ACC-11959,Growth,Monthly,5,6,99.2,9.8,70.7,6,1,1.0,23,0,20,1,3,0,0
ACC-11960,Starter,Annual,2,24,32.0,17.1,77.9,8,0,4.0,-11,0,0,1,3,0,0
ACC-11961,Starter,Monthly,5,17,36.5,20.9,51.2,11,1,2.6,20,0,0,0,1,0,0
ACC-11962,Growth,Monthly,16,5,163.0,19.8,76.2,4,0,1.0,100,0,0,1,1,0,0
ACC-11963,Starter,Monthly,1,54,24.7,18.0,66.4,3,0,1.9,50,0,20,1,3,0,0
ACC-11964,Growth,Monthly,13,13,151.0,23.0,84.3,1,1,1.0,1,0,0,0,4,0,0
ACC-11965,Growth,Monthly,10,28,109.3,24.2,46.9,6,1,15.9,18,1,30,0,5,0,0
ACC-11966,Starter,Monthly,7,13,33.7,13.0,85.0,5,1,1.2,-38,1,20,1,2,0,0
ACC-11967,Starter,Monthly,6,49,35.1,20.6,38.0,2,1,111.4,-8,0,10,1,3,1,0
ACC-11968,Starter,Monthly,5,3,30.7,14.5,10.8,4,1,13.9,89,0,20,1,2,0,0
ACC-11969,Starter,Annual,5,14,30.7,10.7,25.0,8,0,46.3,62,0,20,0,1,0,0
ACC-11970,Starter,Annual,5,1,27.8,11.7,47.7,6,4,13.4,46,0,30,1,0,0,0
ACC-11971,Growth,Annual,12,4,147.0,18.1,60.8,4,1,2.9,44,0,0,1,3,0,0
ACC-11972,Starter,Monthly,3,6,27.7,20.8,55.4,2,1,36.7,80,0,20,1,1,0,0
ACC-11973,Growth,Annual,11,12,143.0,15.5,72.3,7,2,5.4,41,0,0,0,0,0,0
ACC-11974,Starter,Monthly,2,31,23.3,9.6,28.6,6,1,1.0,20,1,30,1,2,0,0
ACC-11975,Enterprise,Monthly,25,11,599.0,9.1,92.9,4,0,4.2,27,0,0,0,2,0,0
ACC-11976,Starter,Annual,2,15,32.0,0.9,84.6,2,3,18.3,21,0,0,1,2,0,0
ACC-11977,Starter,Annual,2,46,32.0,14.2,75.6,1,0,11.4,20,0,0,1,1,0,0
ACC-11978,Enterprise,Annual,40,25,639.2,13.8,82.8,2,3,3.5,89,0,20,1,6,0,0
ACC-11979,Growth,Annual,6,1,123.0,5.7,20.8,14,0,15.2,-7,0,0,1,1,0,0
ACC-11980,Starter,Monthly,12,3,47.0,14.8,70.4,8,0,61.2,12,0,0,1,2,0,0
ACC-11981,Growth,Monthly,13,1,131.2,14.7,71.3,13,3,25.9,-34,0,20,1,2,0,0
ACC-11982,Growth,Annual,5,1,99.2,3.1,76.3,11,3,1.4,65,1,20,1,3,0,0
ACC-11983,Growth,Monthly,20,7,179.0,10.1,73.6,4,3,7.7,42,0,0,1,2,0,0
ACC-11984,Starter,Monthly,1,23,27.6,20.5,64.8,5,0,23.6,91,0,10,1,3,0,0
ACC-11985,Starter,Annual,2,5,32.0,8.2,63.9,1,2,3.0,8,0,0,1,5,0,0
ACC-11986,Growth,Annual,3,9,101.1,12.1,81.2,8,0,15.5,2,0,10,1,2,0,0
ACC-11987,Growth,Monthly,7,9,127.0,13.0,41.3,3,0,15.8,-11,0,0,1,2,0,0
ACC-11988,Starter,Annual,2,16,32.0,11.8,63.1,1,0,1.9,46,0,0,0,3,0,0
ACC-11989,Growth,Annual,10,40,139.0,16.1,42.8,1,2,18.6,18,0,0,1,2,0,0
ACC-11990,Growth,Annual,9,74,135.0,17.6,51.7,7,4,46.1,41,1,0,0,5,0,0
ACC-11991,Starter,Monthly,2,17,32.0,19.6,2.0,4,2,21.1,15,0,0,0,1,1,0
ACC-11992,Growth,Monthly,8,13,101.3,10.1,35.8,0,2,49.4,80,0,30,1,1,0,0
ACC-11993,Starter,Monthly,13,21,42.7,15.1,45.4,10,0,19.0,74,0,20,1,6,0,0
ACC-11994,Growth,Monthly,3,20,111.0,17.0,45.7,6,1,27.9,33,0,0,1,0,0,0
ACC-11995,Growth,Monthly,12,13,117.3,11.3,47.7,0,1,44.6,67,0,30,1,5,0,0
ACC-11996,Enterprise,Monthly,26,24,527.2,7.7,28.9,2,1,12.4,25,1,20,1,1,0,0
ACC-11997,Starter,Monthly,3,12,33.5,12.9,47.7,8,1,3.4,28,0,0,1,3,0,0
ACC-11998,Starter,Annual,4,96,32.1,8.4,78.9,0,1,2.5,-46,0,10,1,4,0,0
ACC-11999,Starter,Monthly,4,1,35.0,7.8,48.4,8,3,61.4,48,0,0,1,0,0,0
ACC-12000,Starter,Annual,6,11,35.1,13.3,83.6,4,3,15.8,31,0,10,1,0,0,0
ACC-12001,Starter,Annual,2,9,32.0,10.9,82.1,9,2,23.0,61,0,0,1,3,0,0
ACC-12002,Enterprise,Monthly,29,26,551.2,13.1,42.1,12,1,18.9,55,0,20,1,2,0,0
ACC-12003,Starter,Annual,1,4,24.7,2.7,67.5,9,2,16.6,4,0,20,1,2,0,0
ACC-12004,Starter,Monthly,3,10,33.5,10.9,26.1,0,1,16.4,23,1,0,1,2,0,0
ACC-12005,Growth,Monthly,6,22,123.0,0.0,31.8,4,4,12.8,13,0,0,0,2,0,1
ACC-12006,Starter,Annual,1,17,30.5,5.7,57.5,2,0,43.2,67,0,0,1,1,0,0
ACC-12007,Growth,Monthly,16,14,163.0,11.5,66.2,4,2,2.6,85,0,0,1,2,0,0
ACC-12008,Starter,Annual,2,10,32.0,19.3,90.5,20,1,25.2,58,0,0,1,4,0,0
ACC-12009,Growth,Monthly,5,25,119.0,15.2,51.4,1,3,22.8,99,1,0,1,3,1,0
ACC-12010,Starter,Annual,2,19,23.3,12.5,58.9,12,3,1.3,48,0,30,1,0,0,0
ACC-12011,Starter,Monthly,9,37,36.7,9.7,57.2,28,1,4.9,-4,0,20,0,5,0,0
ACC-12012,Enterprise,Annual,25,24,599.0,10.5,94.5,28,0,31.0,-19,0,0,1,3,0,0
ACC-12013,Starter,Monthly,7,3,39.5,19.8,84.5,10,1,5.3,-2,0,0,1,3,0,0
ACC-12014,Growth,Annual,2,17,107.0,5.4,63.5,4,1,17.2,14,0,0,1,3,0,0
ACC-12015,Starter,Annual,3,1,30.6,7.6,72.5,1,2,1.7,6,0,10,0,3,0,0
ACC-12016,Starter,Monthly,3,9,33.5,18.4,62.7,6,2,5.0,32,0,0,1,2,0,0
ACC-12017,Enterprise,Annual,32,10,575.2,9.9,78.6,6,0,44.3,24,0,20,1,4,0,0
ACC-12018,Starter,Monthly,2,35,32.0,23.6,74.0,2,2,9.0,33,0,0,0,4,0,0
ACC-12019,Growth,Annual,9,4,135.0,16.1,48.4,6,2,32.8,100,0,0,1,4,0,0
ACC-12020,Enterprise,Monthly,37,19,695.0,18.9,57.2,1,2,13.0,61,0,0,1,2,0,0
ACC-12021,Growth,Annual,11,4,123.2,2.2,58.6,6,1,7.8,39,0,20,1,3,0,0
ACC-12022,Enterprise,Annual,23,53,503.2,18.4,58.3,14,1,16.7,67,0,20,0,1,0,0
ACC-12023,Starter,Monthly,5,14,36.5,6.9,43.8,4,0,15.3,2,0,0,1,1,0,0
ACC-12024,Starter,Monthly,11,22,36.8,16.3,62.4,9,3,83.7,0,0,30,0,2,0,0
ACC-12025,Starter,Monthly,5,19,36.5,9.8,43.8,6,3,8.4,62,1,0,1,0,0,0
ACC-12026,Growth,Annual,10,7,139.0,13.3,42.1,0,4,21.2,30,0,0,1,5,0,0
ACC-12027,Enterprise,Monthly,28,42,623.0,5.4,52.4,1,1,23.4,34,0,0,1,2,0,0
ACC-12028,Starter,Monthly,6,18,35.1,1.7,60.9,9,4,19.7,-10,0,10,1,4,0,0
ACC-12029,Growth,Annual,16,13,163.0,12.9,82.0,0,2,13.0,13,0,0,0,3,0,0
ACC-12030,Starter,Monthly,3,14,30.6,10.2,70.6,19,0,30.6,16,1,10,1,3,0,0
ACC-12031,Growth,Annual,9,40,115.2,6.6,79.4,13,2,29.2,13,0,20,0,5,1,1
ACC-12032,Growth,Monthly,9,1,135.0,1.9,94.0,3,2,63.9,100,1,0,0,2,0,0
ACC-12033,Enterprise,Monthly,29,9,511.3,0.0,42.1,2,1,75.4,100,1,30,0,4,0,0
ACC-12034,Growth,Annual,8,33,101.3,15.1,70.6,6,0,4.8,70,0,30,1,4,0,0
ACC-12035,Starter,Monthly,2,1,29.1,10.5,71.5,6,1,21.3,33,0,10,1,2,0,0
ACC-12036,Starter,Monthly,9,18,39.6,8.4,60.6,1,0,38.8,9,1,10,1,2,0,0
ACC-12037,Starter,Annual,2,9,29.1,13.3,74.6,1,1,65.6,-6,1,10,1,3,0,0
ACC-12038,Starter,Monthly,3,4,27.7,18.1,56.9,6,0,3.1,42,0,20,1,1,0,0
ACC-12039,Starter,Annual,5,17,30.7,13.6,69.8,10,2,59.6,75,0,20,1,1,0,0
ACC-12040,Enterprise,Annual,46,32,727.1,9.3,23.8,1,3,5.1,57,0,10,1,2,0,0
ACC-12041,Growth,Monthly,10,11,119.2,24.8,55.0,7,2,17.0,34,0,20,0,2,0,0
ACC-12042,Growth,Monthly,12,3,147.0,8.2,70.6,12,1,21.2,53,0,0,1,2,0,0
ACC-12043,Starter,Annual,1,7,30.5,3.5,77.6,1,1,42.3,29,0,0,1,1,1,0
ACC-12044,Enterprise,Monthly,58,72,783.2,12.6,36.1,3,1,32.6,20,0,20,0,4,0,0
ACC-12045,Growth,Monthly,13,2,151.0,10.5,53.2,11,1,54.5,-5,0,0,0,1,0,0
ACC-12046,Starter,Annual,7,3,33.7,17.7,31.6,3,1,31.0,18,0,20,1,1,1,0
ACC-12047,Growth,Monthly,12,83,137.1,8.8,46.5,2,2,8.3,41,0,10,1,0,0,0
ACC-12048,Growth,Annual,13,38,151.0,11.0,62.0,8,3,3.9,15,0,0,0,2,0,0
ACC-12049,Starter,Monthly,1,22,30.5,6.8,77.8,3,3,3.4,-10,0,0,1,4,0,0
ACC-12050,Growth,Monthly,16,3,153.1,16.8,74.9,7,2,1.8,34,0,10,0,5,0,0
ACC-12051,Growth,Monthly,11,5,133.1,12.9,59.9,1,3,53.9,41,0,10,1,2,0,0
ACC-12052,Starter,Annual,2,4,29.1,10.3,40.7,5,2,13.3,17,0,10,1,2,0,0
ACC-12053,Enterprise,Annual,34,18,671.0,11.1,51.9,3,0,67.3,29,0,0,0,1,1,0
ACC-12054,Growth,Annual,10,9,119.2,11.9,100.0,35,1,29.8,-59,0,20,1,2,0,0
ACC-12055,Growth,Monthly,7,1,127.0,3.4,24.2,5,2,61.5,56,1,0,1,4,0,0
ACC-12056,Growth,Monthly,5,6,89.3,19.0,28.4,7,0,40.6,40,0,30,1,5,0,0
ACC-12057,Starter,Monthly,3,35,33.5,18.6,58.9,1,1,17.5,80,0,0,1,2,0,0
ACC-12058,Growth,Monthly,13,29,141.1,12.2,70.5,29,4,5.1,23,0,10,1,1,1,0
ACC-12059,Growth,Monthly,7,19,107.2,11.6,74.0,0,1,5.9,56,1,20,0,1,1,0
ACC-12060,Starter,Annual,5,2,36.5,6.0,61.3,0,0,9.3,71,1,0,1,3,0,0
ACC-12061,Growth,Monthly,15,39,149.1,22.4,21.6,0,1,1.0,31,0,10,1,4,1,0
ACC-12062,Growth,Annual,5,14,119.0,20.9,50.2,12,1,22.0,42,0,0,1,0,1,0
ACC-12063,Growth,Monthly,11,12,143.0,14.4,16.2,8,0,16.2,35,0,0,1,2,0,0
ACC-12064,Starter,Annual,6,49,38.0,16.9,63.7,22,2,2.1,-26,1,0,1,4,0,0
ACC-12065,Growth,Monthly,33,1,231.0,19.4,65.0,0,2,34.8,44,0,0,1,1,1,0
ACC-12066,Starter,Monthly,2,15,29.1,18.2,52.2,7,3,34.6,-3,1,10,1,2,0,0
ACC-12067,Starter,Monthly,2,28,23.3,6.9,29.0,5,0,2.5,0,0,30,1,2,0,0
ACC-12068,Starter,Monthly,2,1,29.1,10.1,37.0,6,0,4.6,48,0,10,1,2,0,0
ACC-12069,Starter,Monthly,3,8,30.6,14.8,19.3,4,2,5.8,75,0,10,1,2,0,0
ACC-12070,Growth,Monthly,8,68,131.0,13.2,53.9,7,0,14.9,57,0,0,1,3,0,0
ACC-12071,Growth,Monthly,7,4,127.0,16.5,100.0,14,1,58.0,50,0,0,1,0,0,0
ACC-12072,Starter,Annual,1,14,27.6,15.9,52.8,5,1,21.9,42,0,10,1,3,0,0
ACC-12073,Enterprise,Annual,10,25,479.0,13.5,45.8,14,2,22.9,60,1,0,1,4,0,0
ACC-12074,Enterprise,Annual,44,9,711.1,0.0,59.8,9,0,6.9,89,0,10,1,2,0,0
ACC-12075,Enterprise,Monthly,19,9,471.2,19.0,29.7,12,3,19.6,10,0,20,1,3,0,0
ACC-12076,Starter,Annual,4,1,35.0,17.0,30.5,6,0,4.7,11,0,0,1,1,0,0
ACC-12077,Growth,Monthly,6,4,103.2,24.4,41.4,4,2,24.8,56,0,20,0,1,0,0
ACC-12078,Enterprise,Monthly,26,38,487.3,9.1,74.5,0,2,5.4,-30,0,30,0,2,1,0
ACC-12079,Growth,Monthly,6,31,113.1,0.9,62.3,11,1,1.0,27,0,10,1,2,0,1
ACC-12080,Starter,Monthly,2,7,32.0,10.9,51.5,2,0,14.8,39,0,0,1,0,0,0
ACC-12081,Starter,Monthly,4,9,32.1,14.7,71.5,0,2,7.1,11,0,10,1,0,0,0
ACC-12082,Growth,Monthly,12,10,127.2,9.3,92.6,4,0,19.8,-37,1,20,1,1,0,0
ACC-12083,Enterprise,Monthly,21,8,527.1,20.2,71.2,6,1,27.4,78,1,10,1,2,0,0
ACC-12084,Growth,Annual,6,19,113.1,8.0,32.6,7,3,33.6,9,0,10,1,2,0,0
ACC-12085,Growth,Annual,6,1,123.0,11.4,13.6,7,0,79.8,11,0,0,1,2,0,0
ACC-12086,Starter,Annual,4,38,35.0,10.5,16.6,6,0,16.2,76,0,0,1,2,0,0
ACC-12087,Growth,Annual,8,6,131.0,28.6,74.1,10,1,13.2,-73,0,0,1,1,0,0
ACC-12088,Growth,Monthly,9,37,135.0,6.6,38.3,9,0,5.6,83,0,0,0,1,0,0
ACC-12089,Starter,Annual,3,11,30.6,15.5,73.0,10,1,27.5,100,0,10,0,1,0,0
ACC-12090,Growth,Annual,9,27,135.0,4.8,45.0,4,0,13.2,-1,0,0,0,3,0,0
ACC-12091,Enterprise,Monthly,34,31,631.1,14.1,63.5,0,0,7.9,13,0,10,1,4,0,0
ACC-12092,Starter,Monthly,4,6,35.0,6.3,70.4,6,2,11.3,47,0,0,1,3,0,0
ACC-12093,Growth,Annual,12,18,137.1,18.6,37.8,1,1,9.3,39,0,10,0,1,0,0
ACC-12094,Starter,Monthly,3,17,33.5,17.4,73.1,12,1,76.8,64,0,0,0,2,1,0
ACC-12095,Growth,Annual,3,12,111.0,13.6,40.5,8,2,5.1,47,0,0,1,0,0,0
ACC-12096,Growth,Monthly,6,11,123.0,3.7,39.6,9,4,10.7,59,0,0,0,4,0,0
ACC-12097,Growth,Monthly,14,7,155.0,11.7,73.1,2,3,7.3,100,0,0,1,3,0,0
ACC-12098,Growth,Monthly,10,7,139.0,10.2,68.9,6,0,3.8,-26,0,0,1,2,0,0
ACC-12099,Starter,Monthly,6,14,32.2,17.0,65.1,5,0,7.1,77,0,20,1,2,0,0
ACC-12100,Enterprise,Annual,37,1,695.0,6.6,30.7,2,2,13.4,82,0,0,1,3,0,0
ACC-12101,Growth,Annual,12,49,117.3,18.9,46.6,10,0,20.0,-8,0,30,0,0,0,0
ACC-12102,Starter,Monthly,2,19,26.2,17.8,70.2,5,0,19.2,2,0,20,1,1,0,0
ACC-12103,Growth,Monthly,4,11,115.0,3.8,100.0,1,1,29.6,48,0,0,1,4,1,0
ACC-12104,Growth,Annual,4,1,95.2,10.7,94.8,2,2,1.5,-14,0,20,0,2,0,0
ACC-12105,Starter,Annual,3,18,27.7,11.7,44.7,2,2,7.5,8,0,20,1,3,0,0
ACC-12106,Enterprise,Monthly,25,1,479.3,18.0,40.5,2,3,8.7,38,0,30,1,2,0,0
ACC-12107,Enterprise,Monthly,48,21,703.2,7.9,93.1,1,3,23.6,6,0,20,1,1,0,0
ACC-12108,Starter,Annual,1,1,30.5,13.2,68.2,3,0,4.7,22,0,0,1,1,0,0
ACC-12109,Enterprise,Annual,18,19,503.1,18.6,44.7,7,0,4.8,0,1,10,1,2,0,0
ACC-12110,Starter,Monthly,4,9,32.1,13.5,57.8,19,2,2.0,-3,1,10,1,1,0,1
ACC-12111,Starter,Monthly,2,20,23.3,0.9,27.5,1,1,15.2,47,0,30,0,3,0,0
ACC-12112,Starter,Annual,1,3,30.5,9.0,77.2,2,1,25.9,26,0,0,0,2,1,1
ACC-12113,Enterprise,Annual,33,2,663.0,17.4,85.8,0,1,23.9,34,0,0,1,2,0,1
ACC-12114,Growth,Monthly,9,5,125.1,16.7,88.9,2,2,27.2,55,0,10,1,3,0,0
ACC-12115,Starter,Monthly,1,10,30.5,0.0,79.8,3,0,3.7,36,0,0,1,2,0,0
ACC-12116,Starter,Annual,3,5,33.5,13.2,48.0,4,1,17.7,18,0,0,1,2,0,0
ACC-12117,Growth,Monthly,15,2,149.1,17.7,74.7,2,1,2.0,-1,0,10,1,3,0,0
ACC-12118,Starter,Monthly,2,7,32.0,15.2,87.1,1,0,68.0,46,0,0,0,2,0,0
ACC-12119,Enterprise,Monthly,32,22,655.0,15.9,75.8,5,1,2.2,100,0,0,1,0,0,0
ACC-12120,Growth,Monthly,12,16,147.0,24.4,73.8,3,4,42.0,61,1,0,1,3,0,0
ACC-12121,Growth,Annual,10,60,119.2,11.7,59.2,3,2,1.0,-23,0,20,1,0,0,0
ACC-12122,Enterprise,Monthly,25,10,599.0,13.8,35.1,14,1,15.1,-41,0,0,1,0,0,0
ACC-12123,Starter,Annual,3,7,33.5,6.4,95.8,5,3,38.3,4,0,0,1,2,0,0
ACC-12124,Enterprise,Monthly,44,21,751.0,8.2,54.2,3,2,20.1,-24,0,0,1,4,0,0
ACC-12125,Growth,Monthly,9,10,115.2,10.0,81.7,2,1,13.6,-15,0,20,0,3,0,0
ACC-12126,Growth,Monthly,6,17,123.0,17.1,100.0,3,0,2.7,-53,0,0,1,3,0,0
ACC-12127,Starter,Annual,4,53,35.0,7.5,75.0,12,2,21.5,38,0,0,1,1,0,0
ACC-12128,Enterprise,Annual,36,12,687.0,19.4,80.8,20,4,18.4,-11,0,0,1,4,0,0
ACC-12129,Starter,Monthly,5,12,36.5,5.4,34.4,3,0,12.3,-11,0,0,1,2,0,0
ACC-12130,Starter,Annual,2,27,29.1,15.8,39.0,1,1,5.4,7,0,10,1,2,0,0
ACC-12131,Starter,Annual,7,25,39.5,15.3,82.8,15,0,5.0,8,0,0,0,4,0,0
ACC-12132,Growth,Annual,24,13,175.2,13.5,42.9,1,3,70.1,21,0,20,0,2,0,0
ACC-12133,Growth,Monthly,3,1,111.0,17.9,25.5,2,2,67.1,-19,0,0,1,3,0,0
ACC-12134,Growth,Annual,8,71,101.3,7.5,18.5,1,3,55.3,64,0,30,1,2,1,0
ACC-12135,Enterprise,Monthly,38,9,703.0,9.2,50.2,5,1,14.5,40,0,0,1,2,0,0
ACC-12136,Starter,Monthly,2,7,23.3,6.2,50.0,3,3,88.9,44,0,30,1,3,0,0
ACC-12137,Growth,Annual,12,72,137.1,12.1,77.0,2,3,7.1,15,0,10,1,5,0,0
ACC-12138,Starter,Monthly,1,37,30.5,11.3,33.2,9,0,11.1,68,1,0,1,2,0,0
ACC-12139,Enterprise,Monthly,28,7,583.1,17.1,85.3,7,3,3.8,47,0,10,1,1,0,0
ACC-12140,Growth,Monthly,6,7,123.0,14.3,28.3,32,0,12.5,37,0,0,1,0,0,0
ACC-12141,Growth,Annual,9,23,135.0,16.1,28.9,2,0,4.1,65,0,0,1,1,0,0
ACC-12142,Growth,Annual,12,7,137.1,10.8,58.0,11,0,1.4,-28,0,10,1,3,0,0
ACC-12143,Starter,Monthly,1,5,30.5,14.4,56.2,2,0,1.0,37,0,0,1,2,1,0
ACC-12144,Growth,Annual,9,70,135.0,22.9,67.8,0,0,9.5,7,0,0,1,3,0,0
ACC-12145,Growth,Monthly,4,15,95.2,3.9,29.1,1,4,45.6,5,0,20,0,2,0,0
ACC-12146,Growth,Monthly,13,26,151.0,1.0,62.8,4,1,11.5,58,1,0,0,2,0,0
ACC-12147,Starter,Annual,5,22,30.7,15.8,18.1,10,2,20.7,78,0,20,1,1,0,0
ACC-12148,Growth,Monthly,7,25,117.1,6.9,6.7,0,3,34.1,75,0,10,0,2,0,0
ACC-12149,Growth,Monthly,6,42,123.0,3.7,95.2,11,5,16.1,30,1,0,0,1,0,0
ACC-12150,Starter,Monthly,3,13,33.5,15.2,78.0,8,3,16.6,19,0,0,1,2,0,0
ACC-12151,Starter,Annual,1,25,21.8,6.0,54.9,0,3,14.9,73,0,30,1,2,0,0
ACC-12152,Growth,Monthly,13,29,141.1,21.2,10.5,1,2,2.7,-4,0,10,1,0,0,0
ACC-12153,Growth,Annual,5,53,119.0,12.9,44.9,0,4,20.2,89,0,0,0,4,0,0
ACC-12154,Starter,Annual,1,22,30.5,10.8,64.9,7,2,25.7,16,0,0,0,1,0,0
ACC-12155,Starter,Monthly,1,40,30.5,7.1,44.9,5,1,1.0,28,0,0,1,2,0,0
ACC-12156,Starter,Annual,5,2,33.6,13.3,89.3,3,3,1.7,11,0,10,1,3,0,0
ACC-12157,Starter,Monthly,1,2,30.5,2.5,68.8,1,1,15.6,31,0,0,1,1,0,0
ACC-12158,Growth,Monthly,14,3,155.0,0.0,34.7,3,1,36.5,-2,0,0,0,2,0,0
ACC-12159,Growth,Annual,6,3,93.3,2.7,19.9,7,0,15.2,17,0,30,1,6,0,0
ACC-12160,Growth,Annual,4,2,115.0,18.8,74.2,1,2,11.4,35,0,0,1,1,0,0
ACC-12161,Growth,Monthly,7,2,127.0,6.5,73.5,12,0,55.2,26,0,0,1,5,0,0
ACC-12162,Starter,Monthly,3,96,33.5,3.4,71.6,0,2,1.6,-57,0,0,1,0,0,0
ACC-12163,Growth,Monthly,5,6,119.0,11.5,92.1,6,0,3.0,100,0,0,0,3,0,0
ACC-12164,Growth,Monthly,10,12,129.1,25.3,65.1,1,1,23.1,85,0,10,1,4,0,0
ACC-12165,Enterprise,Monthly,20,31,559.0,18.6,57.1,1,0,2.3,-11,0,0,1,4,0,0
ACC-12166,Growth,Monthly,19,2,175.0,7.2,71.8,3,0,2.9,8,0,0,1,1,0,0
ACC-12167,Starter,Annual,1,7,30.5,7.1,82.2,7,1,41.1,24,0,0,1,3,0,0
ACC-12168,Growth,Monthly,25,3,199.0,7.2,70.1,1,1,4.7,53,0,0,0,1,0,0
ACC-12169,Starter,Monthly,1,1,30.5,6.5,55.7,4,2,19.5,47,0,0,0,2,0,0
ACC-12170,Growth,Annual,16,58,163.0,15.3,76.3,3,0,10.1,-8,1,0,1,0,1,0
ACC-12171,Starter,Annual,2,35,32.0,10.0,57.1,3,2,2.9,100,0,0,1,2,0,0
ACC-12172,Starter,Monthly,3,38,33.5,5.3,44.3,17,0,9.8,16,0,0,1,0,0,0
ACC-12173,Enterprise,Monthly,34,37,551.3,4.0,57.7,3,1,10.8,93,0,30,1,5,0,0
ACC-12174,Starter,Annual,6,3,38.0,25.8,48.0,29,1,19.8,9,0,0,1,2,0,0
ACC-12175,Growth,Monthly,10,28,139.0,16.4,53.1,5,4,3.3,67,0,0,1,3,0,0
ACC-12176,Starter,Monthly,3,23,33.5,6.9,36.4,11,2,1.0,43,1,0,1,4,0,0
ACC-12177,Growth,Annual,3,47,111.0,19.3,77.0,3,3,18.6,0,0,0,1,3,0,0
ACC-12178,Growth,Monthly,12,4,127.2,5.1,59.7,1,1,1.4,51,0,20,1,1,1,0
ACC-12179,Growth,Monthly,4,10,85.3,11.2,70.6,1,0,3.3,36,0,30,0,2,0,0
ACC-12180,Starter,Monthly,1,6,30.5,10.5,65.6,5,2,79.8,62,0,0,1,4,0,0
ACC-12181,Starter,Monthly,9,5,33.8,13.1,35.2,16,1,1.0,3,0,30,1,0,0,0
ACC-12182,Starter,Monthly,1,19,30.5,6.3,84.1,0,4,20.6,27,0,0,1,4,0,0
ACC-12183,Starter,Annual,6,3,29.3,12.8,50.0,7,2,3.0,58,0,30,1,2,0,0
ACC-12184,Growth,Monthly,9,11,125.1,1.5,47.1,5,1,34.4,-34,0,10,1,1,0,1
ACC-12185,Enterprise,Monthly,23,19,583.0,9.7,59.7,6,1,17.4,-10,0,0,0,2,0,0
ACC-12186,Enterprise,Monthly,44,3,751.0,20.0,60.1,1,2,12.8,31,0,0,1,2,0,0
ACC-12187,Growth,Annual,5,5,89.3,18.2,100.0,0,0,12.3,36,0,30,1,3,0,0
ACC-12188,Growth,Monthly,6,62,123.0,7.8,68.1,0,2,22.2,27,0,0,1,5,1,0
ACC-12189,Growth,Monthly,10,29,139.0,2.8,44.3,2,3,36.5,58,0,0,1,2,0,0
ACC-12190,Starter,Annual,3,20,33.5,0.0,96.8,1,0,1.0,26,0,0,1,1,0,0
ACC-12191,Enterprise,Monthly,38,35,703.0,15.7,19.1,1,1,1.0,66,0,0,1,2,0,0
ACC-12192,Growth,Monthly,13,1,151.0,13.7,44.4,2,2,6.4,41,0,0,1,0,0,0
ACC-12193,Growth,Monthly,16,1,143.2,14.3,42.8,5,0,26.8,-9,0,20,1,1,0,0
ACC-12194,Starter,Monthly,4,3,29.2,22.1,54.9,18,7,4.3,36,0,20,0,3,0,1
ACC-12195,Starter,Monthly,5,12,36.5,12.9,62.6,15,2,10.4,27,0,0,1,0,0,0
ACC-12196,Growth,Annual,8,15,121.1,13.4,64.6,2,4,14.2,7,0,10,1,0,0,0
ACC-12197,Enterprise,Monthly,23,2,543.1,3.6,64.2,0,0,9.3,-23,0,10,0,3,0,0
ACC-12198,Growth,Monthly,5,1,119.0,21.7,68.9,33,2,12.5,-11,0,0,1,2,0,1
ACC-12199,Starter,Monthly,3,32,33.5,11.0,53.7,4,2,32.1,0,0,0,1,3,0,0
ACC-12200,Enterprise,Monthly,38,11,623.2,7.1,83.4,23,2,5.2,67,0,20,1,1,0,0
ACC-12201,Starter,Monthly,12,88,47.0,13.2,19.5,5,4,7.9,19,0,0,0,3,0,0
ACC-12202,Starter,Annual,2,5,32.0,24.0,2.0,13,2,15.0,73,0,0,1,5,0,0
ACC-12203,Starter,Monthly,6,19,38.0,24.8,71.3,4,0,40.1,-6,0,0,0,2,0,0
ACC-12204,Growth,Annual,2,29,107.0,6.2,47.7,6,0,4.6,5,0,0,1,1,0,0
ACC-12205,Enterprise,Monthly,12,37,495.0,19.1,92.8,5,3,14.9,10,0,0,0,6,1,0
ACC-12206,Starter,Monthly,8,7,41.0,14.0,77.9,1,3,41.7,20,0,0,1,6,1,0
ACC-12207,Enterprise,Monthly,20,4,559.0,17.9,68.0,9,1,2.4,38,0,0,1,2,1,0
ACC-12208,Starter,Monthly,7,5,39.5,13.7,44.3,0,1,25.6,52,0,0,0,2,0,0
ACC-12209,Enterprise,Monthly,37,20,695.0,15.7,69.9,3,3,5.1,74,0,0,1,1,0,0
ACC-12210,Growth,Monthly,6,13,103.2,19.9,46.3,12,4,3.8,-47,0,20,1,4,0,0
ACC-12211,Growth,Annual,4,16,85.3,1.5,56.3,4,3,5.4,100,0,30,1,0,0,0
ACC-12212,Starter,Monthly,3,1,33.5,14.2,47.8,0,3,14.0,-7,0,0,1,1,0,0
ACC-12213,Enterprise,Monthly,35,9,559.3,5.0,60.7,1,1,18.5,34,0,30,1,2,0,0
ACC-12214,Growth,Monthly,16,7,163.0,9.2,49.5,1,1,4.3,64,0,0,1,0,0,0
ACC-12215,Starter,Monthly,1,36,24.7,12.0,77.0,2,0,2.4,52,1,20,1,4,0,0
ACC-12216,Growth,Monthly,13,27,151.0,6.0,65.0,1,2,12.1,69,0,0,1,3,1,0
ACC-12217,Starter,Monthly,4,10,35.0,8.5,43.8,7,3,1.2,66,0,0,1,2,1,0
ACC-12218,Enterprise,Monthly,23,18,583.0,3.6,45.2,6,2,15.5,45,0,0,1,2,0,0
ACC-12219,Starter,Annual,2,1,32.0,8.4,27.1,1,0,23.0,56,0,0,1,0,0,0
ACC-12220,Growth,Annual,7,18,127.0,15.1,12.0,4,2,58.3,-13,0,0,1,5,0,0
ACC-12221,Growth,Monthly,5,2,119.0,17.2,75.5,2,2,3.1,5,0,0,1,3,0,0
ACC-12222,Starter,Monthly,1,23,27.6,7.4,47.2,2,2,11.4,-4,1,10,1,5,1,0
ACC-12223,Starter,Annual,3,15,30.6,20.0,28.2,5,1,5.9,-53,0,10,0,0,0,0
ACC-12224,Starter,Monthly,3,6,33.5,15.5,64.8,14,2,4.9,-3,1,0,1,4,0,0
ACC-12225,Growth,Monthly,18,8,171.0,20.6,39.1,14,2,14.7,-6,0,0,1,1,0,0
ACC-12226,Starter,Monthly,1,2,30.5,1.4,53.5,3,3,3.1,-3,0,0,1,1,0,0
ACC-12227,Growth,Monthly,9,7,115.2,13.9,26.6,3,1,1.0,53,1,20,0,1,0,0
ACC-12228,Starter,Monthly,1,61,21.8,15.7,69.3,4,0,3.5,3,0,30,1,4,0,0
ACC-12229,Starter,Monthly,2,12,29.1,1.7,56.9,4,0,8.2,60,1,10,1,2,0,0
ACC-12230,Growth,Monthly,16,12,163.0,26.5,66.0,0,2,1.0,-25,0,0,1,2,0,0
ACC-12231,Starter,Monthly,3,18,24.8,8.2,45.6,5,0,38.9,7,0,30,1,2,1,0
ACC-12232,Enterprise,Annual,40,12,679.1,15.3,60.4,5,0,17.5,16,0,10,0,1,0,0
ACC-12233,Enterprise,Monthly,37,8,695.0,17.6,23.0,4,2,1.0,72,0,0,1,5,0,0
ACC-12234,Growth,Monthly,13,3,141.1,12.6,100.0,3,3,5.2,32,0,10,0,1,0,0
ACC-12235,Growth,Monthly,10,18,129.1,20.3,64.1,17,1,21.8,40,1,10,1,3,0,1
ACC-12236,Enterprise,Annual,29,25,591.1,24.0,92.6,6,1,1.0,-8,1,10,1,0,0,0
ACC-12237,Starter,Annual,3,46,33.5,5.3,49.1,10,2,9.5,60,0,0,1,3,0,0
ACC-12238,Starter,Annual,1,1,30.5,12.7,31.9,18,1,2.0,28,0,0,1,1,0,0
ACC-12239,Starter,Monthly,7,1,39.5,17.5,44.2,10,0,9.9,-31,0,0,1,4,0,1
ACC-12240,Growth,Annual,2,41,77.3,2.2,54.0,17,3,68.9,55,0,30,1,2,0,0
ACC-12241,Starter,Annual,6,18,32.2,18.4,52.4,9,0,12.1,40,0,20,0,3,0,0
ACC-12242,Growth,Monthly,5,57,109.1,22.2,96.0,1,3,19.0,18,0,10,0,0,0,0
ACC-12243,Enterprise,Monthly,30,10,599.1,19.7,36.2,2,1,10.5,18,1,10,1,1,0,0
ACC-12244,Enterprise,Monthly,41,10,727.0,14.6,41.7,1,2,7.6,-7,0,0,1,2,0,0
ACC-12245,Growth,Annual,6,8,123.0,21.2,70.7,2,0,18.9,71,0,0,1,0,0,0
ACC-12246,Starter,Monthly,8,3,41.0,14.1,20.1,3,0,19.4,55,0,0,1,1,0,0
ACC-12247,Growth,Monthly,17,9,137.3,4.1,54.1,10,1,19.1,-7,0,30,0,1,0,0
ACC-12248,Growth,Annual,9,1,125.1,8.9,58.1,3,2,1.0,32,1,10,1,2,0,0
ACC-12249,Starter,Annual,5,13,36.5,10.5,64.5,8,2,23.8,5,1,0,1,1,0,0
ACC-12250,Starter,Annual,3,34,30.6,11.6,62.7,14,3,22.5,-15,0,10,1,3,0,0
ACC-12251,Enterprise,Annual,16,7,447.2,11.4,98.7,1,0,1.5,84,0,20,1,1,0,0
ACC-12252,Growth,Monthly,11,2,133.1,10.0,35.5,0,4,4.2,18,0,10,0,3,0,0
ACC-12253,Growth,Annual,9,66,135.0,13.3,40.8,13,2,14.7,1,0,0,1,2,0,0
ACC-12254,Enterprise,Monthly,56,2,847.0,21.0,68.4,2,1,9.0,-12,1,0,1,0,0,1
ACC-12255,Growth,Annual,3,14,111.0,13.3,60.0,1,2,17.2,22,1,0,1,1,0,0
ACC-12256,Growth,Monthly,10,30,139.0,15.8,62.7,2,1,28.6,-44,0,0,0,0,0,0
ACC-12257,Starter,Annual,3,5,24.8,0.0,24.1,1,1,15.9,25,0,30,1,1,0,0
ACC-12258,Starter,Annual,4,33,35.0,12.8,100.0,9,3,12.3,72,0,0,1,1,0,0
ACC-12259,Starter,Annual,4,15,35.0,18.5,64.9,6,3,6.1,62,0,0,1,1,0,0
ACC-12260,Growth,Monthly,10,7,139.0,19.5,20.2,1,1,19.1,47,0,0,1,1,0,0
ACC-12261,Growth,Monthly,14,36,135.2,18.9,68.4,5,2,35.1,100,1,20,1,2,0,0
ACC-12262,Enterprise,Annual,30,18,599.1,13.8,30.7,1,0,6.1,39,0,10,1,5,0,0
ACC-12263,Starter,Monthly,1,17,30.5,14.5,75.4,1,1,31.0,-2,0,0,1,0,0,0
ACC-12264,Growth,Annual,3,13,111.0,8.0,26.1,5,0,10.8,59,0,0,1,1,0,0
ACC-12265,Growth,Monthly,3,6,101.1,17.1,77.1,7,0,2.4,35,0,10,1,1,0,0
ACC-12266,Growth,Annual,7,7,127.0,8.0,28.1,3,5,48.3,31,0,0,1,0,0,0
ACC-12267,Growth,Monthly,10,2,109.3,16.1,33.6,9,2,22.9,40,0,30,1,2,0,0
ACC-12268,Starter,Annual,2,5,32.0,12.2,58.0,11,0,36.8,16,0,0,1,3,0,0
ACC-12269,Growth,Annual,10,6,139.0,12.1,41.5,15,1,21.3,95,0,0,1,4,0,0
ACC-12270,Starter,Monthly,6,1,32.2,18.0,42.8,6,2,2.6,-27,0,20,1,2,0,1
ACC-12271,Starter,Monthly,2,2,26.2,15.4,21.3,1,2,15.6,59,0,20,1,1,0,0
ACC-12272,Growth,Monthly,13,6,151.0,13.7,47.7,8,1,20.1,35,0,0,1,3,0,0
ACC-12273,Growth,Monthly,10,20,119.2,9.0,74.4,1,0,6.1,46,0,20,0,4,0,0
ACC-12274,Enterprise,Monthly,25,4,599.0,21.6,96.3,1,2,19.9,17,0,0,1,1,0,0
ACC-12275,Growth,Annual,10,13,139.0,14.0,73.2,11,0,16.7,83,0,0,1,3,0,0
ACC-12276,Growth,Monthly,19,13,165.1,16.5,70.1,15,1,1.0,61,0,10,0,1,0,0
ACC-12277,Growth,Monthly,13,32,131.2,12.5,17.9,0,4,42.8,3,0,20,1,3,1,0
ACC-12278,Growth,Monthly,15,17,159.0,7.8,54.4,2,0,15.3,69,0,0,1,2,0,0
ACC-12279,Starter,Monthly,4,45,35.0,14.1,40.7,6,0,17.6,41,0,0,1,2,0,0
ACC-12280,Starter,Monthly,4,18,32.1,8.4,21.8,17,0,3.3,10,0,10,1,3,0,0
ACC-12281,Starter,Annual,2,1,29.1,14.6,27.0,5,2,32.6,-29,0,10,0,1,0,1
ACC-12282,Growth,Annual,12,9,117.3,0.0,69.7,10,1,15.2,57,1,30,1,3,0,0
ACC-12283,Starter,Monthly,7,22,39.5,9.6,42.7,15,1,1.9,5,0,0,1,3,0,0
ACC-12284,Starter,Monthly,8,12,41.0,11.9,22.5,4,1,24.1,48,0,0,0,2,0,0
ACC-12285,Starter,Annual,3,10,30.6,6.3,41.0,8,1,13.4,81,0,10,1,3,0,0
ACC-12286,Enterprise,Monthly,30,20,599.1,14.2,61.4,7,0,8.1,2,0,10,1,1,0,0
ACC-12287,Starter,Monthly,5,6,27.8,9.5,40.2,7,2,50.9,77,0,30,1,0,0,0
ACC-12288,Growth,Monthly,9,43,135.0,12.0,28.4,4,2,34.4,-10,0,0,1,1,0,0
ACC-12289,Starter,Monthly,3,10,33.5,8.7,34.8,6,0,1.0,82,0,0,1,1,0,0
ACC-12290,Growth,Annual,6,18,113.1,17.8,74.5,5,3,24.0,94,0,10,1,3,0,0
ACC-12291,Starter,Annual,3,73,30.6,15.3,9.3,6,2,3.8,61,0,10,1,7,0,0
ACC-12292,Starter,Monthly,4,28,35.0,13.8,49.1,4,5,1.0,45,0,0,1,2,0,0
ACC-12293,Growth,Monthly,9,14,125.1,12.4,52.5,2,0,4.9,61,0,10,1,2,0,0
ACC-12294,Starter,Annual,5,35,36.5,27.2,38.4,7,1,1.0,18,0,0,1,1,0,0
ACC-12295,Starter,Annual,5,15,36.5,11.1,33.9,3,1,20.3,-16,0,0,1,2,0,0
ACC-12296,Starter,Annual,9,10,42.5,7.8,76.6,1,0,28.3,4,0,0,1,1,1,0
ACC-12297,Starter,Annual,1,37,27.6,5.0,76.6,11,1,3.9,100,1,10,0,2,0,0
ACC-12298,Starter,Monthly,1,1,24.7,17.4,57.3,1,1,4.7,-11,0,20,1,3,0,0
ACC-12299,Starter,Annual,3,9,33.5,21.8,43.0,5,3,2.9,64,0,0,0,1,0,0
ACC-12300,Growth,Annual,5,8,119.0,6.9,57.5,8,1,16.5,26,0,0,1,3,0,0
ACC-12301,Growth,Monthly,18,23,151.2,10.3,63.9,6,0,13.4,17,0,20,0,2,0,0
ACC-12302,Growth,Annual,4,1,115.0,9.8,52.5,1,2,1.0,89,0,0,1,2,0,0
ACC-12303,Starter,Monthly,1,19,30.5,11.3,64.5,1,1,9.2,33,1,0,1,3,0,0
ACC-12304,Enterprise,Monthly,32,8,655.0,1.4,47.2,1,1,1.8,63,0,0,1,2,0,0
ACC-12305,Starter,Monthly,3,2,33.5,16.8,2.0,0,2,17.3,100,0,0,1,2,1,0
ACC-12306,Starter,Monthly,1,71,24.7,19.1,50.7,2,0,12.8,23,0,20,1,5,0,0
ACC-12307,Growth,Monthly,5,4,109.1,0.6,70.1,4,2,12.3,47,0,10,1,2,0,0
ACC-12308,Starter,Monthly,4,8,35.0,22.5,55.7,1,2,26.6,55,0,0,0,0,0,0
ACC-12309,Starter,Monthly,2,4,32.0,21.7,62.6,21,1,12.3,19,1,0,1,1,0,0
ACC-12310,Growth,Monthly,11,20,143.0,0.0,49.0,7,2,13.3,47,0,0,0,2,1,0
ACC-12311,Enterprise,Monthly,21,27,567.0,0.0,50.8,5,2,20.0,69,0,0,1,1,0,0
ACC-12312,Growth,Monthly,11,35,113.3,11.2,58.8,7,4,7.2,57,0,30,1,1,0,0
ACC-12313,Growth,Annual,4,7,115.0,19.9,97.8,3,1,55.4,34,0,0,0,0,0,0
ACC-12314,Enterprise,Monthly,27,13,615.0,13.7,73.5,4,1,6.6,-71,0,0,1,1,0,0
ACC-12315,Starter,Monthly,4,20,35.0,12.1,70.6,13,0,49.0,-21,0,0,1,5,0,0
ACC-12316,Starter,Annual,3,18,30.6,15.4,59.5,8,0,33.6,94,0,10,1,5,0,0
ACC-12317,Starter,Annual,3,23,24.8,7.2,25.7,5,0,47.3,-3,0,30,0,5,0,0
ACC-12318,Starter,Annual,7,26,39.5,19.7,82.0,18,2,4.0,71,0,0,1,6,0,0
ACC-12319,Starter,Monthly,5,2,36.5,11.4,75.0,7,2,5.3,-13,1,0,0,2,0,0
ACC-12320,Enterprise,Monthly,33,3,663.0,2.2,63.1,3,1,37.7,-4,1,0,0,1,0,0
ACC-12321,Growth,Annual,3,24,91.2,7.2,54.0,0,3,63.0,54,0,20,1,1,0,0
ACC-12322,Growth,Monthly,6,12,123.0,14.2,67.0,3,1,28.0,84,0,0,1,5,1,0
ACC-12323,Starter,Monthly,2,10,32.0,10.3,49.9,16,1,20.3,53,0,0,1,2,0,0
ACC-12324,Growth,Monthly,5,11,109.1,9.6,71.0,0,0,33.2,42,0,10,1,2,0,0
ACC-12325,Enterprise,Annual,23,8,583.0,13.2,36.6,1,1,1.0,-18,0,0,0,1,1,0
ACC-12326,Growth,Monthly,11,16,133.1,14.2,13.0,10,4,38.5,-44,0,10,1,3,0,0
ACC-12327,Starter,Annual,1,7,30.5,4.6,28.6,3,1,6.6,15,0,0,1,1,0,0
ACC-12328,Growth,Annual,13,18,131.2,19.3,58.1,1,5,1.2,35,0,20,1,1,0,0
ACC-12329,Starter,Monthly,2,4,32.0,11.2,48.4,10,2,22.9,28,0,0,1,2,0,1
ACC-12330,Starter,Annual,2,26,29.1,14.5,51.7,5,2,27.9,100,0,10,0,4,0,0
ACC-12331,Starter,Annual,2,27,32.0,12.6,26.5,5,7,19.7,-24,0,0,1,1,0,0
ACC-12332,Growth,Annual,6,16,113.1,9.5,61.6,2,1,8.6,19,0,10,0,2,0,0
ACC-12333,Growth,Monthly,12,8,137.1,17.5,32.2,7,0,2.5,88,0,10,1,3,1,0
ACC-12334,Starter,Annual,1,1,24.7,12.5,65.9,12,3,29.3,53,1,20,0,3,0,0
ACC-12335,Starter,Monthly,8,2,41.0,12.4,23.9,8,2,1.0,-8,1,0,1,6,0,1
ACC-12336,Growth,Annual,7,1,127.0,0.0,36.5,6,2,28.5,-48,0,0,1,1,0,0
ACC-12337,Starter,Monthly,2,1,32.0,16.9,33.6,3,0,63.1,16,0,0,1,4,0,0
ACC-12338,Starter,Monthly,2,23,32.0,11.0,67.6,12,2,115.0,-5,0,0,1,1,0,0
ACC-12339,Starter,Annual,1,56,21.8,16.5,44.8,5,3,10.1,14,0,30,1,1,0,0
ACC-12340,Growth,Annual,8,1,111.2,21.9,64.3,13,1,2.3,100,0,20,0,2,0,0
ACC-12341,Starter,Monthly,1,2,24.7,16.9,80.1,2,0,2.0,-5,0,20,1,2,0,0
ACC-12342,Starter,Monthly,3,35,33.5,12.3,94.2,6,3,13.5,7,0,0,1,1,0,0
ACC-12343,Starter,Monthly,2,21,32.0,10.3,60.1,16,1,31.4,62,0,0,1,0,0,0
ACC-12344,Enterprise,Annual,40,9,679.1,27.2,30.8,3,1,1.0,40,0,10,0,3,0,0
ACC-12345,Growth,Annual,3,89,91.2,14.9,82.5,18,1,3.7,82,0,20,1,1,0,0
ACC-12346,Growth,Annual,12,15,117.3,13.3,88.2,3,1,17.8,59,0,30,0,2,0,0
ACC-12347,Starter,Monthly,10,20,44.0,10.9,53.7,3,1,1.8,6,0,0,1,0,0,0
ACC-12348,Growth,Monthly,7,19,117.1,6.6,84.0,10,1,42.1,48,0,10,1,1,0,0
ACC-12349,Starter,Annual,1,5,27.6,0.3,62.3,2,3,14.0,34,0,10,1,4,0,0
ACC-12350,Growth,Annual,6,12,93.3,21.1,18.5,7,2,9.8,-32,0,30,1,1,0,0
ACC-12351,Enterprise,Monthly,30,4,599.1,7.3,41.1,2,3,1.0,100,0,10,1,2,0,0
ACC-12352,Growth,Annual,14,13,155.0,10.9,43.9,5,2,2.4,-7,0,0,1,1,0,0
ACC-12353,Enterprise,Monthly,32,1,575.2,11.4,47.0,9,1,35.2,26,0,20,1,2,0,0
ACC-12354,Growth,Monthly,7,9,127.0,20.6,34.5,0,1,24.0,13,1,0,1,3,0,1
ACC-12355,Starter,Monthly,2,8,23.3,7.4,33.8,1,2,1.0,34,0,30,1,1,0,0
ACC-12356,Enterprise,Monthly,21,6,567.0,13.5,84.6,16,0,73.0,37,0,0,1,2,0,0
ACC-12357,Starter,Monthly,3,1,33.5,15.1,16.8,10,0,8.7,50,0,0,1,2,0,0
ACC-12358,Growth,Monthly,12,27,137.1,3.7,39.1,13,0,18.6,13,0,10,1,3,1,0
ACC-12359,Starter,Monthly,4,10,35.0,3.1,68.7,3,2,25.6,68,1,0,1,1,0,0
ACC-12360,Starter,Annual,2,30,29.1,7.7,42.7,8,1,62.7,6,0,10,0,1,0,0
ACC-12361,Starter,Monthly,7,33,39.5,13.5,63.8,38,1,44.2,11,0,0,1,1,1,0
ACC-12362,Starter,Monthly,5,4,27.8,12.7,46.2,3,0,18.2,-30,0,30,0,5,0,0
ACC-12363,Growth,Monthly,17,10,147.2,11.3,64.6,11,0,3.0,38,0,20,1,2,0,0
ACC-12364,Growth,Monthly,13,23,141.1,15.9,32.2,0,2,37.3,83,0,10,1,3,0,0
ACC-12365,Starter,Annual,3,12,30.6,6.9,14.1,5,0,33.9,21,0,10,0,3,0,0
ACC-12366,Starter,Monthly,1,35,30.5,11.0,46.2,2,2,20.4,92,0,0,1,2,0,0
ACC-12367,Growth,Annual,10,15,139.0,11.3,15.7,4,1,90.6,-8,1,0,1,3,0,0
ACC-12368,Starter,Annual,7,18,39.5,7.0,53.5,1,0,15.0,-18,0,0,0,2,0,0
ACC-12369,Growth,Monthly,5,28,99.2,25.8,30.0,3,3,4.8,79,0,20,1,2,0,0
ACC-12370,Growth,Monthly,10,2,129.1,0.0,30.3,0,2,5.9,24,0,10,1,4,0,0
ACC-12371,Growth,Monthly,5,16,99.2,19.4,87.4,4,0,10.4,-4,0,20,1,2,0,0
ACC-12372,Growth,Monthly,10,2,129.1,16.8,61.0,3,1,11.0,39,0,10,1,4,0,0
ACC-12373,Starter,Annual,3,5,33.5,16.8,21.2,2,4,35.6,42,1,0,1,3,0,0
ACC-12374,Growth,Monthly,4,4,85.3,12.6,53.9,18,2,43.6,63,0,30,1,1,0,0
ACC-12375,Starter,Monthly,5,15,33.6,20.0,51.9,1,5,9.6,18,0,10,1,1,0,0
ACC-12376,Starter,Monthly,2,33,32.0,9.3,9.5,10,2,58.1,-17,0,0,1,1,0,0
ACC-12377,Growth,Monthly,7,3,107.2,14.4,62.6,3,3,52.6,20,0,20,1,1,0,0
ACC-12378,Starter,Monthly,4,26,29.2,12.4,76.0,1,1,10.6,29,0,20,1,3,0,0
ACC-12379,Growth,Monthly,10,3,119.2,10.6,45.7,2,2,40.5,69,0,20,1,3,0,0
ACC-12380,Growth,Monthly,9,4,105.3,12.7,48.6,14,2,2.4,-23,0,30,1,1,0,1
ACC-12381,Enterprise,Monthly,25,45,599.0,6.3,42.7,10,3,14.3,17,1,0,1,4,0,0
ACC-12382,Enterprise,Annual,23,1,503.2,8.0,63.5,0,0,24.9,40,0,20,0,2,0,0
ACC-12383,Starter,Annual,1,4,21.8,21.5,49.5,1,0,8.5,84,1,30,0,1,0,1
ACC-12384,Starter,Monthly,2,4,26.2,29.3,50.4,7,0,1.0,7,0,20,1,4,0,0
ACC-12385,Growth,Monthly,15,6,149.1,15.1,37.2,2,1,1.1,2,0,10,1,3,0,0
ACC-12386,Starter,Annual,3,8,33.5,17.0,99.9,15,1,45.0,53,0,0,1,1,1,0
ACC-12387,Growth,Monthly,8,2,131.0,13.5,49.3,9,3,14.6,-50,0,0,1,4,0,0
ACC-12388,Growth,Monthly,7,11,107.2,14.7,70.4,12,1,3.3,10,0,20,1,3,0,0
ACC-12389,Growth,Monthly,9,9,135.0,15.3,60.8,1,1,46.5,51,0,0,1,3,0,0
ACC-12390,Starter,Annual,3,18,33.5,18.2,2.0,1,2,57.0,42,0,0,0,2,0,0
ACC-12391,Starter,Monthly,4,36,32.1,21.2,46.8,16,2,7.9,37,0,10,1,3,0,0
ACC-12392,Starter,Annual,3,6,33.5,6.7,29.6,3,1,17.6,-27,0,0,1,1,0,0
ACC-12393,Starter,Annual,1,14,27.6,29.0,76.5,3,1,7.9,-15,0,10,0,1,0,0
ACC-12394,Enterprise,Annual,39,8,591.3,12.8,27.1,7,1,25.8,77,0,30,0,3,0,0
ACC-12395,Starter,Annual,3,1,33.5,12.8,65.9,3,4,59.1,27,0,0,0,1,0,0
ACC-12396,Starter,Monthly,2,31,32.0,9.5,76.9,12,1,1.0,22,0,0,0,3,1,0
ACC-12397,Starter,Monthly,3,18,30.6,9.5,61.2,19,1,12.7,2,0,10,1,2,0,0
ACC-12398,Growth,Annual,8,1,121.1,15.7,55.1,2,2,32.1,31,1,10,1,1,0,0
ACC-12399,Growth,Annual,15,5,129.3,15.8,46.3,1,1,23.4,13,0,30,1,3,0,0
ACC-12400,Starter,Monthly,9,7,42.5,15.4,52.3,0,0,4.0,60,0,0,1,4,0,0
ACC-12401,Starter,Annual,5,30,36.5,9.3,25.5,1,1,10.0,-7,0,0,1,3,0,0
ACC-12402,Starter,Monthly,1,26,24.7,0.0,58.9,1,1,12.6,59,1,20,0,2,1,0
ACC-12403,Starter,Monthly,4,9,32.1,1.2,78.1,0,1,27.3,88,0,10,1,3,0,0
ACC-12404,Growth,Monthly,16,3,153.1,12.1,35.8,0,0,12.3,52,0,10,1,1,0,0
ACC-12405,Growth,Monthly,7,9,107.2,14.0,55.4,4,4,7.5,-13,0,20,1,2,0,0
ACC-12406,Starter,Monthly,4,30,35.0,9.5,52.7,7,3,10.7,59,0,0,1,1,0,0
ACC-12407,Starter,Monthly,3,11,33.5,7.8,61.9,25,1,68.2,13,0,0,1,3,0,1
ACC-12408,Enterprise,Monthly,60,2,799.2,13.8,43.2,1,0,1.0,12,0,20,0,3,0,0
ACC-12409,Growth,Monthly,15,1,159.0,11.4,21.8,7,2,8.1,35,0,0,1,3,0,0
ACC-12410,Growth,Monthly,10,7,129.1,9.1,30.4,5,0,4.4,21,0,10,0,2,0,1
ACC-12411,Starter,Annual,2,3,32.0,2.3,4.0,4,1,10.2,14,0,0,1,3,0,0
ACC-12412,Growth,Monthly,14,25,145.1,6.9,72.1,8,3,17.6,54,0,10,1,6,0,0
ACC-12413,Starter,Monthly,1,6,30.5,17.6,63.7,2,3,4.3,34,0,0,1,0,0,0
ACC-12414,Growth,Monthly,4,38,115.0,6.2,54.7,2,2,11.1,-37,0,0,1,2,1,0
ACC-12415,Enterprise,Monthly,21,17,567.0,16.0,39.7,3,2,35.2,66,0,0,0,1,0,0
ACC-12416,Starter,Annual,2,9,32.0,20.3,51.4,1,4,20.6,72,0,0,1,1,0,0
ACC-12417,Starter,Monthly,1,17,30.5,7.3,54.4,4,2,22.7,51,0,0,0,3,0,0
ACC-12418,Starter,Annual,5,6,36.5,9.3,43.5,1,1,56.4,53,0,0,0,3,0,0
ACC-12419,Starter,Monthly,3,3,33.5,17.9,44.4,2,0,10.5,22,0,0,1,2,0,1
ACC-12420,Starter,Monthly,9,60,42.5,19.4,83.8,1,1,124.4,-12,0,0,1,3,0,0
ACC-12421,Starter,Monthly,2,15,32.0,8.1,27.5,0,1,9.6,36,0,0,0,4,0,0
ACC-12422,Growth,Monthly,9,1,125.1,2.3,76.8,3,0,4.0,84,1,10,0,4,0,0
ACC-12423,Growth,Monthly,6,7,123.0,19.5,19.5,6,0,33.0,40,0,0,1,3,0,0
ACC-12424,Starter,Monthly,1,3,24.7,15.5,90.4,1,2,14.3,88,0,20,0,1,0,0
ACC-12425,Enterprise,Monthly,20,5,559.0,14.4,2.4,30,1,8.5,90,0,0,1,4,0,0
ACC-12426,Starter,Monthly,3,1,27.7,17.5,65.2,2,4,5.7,29,0,20,0,3,0,1
ACC-12427,Enterprise,Annual,32,5,655.0,4.9,40.5,0,0,34.5,14,0,0,1,3,0,0
ACC-12428,Starter,Monthly,1,21,30.5,14.3,51.3,0,2,16.6,15,0,0,1,0,0,0
ACC-12429,Enterprise,Monthly,35,31,599.2,10.3,52.0,7,2,19.6,26,0,20,1,3,0,0
ACC-12430,Growth,Monthly,8,8,121.1,15.6,68.3,7,2,12.4,-4,0,10,1,0,0,1
ACC-12431,Growth,Monthly,17,13,157.1,16.8,11.8,14,0,4.8,49,0,10,1,1,0,0
ACC-12432,Enterprise,Monthly,56,1,847.0,17.9,54.3,1,1,8.2,63,0,0,1,6,0,0
ACC-12433,Starter,Annual,1,2,30.5,15.6,59.1,3,1,2.8,-35,0,0,0,5,0,0
ACC-12434,Enterprise,Annual,23,14,583.0,13.5,40.5,13,1,8.3,92,0,0,0,1,0,0
ACC-12435,Starter,Monthly,12,33,47.0,13.7,52.6,10,0,48.8,12,0,0,1,3,0,0
ACC-12436,Starter,Monthly,4,2,35.0,14.2,40.4,2,1,17.1,20,0,0,1,2,0,1
ACC-12437,Starter,Monthly,1,10,24.7,8.3,67.2,13,0,1.0,41,0,20,0,2,0,0
ACC-12438,Growth,Annual,11,63,113.3,9.8,63.0,7,0,28.9,1,0,30,1,0,0,0
ACC-12439,Starter,Monthly,2,24,32.0,14.4,59.8,2,1,29.2,9,0,0,1,0,0,0
ACC-12440,Growth,Monthly,4,4,95.2,15.9,69.6,0,2,28.5,1,1,20,1,4,0,0
ACC-12441,Growth,Monthly,10,6,119.2,8.1,82.4,4,3,19.2,30,0,20,1,3,0,0
ACC-12442,Growth,Annual,8,53,131.0,5.5,33.2,7,2,1.0,10,1,0,1,3,1,0
ACC-12443,Growth,Monthly,3,4,101.1,1.9,100.0,2,1,9.6,43,0,10,1,2,0,0
ACC-12444,Starter,Monthly,3,10,33.5,4.4,63.6,1,1,7.9,-16,0,0,1,1,0,0
ACC-12445,Starter,Annual,5,8,33.6,8.8,44.0,0,2,1.0,46,0,10,0,1,0,0
ACC-12446,Starter,Monthly,4,12,35.0,9.3,100.0,11,1,1.8,-9,0,0,1,0,0,0
ACC-12447,Starter,Annual,2,5,23.3,10.3,45.9,0,1,10.9,65,0,30,0,4,0,0
ACC-12448,Starter,Monthly,4,20,32.1,4.8,28.4,6,2,42.5,58,0,10,0,3,0,0
ACC-12449,Starter,Annual,3,5,30.6,1.1,43.8,9,0,65.3,-45,0,10,1,0,0,0
ACC-12450,Starter,Annual,2,17,23.3,12.8,42.7,9,2,27.2,59,0,30,0,2,0,0
ACC-12451,Enterprise,Monthly,48,8,743.1,12.8,78.9,6,4,5.1,-61,0,10,0,3,0,0
ACC-12452,Growth,Annual,9,5,135.0,15.7,52.5,6,1,50.9,-11,0,0,1,2,0,0
ACC-12453,Starter,Monthly,3,21,27.7,16.9,57.2,4,1,76.3,66,0,20,1,2,0,0
ACC-12454,Growth,Annual,5,60,89.3,14.4,56.4,3,1,11.3,11,0,30,1,0,0,0
ACC-12455,Starter,Monthly,3,37,24.8,12.7,80.7,1,0,14.8,85,0,30,1,3,0,0
ACC-12456,Starter,Annual,1,2,30.5,17.3,47.9,5,1,8.5,55,0,0,1,1,0,0
ACC-12457,Growth,Monthly,10,11,139.0,20.5,50.5,0,0,38.2,15,0,0,1,2,0,0
ACC-12458,Growth,Annual,14,21,135.2,7.9,39.8,4,3,7.1,10,0,20,0,2,1,0
ACC-12459,Starter,Monthly,4,15,26.3,16.6,45.7,8,1,2.3,83,0,30,1,2,0,0
ACC-12460,Enterprise,Annual,50,23,799.0,8.3,66.6,4,0,12.2,13,0,0,0,1,1,0
ACC-12461,Enterprise,Annual,58,66,783.2,13.3,71.0,4,0,3.7,-35,0,20,0,0,0,0
ACC-12462,Growth,Monthly,4,8,115.0,18.4,92.4,11,2,11.3,-2,0,0,1,1,0,0
ACC-12463,Growth,Annual,7,27,107.2,10.4,52.7,6,1,17.6,34,0,20,1,3,1,0
ACC-12464,Growth,Annual,14,2,135.2,6.3,49.2,1,4,32.5,3,0,20,1,2,0,0
ACC-12465,Starter,Monthly,11,37,45.5,9.2,63.7,5,2,23.6,100,0,0,1,0,0,0
ACC-12466,Starter,Monthly,2,27,23.3,6.3,44.7,3,1,26.8,7,0,30,1,1,0,0
ACC-12467,Starter,Monthly,1,13,30.5,5.6,40.9,1,0,17.9,8,0,0,0,2,0,0
ACC-12468,Growth,Monthly,11,31,143.0,19.2,62.1,6,2,1.7,-4,0,0,1,0,0,0
ACC-12469,Growth,Monthly,6,20,103.2,15.2,46.4,3,3,42.4,61,0,20,1,3,0,0
ACC-12470,Starter,Monthly,1,14,30.5,7.7,48.6,9,3,24.0,20,0,0,1,4,0,0
ACC-12471,Enterprise,Monthly,47,53,695.2,6.1,68.3,5,0,31.2,58,0,20,0,4,0,0
ACC-12472,Enterprise,Monthly,19,3,471.2,6.5,61.8,1,1,56.6,70,0,20,1,2,0,0
ACC-12473,Growth,Monthly,4,89,105.1,7.7,99.0,3,1,68.9,43,0,10,1,2,0,0
ACC-12474,Growth,Annual,9,3,135.0,18.9,75.3,2,5,66.2,41,1,0,1,0,0,0
ACC-12475,Enterprise,Annual,45,12,759.0,11.3,38.1,1,1,6.3,-12,0,0,0,2,1,0
ACC-12476,Starter,Monthly,7,5,36.6,24.8,46.2,10,1,38.2,-23,1,10,1,0,0,0
ACC-12477,Growth,Annual,11,6,143.0,11.8,24.8,3,2,63.7,-22,0,0,0,4,1,1
ACC-12478,Starter,Annual,7,18,39.5,8.5,33.6,6,3,24.5,33,0,0,1,2,0,0
ACC-12479,Growth,Annual,10,1,139.0,17.6,82.8,13,3,25.2,100,0,0,1,0,0,0
ACC-12480,Starter,Monthly,4,51,35.0,2.0,48.9,5,0,43.1,10,0,0,1,3,0,0
ACC-12481,Enterprise,Monthly,50,6,679.3,13.1,24.5,2,0,6.8,66,0,30,1,1,1,0
ACC-12482,Enterprise,Annual,40,6,719.0,4.7,12.2,9,1,4.3,48,0,0,1,2,0,0
ACC-12483,Starter,Annual,6,36,35.1,0.0,22.6,3,2,11.5,31,0,10,1,1,0,0
ACC-12484,Growth,Annual,11,26,143.0,11.3,37.3,5,2,59.9,21,0,0,1,1,0,0
ACC-12485,Enterprise,Annual,21,20,527.1,17.0,55.1,14,0,1.2,15,0,10,1,1,0,0
ACC-12486,Growth,Monthly,10,3,109.3,13.3,46.3,4,1,11.7,14,0,30,1,2,0,0
ACC-12487,Enterprise,Monthly,29,26,631.0,12.6,70.4,2,0,23.5,51,0,0,1,1,0,0
ACC-12488,Growth,Monthly,20,8,179.0,0.0,34.4,8,1,21.1,60,0,0,1,2,0,0
ACC-12489,Starter,Monthly,2,92,32.0,11.1,82.0,1,2,33.2,15,0,0,1,2,0,0
ACC-12490,Starter,Annual,2,20,23.3,11.1,52.0,15,1,6.3,15,0,30,1,1,0,0
ACC-12491,Starter,Monthly,3,33,33.5,15.7,65.1,15,1,5.3,10,0,0,1,0,0,0
ACC-12492,Growth,Monthly,4,24,115.0,5.7,43.6,5,2,35.1,65,0,0,1,2,0,0
ACC-12493,Starter,Annual,2,16,32.0,17.0,77.4,1,2,34.9,61,0,0,1,1,0,0
ACC-12494,Growth,Monthly,5,23,99.2,8.9,25.8,4,1,5.7,82,0,20,1,3,0,0
ACC-12495,Growth,Annual,18,16,161.1,10.2,27.9,3,2,11.6,2,1,10,0,3,0,0
ACC-12496,Growth,Annual,4,1,105.1,15.2,33.7,2,0,12.0,8,0,10,1,2,0,0
ACC-12497,Enterprise,Monthly,18,8,543.0,4.9,80.9,1,1,14.4,88,0,0,1,3,0,0
ACC-12498,Enterprise,Monthly,38,7,583.3,16.9,49.8,2,1,36.2,76,1,30,0,4,0,0
ACC-12499,Starter,Monthly,4,23,35.0,3.9,34.1,5,3,18.5,-5,0,0,1,0,0,0
ACC-12500,Growth,Monthly,7,15,127.0,15.9,50.7,7,3,14.6,-1,0,0,0,1,0,0
ACC-12501,Growth,Monthly,6,17,123.0,10.6,58.8,23,1,6.8,39,0,0,1,2,0,0
ACC-12502,Growth,Monthly,8,34,121.1,11.1,31.3,1,3,1.0,73,0,10,0,1,0,0
ACC-12503,Enterprise,Annual,45,13,759.0,0.0,58.5,1,1,50.0,-2,0,0,1,2,0,0
ACC-12504,Starter,Monthly,2,4,32.0,8.5,52.0,1,1,25.2,33,0,0,1,0,0,0
ACC-12505,Starter,Annual,2,1,32.0,10.7,43.9,17,3,1.5,68,0,0,1,4,1,0
ACC-12506,Enterprise,Monthly,22,3,575.0,21.3,27.1,3,1,7.1,23,1,0,0,6,0,1
ACC-12507,Starter,Monthly,3,1,27.7,11.8,74.5,15,1,20.8,27,0,20,1,1,0,0
ACC-12508,Growth,Annual,21,5,183.0,8.1,44.7,13,4,4.7,80,0,0,1,1,0,0
ACC-12509,Enterprise,Monthly,54,18,831.0,17.0,2.0,0,0,2.2,15,0,0,1,0,0,0
ACC-12510,Starter,Monthly,1,3,30.5,9.0,62.8,2,2,16.0,74,0,0,1,3,0,0
ACC-12511,Enterprise,Annual,19,2,551.0,18.2,63.4,2,0,8.0,25,0,0,1,3,0,0
ACC-12512,Starter,Annual,2,64,32.0,13.6,75.5,2,3,35.2,-8,0,0,1,4,0,0
ACC-12513,Growth,Annual,7,96,127.0,6.6,64.1,3,2,60.2,49,0,0,1,3,0,0
ACC-12514,Growth,Monthly,12,18,127.2,17.6,58.0,4,0,17.7,8,0,20,1,1,1,0
ACC-12515,Enterprise,Monthly,48,2,783.0,15.6,44.3,9,1,25.0,-11,0,0,1,1,0,0
ACC-12516,Starter,Annual,3,31,33.5,17.4,44.4,2,1,82.0,99,0,0,1,0,0,0
ACC-12517,Growth,Annual,9,14,135.0,10.9,69.9,2,3,5.1,45,0,0,1,1,0,0
ACC-12518,Growth,Monthly,12,4,147.0,15.6,51.6,5,0,47.0,19,1,0,1,1,0,0
ACC-12519,Growth,Annual,9,15,115.2,23.5,23.4,1,1,16.4,19,0,20,1,3,0,0
ACC-12520,Growth,Monthly,7,1,117.1,13.0,47.4,4,0,4.2,84,0,10,0,2,0,0
ACC-12521,Starter,Monthly,4,65,32.1,9.6,53.8,2,1,6.8,86,0,10,0,1,1,0
ACC-12522,Starter,Monthly,1,31,27.6,21.3,11.2,1,1,23.3,11,1,10,1,2,0,0
ACC-12523,Starter,Monthly,2,5,32.0,16.0,71.4,10,0,51.0,39,0,0,1,2,0,0
ACC-12524,Growth,Monthly,6,10,123.0,9.3,55.0,7,1,2.5,17,0,0,1,3,0,0
ACC-12525,Starter,Monthly,2,9,26.2,22.4,25.0,2,0,20.4,57,0,20,1,1,0,0
ACC-12526,Starter,Monthly,4,36,35.0,4.8,48.5,3,1,9.5,18,0,0,1,5,0,0
ACC-12527,Enterprise,Annual,39,8,711.0,15.2,52.7,1,2,7.8,-38,0,0,1,3,0,0
ACC-12528,Starter,Annual,1,1,21.8,18.9,75.8,0,1,4.0,-6,0,30,1,4,0,0
ACC-12529,Enterprise,Annual,25,4,559.1,18.4,75.2,5,2,43.8,66,0,10,0,3,0,0
ACC-12530,Growth,Annual,9,4,125.1,6.6,78.7,3,0,9.1,5,0,10,1,0,0,0
ACC-12531,Growth,Monthly,7,54,127.0,4.6,63.3,1,0,11.7,57,0,0,1,2,0,0
ACC-12532,Starter,Monthly,3,46,33.5,13.4,40.6,1,0,4.6,43,0,0,0,0,0,0
ACC-12533,Starter,Annual,1,6,27.6,16.2,35.0,7,2,18.7,5,0,10,1,0,1,0
ACC-12534,Growth,Monthly,6,1,123.0,5.5,39.6,2,2,11.6,25,0,0,0,6,0,0
ACC-12535,Growth,Monthly,4,13,115.0,13.8,53.6,14,2,4.3,8,0,0,1,3,0,0
ACC-12536,Growth,Monthly,14,29,135.2,3.3,54.4,1,1,7.4,17,0,20,1,1,0,0
ACC-12537,Starter,Annual,1,6,30.5,18.4,77.6,2,2,9.9,-32,0,0,1,4,0,0
ACC-12538,Growth,Monthly,13,10,151.0,8.6,49.4,11,0,1.6,26,0,0,1,2,0,0
ACC-12539,Growth,Annual,8,3,131.0,11.0,10.5,5,0,1.1,10,0,0,0,4,0,0
ACC-12540,Growth,Monthly,21,7,183.0,17.2,28.8,1,2,97.8,33,0,0,0,2,0,0
ACC-12541,Growth,Annual,21,26,173.1,16.6,33.5,5,1,52.5,48,0,10,0,3,1,1
ACC-12542,Growth,Annual,11,10,143.0,14.8,33.5,2,2,18.0,52,0,0,1,4,0,0
ACC-12543,Growth,Annual,11,11,143.0,18.2,2.0,8,1,5.6,10,0,0,1,0,0,0
ACC-12544,Starter,Monthly,4,28,35.0,14.5,89.5,0,0,5.3,7,0,0,1,4,0,0
ACC-12545,Growth,Monthly,8,26,131.0,20.7,7.0,15,2,11.6,25,0,0,1,1,0,0
ACC-12546,Starter,Annual,6,4,29.3,1.7,42.4,4,0,9.8,68,0,30,0,1,0,0
ACC-12547,Starter,Monthly,2,10,29.1,11.6,69.5,8,0,26.4,12,0,10,1,4,0,0
ACC-12548,Starter,Monthly,8,34,41.0,11.4,68.0,7,1,10.5,6,0,0,1,4,0,0
ACC-12549,Starter,Monthly,4,11,35.0,10.7,22.7,1,1,62.2,-9,0,0,1,0,1,0
ACC-12550,Starter,Annual,5,20,33.6,15.0,81.5,13,3,5.8,48,0,10,1,1,0,0
ACC-12551,Starter,Monthly,2,7,32.0,13.3,78.3,2,4,1.0,20,0,0,1,3,0,0
ACC-12552,Growth,Annual,6,1,123.0,16.9,51.0,1,1,18.5,-5,0,0,1,2,0,0
ACC-12553,Enterprise,Monthly,32,3,655.0,4.9,55.6,4,2,88.3,2,0,0,1,0,0,0
ACC-12554,Starter,Monthly,2,9,23.3,25.8,34.9,25,3,38.1,53,0,30,1,3,0,1
ACC-12555,Enterprise,Annual,15,8,519.0,9.7,60.6,2,1,1.0,35,0,0,1,1,0,0
ACC-12556,Growth,Monthly,8,41,111.2,13.7,60.0,20,3,17.1,7,0,20,1,1,0,0
ACC-12557,Starter,Monthly,7,14,39.5,10.8,44.3,3,1,12.1,50,0,0,0,2,0,0
ACC-12558,Starter,Annual,1,18,30.5,12.5,69.2,11,1,29.3,66,0,0,1,3,1,0
ACC-12559,Growth,Annual,12,21,137.1,8.8,62.3,5,1,5.8,53,0,10,0,2,0,0
ACC-12560,Growth,Monthly,10,14,139.0,13.2,100.0,1,1,5.6,37,0,0,1,2,0,0
ACC-12561,Growth,Annual,11,26,143.0,15.5,35.2,13,1,7.6,89,0,0,1,0,0,0
ACC-12562,Starter,Annual,2,28,32.0,0.0,84.3,0,0,5.7,76,1,0,1,1,0,0
ACC-12563,Starter,Annual,1,8,30.5,10.0,36.2,7,1,1.0,32,0,0,1,1,0,0
ACC-12564,Starter,Monthly,3,2,27.7,9.8,66.6,11,1,19.8,65,1,20,1,4,0,0
ACC-12565,Starter,Monthly,2,77,32.0,25.9,2.0,11,2,19.0,53,0,0,1,2,0,0
ACC-12566,Starter,Annual,1,19,30.5,17.2,43.7,6,5,38.2,11,1,0,1,0,0,0
ACC-12567,Starter,Annual,1,22,27.6,21.0,65.4,2,2,23.9,86,0,10,1,0,0,0
ACC-12568,Growth,Monthly,11,25,143.0,15.3,60.3,5,1,20.5,89,0,0,1,0,0,0
ACC-12569,Enterprise,Monthly,41,17,647.2,12.5,10.9,6,2,5.3,72,0,20,1,1,0,0
ACC-12570,Starter,Monthly,3,11,33.5,14.2,45.9,13,0,27.0,52,0,0,1,3,0,0
ACC-12571,Enterprise,Monthly,33,75,663.0,18.7,87.5,1,0,38.7,63,0,0,1,2,0,0
ACC-12572,Starter,Monthly,1,23,30.5,22.5,77.6,4,3,11.7,18,0,0,1,1,1,0
ACC-12573,Growth,Monthly,7,34,127.0,13.8,76.1,2,0,15.6,68,0,0,0,4,0,0
ACC-12574,Starter,Annual,6,10,38.0,8.3,100.0,3,1,30.7,-15,0,0,1,1,0,0
ACC-12575,Growth,Monthly,12,42,147.0,17.5,16.6,1,1,12.5,19,0,0,0,5,0,0
ACC-12576,Enterprise,Annual,18,24,543.0,6.9,46.3,1,0,22.0,-58,0,0,1,5,0,0
ACC-12577,Growth,Monthly,3,25,101.1,14.3,55.7,9,6,4.8,44,0,10,1,0,0,0
ACC-12578,Starter,Monthly,5,2,27.8,16.1,38.9,4,2,17.6,66,0,30,1,4,0,0
ACC-12579,Growth,Monthly,12,17,127.2,11.4,57.7,4,2,1.0,88,0,20,0,4,0,0
ACC-12580,Starter,Monthly,4,7,35.0,6.6,83.6,14,1,4.7,22,0,0,1,0,0,0
ACC-12581,Enterprise,Annual,31,20,647.0,9.3,57.4,2,0,50.7,38,1,0,0,1,0,0
ACC-12582,Growth,Annual,17,15,137.3,10.1,6.5,2,0,18.1,29,0,30,0,2,0,0
ACC-12583,Starter,Monthly,6,2,29.3,5.7,69.9,2,0,12.2,93,0,30,1,2,0,0
ACC-12584,Growth,Monthly,6,14,123.0,9.7,54.7,6,0,14.8,42,1,0,1,3,0,0
ACC-12585,Growth,Monthly,15,11,149.1,3.3,7.1,5,3,1.0,95,0,10,1,2,0,0
ACC-12586,Starter,Annual,8,27,41.0,15.5,41.5,4,1,12.3,74,0,0,1,3,0,0
ACC-12587,Growth,Annual,6,13,123.0,14.0,16.8,7,1,3.1,56,0,0,0,1,0,0
ACC-12588,Starter,Monthly,4,12,26.3,13.6,48.7,4,0,39.1,11,0,30,1,5,0,0
ACC-12589,Growth,Annual,9,23,135.0,9.7,43.9,10,1,10.7,-8,0,0,1,2,0,0
ACC-12590,Growth,Annual,6,20,123.0,10.5,21.4,3,4,5.3,33,0,0,1,2,0,0
ACC-12591,Growth,Monthly,16,87,163.0,7.0,60.5,13,0,14.3,33,0,0,1,2,0,0
ACC-12592,Growth,Monthly,5,8,119.0,15.0,31.2,1,0,9.1,-11,1,0,0,2,0,0
ACC-12593,Growth,Annual,9,21,135.0,3.9,84.1,1,4,12.3,68,0,0,1,1,0,0
ACC-12594,Starter,Annual,1,3,21.8,12.5,58.7,6,0,25.9,36,0,30,1,1,1,0
ACC-12595,Growth,Monthly,7,29,127.0,8.2,49.3,3,1,14.2,51,0,0,1,0,0,0
ACC-12596,Starter,Monthly,4,28,32.1,22.5,82.6,4,1,49.3,89,0,10,0,0,0,0
ACC-12597,Growth,Monthly,6,23,123.0,15.2,60.7,7,5,5.9,3,0,0,0,1,0,0
ACC-12598,Starter,Monthly,4,2,35.0,12.0,62.6,1,0,7.9,-43,0,0,1,4,0,0
ACC-12599,Starter,Annual,4,79,35.0,5.4,53.6,0,1,30.1,9,0,0,0,1,0,0
ACC-12600,Growth,Monthly,5,51,119.0,3.8,48.1,3,2,30.6,91,0,0,1,4,0,0
ACC-12601,Starter,Annual,5,8,36.5,15.0,63.9,14,0,75.1,30,0,0,1,2,0,0
ACC-12602,Growth,Annual,11,16,143.0,22.8,88.5,4,1,19.8,23,0,0,1,1,0,0
ACC-12603,Starter,Monthly,2,40,26.2,14.5,2.0,5,1,17.1,12,0,20,1,2,0,0
ACC-12604,Starter,Monthly,5,12,36.5,13.1,96.1,1,0,17.8,30,0,0,1,3,0,0
ACC-12605,Growth,Monthly,9,16,135.0,13.1,32.8,4,1,9.0,10,0,0,0,0,0,0
ACC-12606,Starter,Annual,3,17,33.5,12.6,59.2,4,1,9.7,13,0,0,1,1,0,0
ACC-12607,Starter,Monthly,5,19,36.5,13.2,17.2,2,0,6.6,67,0,0,0,1,0,0
ACC-12608,Growth,Annual,9,15,125.1,7.9,87.8,1,0,18.2,100,0,10,1,4,0,0
ACC-12609,Starter,Annual,2,9,32.0,6.2,24.6,3,1,36.7,1,0,0,0,4,0,0
ACC-12610,Growth,Monthly,11,14,123.2,12.7,79.7,0,0,20.1,11,0,20,1,0,0,0
ACC-12611,Starter,Annual,1,37,30.5,21.0,49.7,1,1,12.8,10,0,0,1,1,0,0
ACC-12612,Starter,Annual,1,36,30.5,16.7,51.4,8,1,1.3,86,0,0,0,2,0,0
ACC-12613,Growth,Monthly,2,27,107.0,4.6,27.3,6,1,5.7,57,0,0,0,3,0,1
ACC-12614,Starter,Monthly,4,10,29.2,10.5,81.8,2,2,37.3,21,0,20,1,2,0,0
ACC-12615,Starter,Annual,4,28,35.0,16.4,51.8,5,3,10.1,12,0,0,1,1,0,0
ACC-12616,Starter,Annual,3,9,33.5,21.1,70.8,11,2,43.4,85,0,0,1,2,0,0
ACC-12617,Starter,Monthly,1,20,27.6,22.7,9.5,11,3,5.6,31,0,10,1,3,0,0
ACC-12618,Growth,Monthly,5,15,119.0,10.7,35.4,6,0,17.1,29,1,0,0,2,0,1
ACC-12619,Starter,Monthly,2,6,32.0,16.9,60.5,1,0,66.3,-46,0,0,0,1,0,0
ACC-12620,Growth,Annual,5,11,89.3,13.5,20.3,1,1,16.3,58,0,30,1,2,0,0
ACC-12621,Enterprise,Monthly,33,32,663.0,11.3,62.9,2,0,4.7,30,0,0,1,0,0,0
ACC-12622,Starter,Monthly,1,44,30.5,12.4,40.4,7,1,5.2,34,0,0,0,1,0,0
ACC-12623,Enterprise,Annual,11,4,407.2,12.4,37.9,2,3,3.4,34,0,20,1,1,0,0
ACC-12624,Starter,Monthly,2,11,32.0,19.1,66.3,4,1,1.0,63,0,0,1,3,0,0
ACC-12625,Enterprise,Annual,43,10,743.0,3.6,58.8,10,1,23.6,-48,0,0,1,2,0,0
ACC-12626,Starter,Monthly,3,12,30.6,14.8,30.3,13,3,30.6,-12,0,10,1,1,0,0
ACC-12627,Growth,Annual,5,68,89.3,21.2,79.7,11,3,34.3,99,0,30,1,1,0,0
ACC-12628,Growth,Monthly,9,13,125.1,20.6,66.1,1,1,1.5,-13,0,10,0,1,0,0
ACC-12629,Starter,Annual,1,32,30.5,15.4,10.7,14,0,57.0,3,0,0,1,0,0,0
ACC-12630,Growth,Annual,10,20,139.0,7.5,48.3,7,1,19.3,74,0,0,0,1,1,0
ACC-12631,Growth,Monthly,6,2,123.0,16.7,63.2,6,2,1.8,32,0,0,0,3,0,0
ACC-12632,Starter,Monthly,3,21,33.5,19.9,52.6,2,1,1.8,32,0,0,1,3,0,0
ACC-12633,Starter,Monthly,1,19,21.8,8.9,2.0,16,1,14.3,86,0,30,1,5,1,0
ACC-12634,Growth,Monthly,8,26,111.2,14.1,56.4,0,1,5.6,10,0,20,1,2,0,0
ACC-12635,Growth,Annual,4,1,115.0,10.8,71.7,1,1,5.5,11,0,0,1,0,0,0
ACC-12636,Enterprise,Annual,29,5,631.0,8.3,53.2,1,3,1.0,57,0,0,1,2,0,0
ACC-12637,Growth,Monthly,13,26,141.1,10.1,56.2,7,2,13.2,36,0,10,1,1,0,0
ACC-12638,Enterprise,Annual,19,8,511.1,12.8,77.4,6,0,1.8,66,0,10,1,2,0,0
ACC-12639,Growth,Annual,3,44,91.2,6.5,20.1,17,0,1.6,7,1,20,1,4,0,1
ACC-12640,Starter,Annual,3,13,33.5,5.5,71.2,3,0,3.5,37,0,0,1,1,0,0
ACC-12641,Starter,Monthly,3,1,30.6,6.7,62.5,3,0,1.0,27,0,10,1,1,0,0
ACC-12642,Growth,Monthly,5,22,109.1,14.0,19.3,7,1,2.2,16,0,10,1,1,0,0
ACC-12643,Growth,Monthly,10,13,139.0,3.2,70.4,1,2,18.0,-15,0,0,0,5,1,0
ACC-12644,Starter,Monthly,5,7,30.7,0.0,94.7,4,4,5.9,15,0,20,1,1,0,1
ACC-12645,Starter,Monthly,1,1,27.6,20.2,62.3,0,1,1.4,11,0,10,1,0,1,0
ACC-12646,Enterprise,Monthly,36,4,687.0,5.9,67.2,5,1,2.9,74,1,0,1,0,0,0
ACC-12647,Growth,Monthly,11,3,143.0,10.8,31.6,9,0,1.0,50,0,0,1,2,0,0
ACC-12648,Starter,Annual,3,16,33.5,17.5,41.4,1,0,30.0,46,1,0,1,1,0,0
ACC-12649,Growth,Monthly,19,26,155.2,3.4,32.6,2,1,16.5,24,0,20,1,2,0,0
ACC-12650,Starter,Monthly,1,5,30.5,3.4,63.7,1,2,12.9,-1,0,0,1,1,0,0
ACC-12651,Starter,Monthly,5,22,27.8,8.2,43.6,6,3,41.3,38,0,30,1,5,0,0
ACC-12652,Starter,Monthly,1,41,24.7,17.8,42.2,5,3,1.7,80,0,20,1,0,0,0
ACC-12653,Starter,Monthly,4,17,29.2,11.9,70.5,11,5,1.0,0,0,20,0,0,0,1
ACC-12654,Growth,Monthly,5,27,109.1,12.0,91.7,21,2,11.0,46,0,10,1,2,1,0
ACC-12655,Starter,Monthly,3,4,33.5,10.2,53.1,25,1,6.1,14,0,0,1,4,0,0
ACC-12656,Growth,Monthly,6,1,123.0,15.4,20.4,1,1,12.9,30,0,0,0,0,1,1
ACC-12657,Enterprise,Monthly,27,8,575.1,20.6,55.9,5,2,46.7,25,1,10,1,3,0,0
ACC-12658,Starter,Monthly,3,22,27.7,29.9,59.2,9,2,11.8,46,0,20,1,2,0,0
ACC-12659,Growth,Annual,15,21,149.1,11.1,73.3,6,1,3.8,25,0,10,0,2,0,0
ACC-12660,Growth,Monthly,2,56,107.0,21.2,47.9,14,1,32.0,12,0,0,1,1,0,0
ACC-12661,Enterprise,Monthly,21,18,567.0,18.0,74.4,3,1,9.8,-25,0,0,1,2,0,0
ACC-12662,Starter,Monthly,2,10,29.1,13.6,71.0,3,2,28.1,38,0,10,1,4,0,0
ACC-12663,Growth,Monthly,16,29,163.0,0.0,48.4,0,1,3.0,51,0,0,1,1,0,0
ACC-12664,Growth,Monthly,12,3,147.0,9.7,73.0,0,2,8.2,32,0,0,1,4,0,0
ACC-12665,Starter,Monthly,7,30,39.5,10.0,75.5,7,0,1.0,27,0,0,0,1,0,0
ACC-12666,Starter,Annual,9,8,36.7,14.2,31.0,4,4,5.4,82,0,20,1,4,0,0
ACC-12667,Growth,Monthly,7,3,117.1,10.8,76.1,6,3,20.8,87,0,10,1,1,0,0
ACC-12668,Growth,Monthly,20,3,179.0,8.6,52.4,2,1,6.9,68,1,0,1,2,0,0
ACC-12669,Starter,Annual,2,74,32.0,24.2,49.6,12,1,3.0,42,0,0,1,0,0,0
ACC-12670,Growth,Annual,10,18,119.2,19.8,52.6,14,1,1.2,33,0,20,1,1,0,0
ACC-12671,Starter,Monthly,6,3,38.0,0.0,82.3,7,3,18.5,-7,0,0,1,3,0,0
ACC-12672,Growth,Monthly,8,6,121.1,10.3,82.2,2,4,1.6,-37,0,10,1,1,0,1
ACC-12673,Starter,Monthly,3,8,27.7,15.8,65.5,1,3,32.1,78,0,20,1,1,1,1
ACC-12674,Enterprise,Monthly,47,1,775.0,20.0,60.9,6,0,8.8,34,0,0,1,3,0,0
ACC-12675,Starter,Monthly,2,2,23.3,9.5,52.7,17,1,7.3,100,0,30,0,2,0,0
ACC-12676,Starter,Monthly,3,26,30.6,10.7,100.0,5,3,19.6,10,0,10,1,3,0,0
ACC-12677,Starter,Annual,6,28,35.1,12.6,39.9,11,1,16.3,45,0,10,1,1,0,0
ACC-12678,Starter,Monthly,1,80,30.5,16.0,45.2,5,0,87.8,66,0,0,1,1,0,0
ACC-12679,Growth,Monthly,14,1,135.2,2.8,61.7,7,0,1.1,7,1,20,1,5,0,0
ACC-12680,Starter,Monthly,1,40,27.6,0.0,35.1,5,3,38.1,21,0,10,1,1,0,0
ACC-12681,Growth,Annual,8,7,101.3,19.5,78.1,5,1,18.3,23,1,30,1,2,0,0
ACC-12682,Starter,Monthly,4,7,35.0,6.1,22.6,8,2,42.8,16,0,0,1,1,0,0
ACC-12683,Starter,Annual,1,2,27.6,24.7,39.3,3,0,23.7,44,0,10,1,1,0,1
ACC-12684,Starter,Monthly,5,77,33.6,6.8,46.2,14,0,28.7,32,1,10,0,3,1,0
ACC-12685,Starter,Monthly,1,71,27.6,10.9,32.9,12,2,30.9,-41,0,10,1,0,0,0
ACC-12686,Starter,Monthly,2,36,29.1,14.2,77.9,8,1,1.0,34,1,10,0,3,0,0
ACC-12687,Starter,Monthly,1,2,30.5,0.0,26.1,8,3,36.4,43,1,0,1,1,0,1
ACC-12688,Growth,Monthly,4,33,105.1,29.2,33.8,3,0,22.7,29,0,10,1,1,0,0
ACC-12689,Starter,Monthly,5,18,36.5,9.6,40.1,11,1,58.9,88,0,0,0,4,0,0
ACC-12690,Growth,Monthly,8,2,131.0,7.0,73.5,16,2,2.9,42,0,0,1,0,0,0
ACC-12691,Growth,Annual,4,5,115.0,5.0,87.0,10,3,50.9,31,0,0,1,4,0,0
ACC-12692,Starter,Monthly,2,21,32.0,14.2,66.5,1,2,38.5,62,0,0,1,2,0,0
ACC-12693,Growth,Monthly,6,29,123.0,13.7,26.1,9,0,5.1,100,0,0,1,1,0,0
ACC-12694,Enterprise,Monthly,38,34,703.0,5.2,41.4,4,1,2.6,25,0,0,1,6,0,0
ACC-12695,Growth,Annual,4,14,115.0,3.8,89.6,6,2,19.8,67,0,0,0,5,0,0
ACC-12696,Growth,Annual,12,14,147.0,18.3,55.6,28,1,22.5,94,0,0,1,1,1,0
ACC-12697,Starter,Monthly,1,21,30.5,8.1,23.2,3,0,24.8,22,0,0,1,2,0,0
ACC-12698,Growth,Monthly,14,27,145.1,1.7,100.0,3,1,37.4,-11,1,10,0,0,0,0
ACC-12699,Growth,Monthly,8,3,121.1,11.1,42.5,2,0,16.3,45,0,10,1,2,0,0
ACC-12700,Growth,Annual,5,24,89.3,9.6,53.4,1,0,6.7,77,0,30,1,1,0,0
ACC-12701,Enterprise,Annual,37,8,615.2,23.7,39.9,1,2,38.9,20,0,20,0,2,0,0
ACC-12702,Starter,Monthly,1,9,24.7,8.9,34.0,4,2,11.4,68,0,20,1,2,0,0
ACC-12703,Starter,Monthly,6,1,32.2,10.2,83.5,14,0,11.4,0,0,20,1,4,0,0
ACC-12704,Growth,Monthly,11,16,123.2,13.3,59.3,10,0,13.6,21,0,20,1,2,1,0
ACC-12705,Growth,Monthly,10,2,139.0,8.6,61.9,1,3,36.1,27,0,0,1,3,0,0
ACC-12706,Starter,Annual,1,44,30.5,14.6,26.9,5,1,70.7,25,0,0,1,2,1,0
ACC-12707,Starter,Monthly,2,17,29.1,5.9,48.4,11,0,3.8,0,0,10,1,2,0,0
ACC-12708,Starter,Monthly,1,83,24.7,10.6,41.3,5,1,2.6,18,0,20,1,3,0,0
ACC-12709,Starter,Annual,2,5,32.0,14.4,36.8,15,0,6.8,-39,0,0,1,2,0,0
ACC-12710,Growth,Annual,7,20,107.2,18.8,65.3,14,1,46.9,54,0,20,1,3,0,0
ACC-12711,Growth,Monthly,9,60,135.0,8.5,47.6,3,1,15.0,31,0,0,0,2,0,0
ACC-12712,Starter,Annual,1,6,30.5,8.4,70.2,12,0,1.0,70,0,0,1,2,0,0
ACC-12713,Starter,Monthly,3,2,30.6,21.2,70.9,5,1,17.4,27,1,10,0,2,0,0
ACC-12714,Starter,Annual,1,18,27.6,8.7,45.4,4,2,15.9,-33,0,10,0,2,0,0
ACC-12715,Starter,Annual,3,8,27.7,11.7,65.0,9,4,1.7,41,1,20,1,4,0,0
ACC-12716,Growth,Monthly,9,6,125.1,22.3,44.8,9,0,3.2,7,0,10,0,3,0,0
ACC-12717,Enterprise,Annual,26,91,607.0,12.4,37.7,7,1,2.0,67,0,0,1,2,0,0
ACC-12718,Growth,Annual,3,25,81.3,10.5,31.7,10,0,14.7,23,0,30,1,2,0,0
ACC-12719,Starter,Monthly,5,12,27.8,11.0,56.9,18,3,15.1,100,0,30,1,2,0,0
ACC-12720,Enterprise,Monthly,29,1,511.3,7.6,38.7,12,2,12.3,-1,0,30,1,0,0,0
ACC-12721,Growth,Annual,8,4,121.1,14.7,85.3,0,2,12.0,39,0,10,1,4,0,0
ACC-12722,Growth,Monthly,9,6,115.2,6.5,90.8,11,1,17.4,51,0,20,0,3,0,0
ACC-12723,Growth,Monthly,6,12,123.0,16.7,65.4,9,2,21.7,18,0,0,1,1,0,0
ACC-12724,Starter,Annual,4,12,32.1,12.1,60.4,16,0,66.4,-17,0,10,1,1,0,0
ACC-12725,Starter,Annual,1,1,30.5,13.4,55.4,8,0,15.8,23,0,0,1,5,0,0
ACC-12726,Starter,Monthly,3,52,33.5,22.4,100.0,13,2,6.2,-34,0,0,0,2,0,0
ACC-12727,Starter,Monthly,3,14,27.7,3.3,98.2,0,3,73.5,6,1,20,0,2,0,0
ACC-12728,Starter,Monthly,7,1,36.6,12.1,50.5,23,2,2.2,24,0,10,1,0,0,0
ACC-12729,Growth,Monthly,6,22,93.3,15.8,50.6,1,2,7.5,65,0,30,1,1,0,0
ACC-12730,Growth,Monthly,13,1,131.2,8.3,62.2,12,1,46.5,40,0,20,1,1,0,0
ACC-12731,Growth,Annual,6,23,123.0,17.7,29.0,16,2,57.6,16,0,0,1,0,0,0
ACC-12732,Starter,Monthly,1,22,24.7,8.7,15.4,0,0,20.7,14,0,20,1,2,0,0
ACC-12733,Enterprise,Monthly,60,76,879.0,13.7,25.6,15,3,1.0,11,0,0,0,0,0,0
ACC-12734,Enterprise,Monthly,41,8,727.0,11.3,48.4,11,2,11.7,62,0,0,1,1,0,0
ACC-12735,Growth,Annual,10,3,139.0,13.0,34.2,15,2,54.0,-22,0,0,1,1,0,0
ACC-12736,Enterprise,Monthly,27,2,535.2,12.4,87.0,1,1,44.1,0,1,20,1,4,0,0
ACC-12737,Growth,Monthly,2,1,77.3,11.8,22.7,9,2,44.8,-22,0,30,1,0,0,1
ACC-12738,Enterprise,Monthly,24,30,551.1,9.2,25.6,4,1,7.0,50,0,10,1,4,0,0
ACC-12739,Starter,Monthly,3,23,24.8,8.0,14.6,2,0,34.8,83,0,30,1,2,0,0
ACC-12740,Starter,Monthly,2,67,29.1,13.9,40.8,8,0,22.3,50,0,10,1,0,0,0
ACC-12741,Starter,Monthly,1,7,21.8,12.3,46.2,4,1,44.8,53,0,30,1,2,1,0
ACC-12742,Starter,Monthly,2,29,32.0,7.8,53.2,14,1,20.3,12,0,0,1,1,0,0
ACC-12743,Starter,Monthly,2,2,23.3,14.1,54.2,7,1,9.4,47,0,30,0,2,0,0
ACC-12744,Growth,Monthly,15,42,159.0,9.2,41.3,1,4,20.1,4,0,0,1,2,0,0
ACC-12745,Growth,Monthly,5,1,119.0,21.3,31.8,2,1,8.9,10,0,0,1,0,0,0
ACC-12746,Growth,Monthly,5,28,119.0,26.9,64.2,2,1,1.0,29,0,0,1,4,0,0
ACC-12747,Starter,Monthly,3,7,33.5,20.3,35.2,3,3,33.9,31,0,0,1,3,0,0
ACC-12748,Growth,Monthly,14,4,155.0,20.0,72.2,7,0,37.9,93,0,0,0,1,0,0
ACC-12749,Growth,Monthly,9,22,135.0,16.9,22.4,13,1,27.6,60,0,0,1,2,0,0
ACC-12750,Starter,Annual,4,41,29.2,10.7,38.5,5,2,5.2,34,0,20,1,3,0,0
ACC-12751,Growth,Monthly,8,26,131.0,0.6,99.9,8,0,2.9,90,0,0,1,1,0,0
ACC-12752,Starter,Monthly,3,7,24.8,5.8,100.0,2,0,3.7,100,1,30,1,2,0,0
ACC-12753,Starter,Monthly,2,8,26.2,7.9,25.1,4,0,13.9,31,0,20,1,3,0,0
ACC-12754,Enterprise,Annual,36,4,647.1,19.2,81.6,4,2,6.1,43,0,10,0,3,0,0
ACC-12755,Starter,Annual,1,31,21.8,13.5,90.5,7,1,42.1,-13,0,30,0,1,0,0
ACC-12756,Growth,Monthly,8,2,131.0,8.0,78.4,4,0,15.7,36,0,0,1,2,0,0
ACC-12757,Enterprise,Monthly,29,42,511.3,0.9,53.5,2,2,12.0,6,0,30,1,4,0,0
ACC-12758,Growth,Monthly,8,17,131.0,25.9,12.5,2,1,41.1,-36,0,0,1,1,0,0
ACC-12759,Starter,Monthly,6,16,38.0,15.2,56.9,2,2,1.7,65,0,0,1,2,0,0
ACC-12760,Starter,Monthly,4,33,35.0,17.5,64.1,24,2,41.0,34,0,0,1,2,0,0
ACC-12761,Starter,Annual,2,20,29.1,8.8,60.2,3,2,32.4,0,0,10,0,0,0,0
ACC-12762,Growth,Monthly,14,7,155.0,11.2,65.5,10,2,23.2,-34,0,0,1,1,0,1
ACC-12763,Starter,Annual,3,8,33.5,9.9,37.1,0,0,2.4,9,0,0,1,4,0,0
ACC-12764,Starter,Monthly,2,3,32.0,12.4,44.4,1,1,1.1,6,0,0,1,1,0,0
ACC-12765,Enterprise,Annual,19,11,551.0,23.1,2.3,7,0,3.6,26,1,0,1,2,0,0
ACC-12766,Growth,Annual,9,2,115.2,4.8,74.6,4,1,6.3,-31,0,20,1,2,1,0
ACC-12767,Starter,Monthly,2,19,32.0,11.8,35.3,13,3,19.2,45,0,0,1,0,0,1
ACC-12768,Growth,Monthly,5,3,119.0,14.2,49.5,12,3,1.7,52,0,0,1,3,1,1
ACC-12769,Growth,Monthly,14,36,155.0,11.3,60.6,8,2,4.0,-16,0,0,1,2,0,0
ACC-12770,Starter,Monthly,1,22,30.5,18.0,42.7,10,1,4.5,-29,0,0,1,3,0,0
ACC-12771,Starter,Monthly,2,40,32.0,1.6,31.4,12,0,22.2,66,0,0,1,2,0,0
ACC-12772,Growth,Monthly,8,2,121.1,23.3,60.6,9,1,8.5,25,0,10,1,0,0,0
ACC-12773,Growth,Monthly,8,29,131.0,3.8,15.8,4,1,6.4,52,0,0,1,4,0,0
ACC-12774,Growth,Annual,8,38,121.1,5.2,71.9,2,0,1.0,34,0,10,1,1,0,0
ACC-12775,Starter,Monthly,1,1,30.5,9.3,69.5,9,2,2.0,27,0,0,1,4,0,0
ACC-12776,Starter,Annual,2,96,32.0,8.1,42.9,2,3,16.0,66,0,0,1,4,0,0
ACC-12777,Starter,Monthly,3,6,33.5,14.5,44.1,2,0,20.1,59,0,0,1,1,0,0
ACC-12778,Starter,Annual,4,4,32.1,13.9,33.3,1,1,27.1,43,0,10,1,5,0,0
ACC-12779,Starter,Monthly,1,10,27.6,12.7,46.6,6,2,13.8,46,1,10,0,2,0,0
ACC-12780,Starter,Monthly,3,1,33.5,3.5,50.6,2,1,6.3,15,0,0,0,2,1,0
ACC-12781,Growth,Annual,13,39,151.0,11.2,48.0,3,3,6.9,49,0,0,0,4,0,0
ACC-12782,Enterprise,Monthly,26,6,607.0,12.1,86.9,7,1,21.0,84,1,0,1,2,0,0
ACC-12783,Growth,Annual,11,13,133.1,19.4,16.5,9,4,11.1,66,1,10,1,1,0,0
ACC-12784,Enterprise,Monthly,22,18,575.0,13.2,35.0,2,0,3.4,-36,0,0,1,3,0,0
ACC-12785,Starter,Monthly,1,28,21.8,14.3,71.1,11,2,1.0,46,0,30,0,2,0,0
ACC-12786,Enterprise,Monthly,26,5,607.0,23.8,100.0,0,1,6.0,49,0,0,1,3,1,0
ACC-12787,Starter,Annual,1,23,30.5,5.0,36.0,26,1,28.2,70,0,0,0,1,0,0
ACC-12788,Enterprise,Monthly,11,2,487.0,9.7,77.3,3,1,21.9,73,0,0,1,3,0,0
ACC-12789,Enterprise,Annual,24,22,511.2,5.2,29.7,2,1,2.1,47,1,20,1,1,0,0
ACC-12790,Growth,Annual,12,45,117.3,21.6,46.4,15,4,11.7,-13,0,30,1,0,1,0
ACC-12791,Enterprise,Monthly,23,2,503.2,22.0,55.2,1,1,3.1,26,0,20,1,1,0,0
ACC-12792,Growth,Monthly,7,2,107.2,21.2,39.8,3,1,12.8,2,0,20,1,4,0,0
ACC-12793,Starter,Annual,10,15,44.0,15.3,45.8,3,2,2.3,-11,0,0,1,2,0,0
ACC-12794,Starter,Monthly,3,1,30.6,14.3,25.0,3,1,22.8,79,0,10,1,1,1,0
ACC-12795,Growth,Monthly,9,4,135.0,9.3,69.8,11,1,17.5,14,0,0,1,1,0,0
ACC-12796,Starter,Monthly,7,4,39.5,16.6,35.2,11,0,6.0,100,0,0,1,1,0,0
ACC-12797,Growth,Monthly,14,12,155.0,4.3,40.4,5,0,97.7,17,0,0,1,3,0,0
ACC-12798,Enterprise,Monthly,25,5,599.0,4.3,37.8,29,0,17.8,5,0,0,1,3,0,1
ACC-12799,Starter,Monthly,2,12,26.2,9.5,39.0,11,1,6.3,51,0,20,1,3,0,0
ACC-12800,Growth,Annual,10,13,129.1,23.3,58.2,7,3,8.9,27,0,10,1,3,0,0
ACC-12801,Enterprise,Monthly,15,24,519.0,8.9,56.4,1,0,49.6,40,0,0,1,2,0,0
ACC-12802,Enterprise,Monthly,35,53,639.1,9.7,100.0,5,1,4.5,11,0,10,1,3,0,0
ACC-12803,Enterprise,Annual,23,13,543.1,13.7,49.6,1,0,4.6,11,0,10,1,0,0,0
ACC-12804,Growth,Annual,9,8,135.0,17.4,52.8,2,0,16.9,13,0,0,1,5,0,0
ACC-12805,Enterprise,Annual,29,5,631.0,19.5,84.4,7,1,8.1,-6,0,0,1,2,0,0
ACC-12806,Growth,Monthly,5,18,119.0,5.3,59.9,1,2,7.3,64,1,0,1,1,0,0
ACC-12807,Starter,Annual,1,52,30.5,11.4,52.8,1,1,10.6,37,0,0,1,6,0,0
ACC-12808,Growth,Monthly,17,26,137.3,13.3,52.1,5,1,35.6,35,0,30,1,3,0,0
ACC-12809,Growth,Monthly,4,4,95.2,13.9,59.3,0,2,36.8,53,0,20,1,3,0,1
ACC-12810,Starter,Monthly,2,40,32.0,17.2,76.4,6,0,21.9,42,1,0,0,1,0,0
ACC-12811,Growth,Monthly,16,24,163.0,16.9,84.6,14,3,17.2,100,0,0,0,1,0,0
ACC-12812,Growth,Annual,14,2,155.0,12.2,77.7,1,1,1.0,45,0,0,0,2,0,0
ACC-12813,Starter,Monthly,11,22,42.6,18.9,65.3,3,1,16.7,-42,0,10,1,1,0,0
ACC-12814,Growth,Annual,11,6,143.0,17.8,59.6,15,0,61.6,13,0,0,1,5,0,0
ACC-12815,Growth,Annual,11,12,123.2,17.3,99.8,7,0,36.3,-3,0,20,1,4,0,0
ACC-12816,Growth,Monthly,10,6,119.2,8.8,44.6,1,0,3.1,46,0,20,1,2,0,0
ACC-12817,Starter,Monthly,1,2,30.5,16.3,70.4,3,2,73.0,16,0,0,0,1,0,0
ACC-12818,Starter,Monthly,4,26,29.2,19.2,80.8,8,2,4.9,48,0,20,1,1,0,0
ACC-12819,Starter,Monthly,6,32,38.0,8.9,78.0,7,1,2.6,6,0,0,1,0,0,0
ACC-12820,Enterprise,Monthly,56,5,847.0,12.8,38.2,1,2,6.8,37,0,0,1,2,0,0
ACC-12821,Starter,Annual,4,5,32.1,21.4,100.0,0,3,3.0,12,1,10,1,3,0,0
ACC-12822,Growth,Monthly,6,10,123.0,14.4,91.8,7,0,5.1,18,0,0,0,2,0,0
ACC-12823,Starter,Monthly,1,30,27.6,11.5,78.3,6,2,7.4,38,0,10,1,0,0,0
ACC-12824,Starter,Annual,4,1,35.0,20.8,32.9,0,3,17.9,46,1,0,1,1,0,0
ACC-12825,Growth,Monthly,12,30,147.0,9.2,76.6,22,1,19.0,80,0,0,1,2,0,0
ACC-12826,Growth,Annual,9,46,105.3,1.8,4.1,2,0,15.3,70,1,30,1,2,0,0
ACC-12827,Starter,Monthly,1,15,21.8,7.3,49.9,3,2,7.1,63,0,30,0,1,0,0
ACC-12828,Starter,Monthly,1,1,21.8,18.8,57.3,1,1,61.3,45,0,30,0,1,0,0
ACC-12829,Starter,Monthly,4,6,35.0,15.1,45.1,11,0,7.0,13,0,0,1,2,0,0
ACC-12830,Growth,Monthly,17,2,157.1,12.4,89.8,20,2,10.3,52,0,10,1,3,0,0
ACC-12831,Growth,Monthly,20,5,149.3,18.4,57.3,1,0,11.0,72,0,30,1,3,1,0
ACC-12832,Starter,Annual,6,30,29.3,13.0,33.9,2,0,1.0,72,0,30,0,0,0,0
ACC-12833,Starter,Monthly,2,1,32.0,10.7,71.6,7,0,11.2,31,1,0,0,3,0,0
ACC-12834,Starter,Annual,1,6,30.5,17.0,63.8,5,0,8.3,18,0,0,1,5,0,0
ACC-12835,Enterprise,Monthly,27,13,615.0,9.7,16.4,1,0,1.5,58,0,0,1,0,0,0
ACC-12836,Enterprise,Monthly,35,37,599.2,14.9,84.4,16,1,33.3,-55,0,20,1,0,0,0
ACC-12837,Starter,Monthly,1,5,30.5,7.2,57.2,6,0,24.9,86,0,0,1,3,0,0
ACC-12838,Growth,Annual,7,27,107.2,5.7,76.7,2,2,6.7,73,1,20,1,4,0,0
ACC-12839,Starter,Monthly,3,16,33.5,6.8,64.0,4,1,6.0,20,0,0,1,2,0,0
ACC-12840,Starter,Monthly,1,20,24.7,11.8,47.6,4,1,47.0,18,0,20,1,4,0,0
ACC-12841,Growth,Annual,12,36,147.0,8.1,64.3,4,2,4.2,100,0,0,0,2,1,0
ACC-12842,Enterprise,Monthly,24,1,511.2,8.3,52.8,4,1,41.4,-6,0,20,1,1,1,0
ACC-12843,Enterprise,Annual,35,14,599.2,11.1,61.4,5,1,1.6,21,0,20,1,0,0,0
ACC-12844,Growth,Monthly,19,25,175.0,11.6,68.2,3,2,36.6,91,0,0,1,1,0,0
ACC-12845,Starter,Annual,6,39,32.2,2.7,58.2,1,3,15.6,-8,0,20,1,4,0,0
ACC-12846,Growth,Annual,9,3,135.0,0.0,65.2,7,0,29.9,36,0,0,1,2,0,0
ACC-12847,Starter,Annual,2,8,26.2,14.4,46.8,9,1,2.0,22,0,20,0,3,0,0
ACC-12848,Growth,Monthly,17,1,147.2,12.8,42.4,11,1,10.9,100,0,20,1,2,0,0
ACC-12849,Starter,Monthly,4,32,29.2,3.8,72.0,0,1,12.0,11,0,20,1,2,0,0
ACC-12850,Growth,Annual,4,35,115.0,14.6,86.9,3,0,14.5,-17,1,0,1,1,0,0
ACC-12851,Starter,Monthly,1,12,30.5,14.6,43.6,23,1,19.8,38,0,0,1,1,0,0
ACC-12852,Starter,Monthly,3,1,33.5,10.2,61.9,0,3,9.9,11,0,0,1,3,0,0
ACC-12853,Enterprise,Annual,26,2,607.0,23.8,24.0,9,1,11.9,51,0,0,0,1,0,0
ACC-12854,Starter,Monthly,2,18,32.0,19.6,94.7,1,0,9.2,45,0,0,1,2,0,0
ACC-12855,Growth,Monthly,14,73,155.0,9.6,80.2,10,3,24.0,-11,0,0,1,4,0,0
ACC-12856,Starter,Monthly,1,33,24.7,9.7,42.2,7,0,47.8,94,0,20,0,3,0,0
ACC-12857,Starter,Monthly,1,29,30.5,3.3,47.2,8,1,2.4,9,0,0,1,1,0,0
ACC-12858,Starter,Monthly,1,10,27.6,19.3,81.6,23,1,6.8,12,0,10,1,3,0,0
ACC-12859,Starter,Annual,4,76,26.3,13.5,58.9,17,1,5.0,50,0,30,0,2,0,0
ACC-12860,Enterprise,Monthly,14,31,391.3,16.9,68.9,2,1,56.1,87,0,30,1,7,1,0
ACC-12861,Starter,Annual,4,7,29.2,0.0,33.3,3,0,18.1,-15,0,20,0,2,0,0
ACC-12862,Enterprise,Annual,47,25,775.0,16.7,67.7,3,0,3.1,14,0,0,1,2,0,0
ACC-12863,Growth,Annual,6,10,123.0,8.9,51.7,1,2,10.1,63,0,0,1,1,0,0
ACC-12864,Starter,Monthly,1,19,30.5,15.5,61.6,3,0,12.8,10,1,0,1,0,0,0
ACC-12865,Growth,Annual,12,63,137.1,15.1,46.3,23,3,19.5,36,1,10,1,0,0,0
ACC-12866,Growth,Monthly,12,5,147.0,11.9,50.4,4,1,4.8,16,0,0,1,1,0,0
ACC-12867,Growth,Monthly,11,29,143.0,7.8,57.3,18,0,13.9,47,0,0,0,6,0,0
ACC-12868,Starter,Annual,4,16,32.1,14.4,42.1,0,1,32.3,-14,0,10,1,2,0,0
ACC-12869,Starter,Monthly,1,54,30.5,7.0,100.0,0,1,21.6,41,1,0,0,1,0,0
ACC-12870,Enterprise,Annual,27,3,615.0,18.3,31.8,5,1,2.2,47,0,0,1,1,1,0
ACC-12871,Enterprise,Monthly,32,23,655.0,7.7,66.0,8,0,48.7,54,0,0,1,4,0,0
ACC-12872,Enterprise,Annual,19,1,511.1,12.1,61.7,1,3,8.3,12,0,10,1,7,0,0
ACC-12873,Starter,Monthly,8,5,38.1,7.5,71.7,4,0,11.1,81,0,10,0,2,0,0
ACC-12874,Growth,Annual,9,7,135.0,13.0,2.0,12,2,23.6,-43,0,0,1,5,0,0
ACC-12875,Growth,Monthly,17,10,147.2,5.8,17.9,9,1,12.4,7,1,20,1,3,0,0
ACC-12876,Growth,Monthly,10,60,129.1,7.1,42.9,2,0,17.7,100,0,10,1,1,0,0
ACC-12877,Starter,Monthly,1,1,24.7,25.8,75.2,2,3,13.0,31,0,20,1,1,0,0
ACC-12878,Growth,Monthly,12,3,137.1,17.1,49.2,2,1,7.4,69,0,10,1,1,0,0
ACC-12879,Starter,Monthly,1,4,30.5,14.2,48.3,8,2,11.6,37,1,0,1,2,0,0
ACC-12880,Starter,Monthly,5,10,36.5,15.1,55.3,21,0,7.5,91,0,0,0,1,0,0
ACC-12881,Enterprise,Monthly,21,1,567.0,13.8,36.5,2,0,11.9,23,0,0,1,1,0,0
ACC-12882,Starter,Monthly,4,61,29.2,11.5,65.3,5,2,4.5,38,1,20,1,0,1,0
ACC-12883,Starter,Monthly,5,15,30.7,16.5,59.2,27,4,1.3,61,0,20,1,4,0,0
ACC-12884,Starter,Annual,3,30,33.5,7.0,66.1,1,3,24.0,84,1,0,1,3,1,0
ACC-12885,Enterprise,Annual,33,27,583.2,21.6,88.4,6,2,2.7,-35,1,20,1,3,1,0
ACC-12886,Growth,Annual,8,19,111.2,12.7,49.9,2,0,34.6,48,0,20,1,3,0,0
ACC-12887,Starter,Annual,2,42,29.1,16.8,57.4,29,1,9.0,0,0,10,0,4,0,0
ACC-12888,Growth,Monthly,10,42,129.1,21.4,33.3,1,1,5.7,28,0,10,0,0,0,0
ACC-12889,Growth,Monthly,8,2,101.3,14.9,27.4,4,0,10.5,11,0,30,1,1,0,0
ACC-12890,Starter,Monthly,4,42,35.0,7.1,54.8,2,3,3.2,-48,0,0,1,4,0,0
ACC-12891,Growth,Annual,9,13,115.2,19.3,57.3,0,0,37.8,67,0,20,0,1,0,0
ACC-12892,Growth,Annual,14,6,125.3,22.2,70.2,20,2,3.6,-16,0,30,0,2,0,1
ACC-12893,Growth,Monthly,18,17,171.0,0.3,67.7,5,0,13.6,28,0,0,1,0,0,0
ACC-12894,Starter,Monthly,1,6,30.5,11.4,60.6,7,2,3.5,26,0,0,1,0,0,0
ACC-12895,Enterprise,Monthly,11,12,447.1,13.7,92.1,6,2,1.0,2,0,10,1,1,0,0
ACC-12896,Growth,Monthly,13,31,151.0,10.4,48.1,1,2,32.0,52,0,0,1,2,0,0
ACC-12897,Starter,Monthly,1,1,30.5,4.5,50.8,1,2,16.3,17,0,0,1,3,0,0
ACC-12898,Starter,Monthly,1,4,27.6,6.7,61.2,6,1,1.6,5,0,10,1,0,0,0
ACC-12899,Starter,Annual,2,56,26.2,0.9,29.0,9,1,44.7,-21,0,20,1,3,0,0
ACC-12900,Starter,Monthly,1,11,30.5,17.7,70.1,6,3,10.0,-2,1,0,1,0,0,1
ACC-12901,Growth,Annual,10,7,139.0,20.2,56.6,5,2,11.1,45,0,0,1,2,0,0
ACC-12902,Starter,Annual,1,46,21.8,20.2,57.0,8,1,13.7,-40,0,30,1,3,0,0
ACC-12903,Starter,Annual,1,44,24.7,11.8,66.9,2,0,5.1,89,0,20,1,1,0,0
ACC-12904,Growth,Annual,6,1,93.3,13.6,63.3,8,1,16.0,25,0,30,1,0,1,0
ACC-12905,Starter,Annual,5,8,33.6,18.4,64.0,3,2,5.8,0,0,10,1,5,0,0
ACC-12906,Enterprise,Annual,36,44,687.0,10.6,46.4,7,1,36.2,51,0,0,1,2,0,0
ACC-12907,Starter,Annual,3,4,33.5,6.3,89.5,2,2,35.0,15,0,0,1,5,0,0
ACC-12908,Starter,Monthly,5,16,36.5,8.6,22.8,1,2,13.0,61,0,0,1,0,0,0
ACC-12909,Starter,Annual,1,7,30.5,13.1,39.9,0,1,15.2,-7,0,0,1,4,0,0
ACC-12910,Starter,Annual,4,24,35.0,7.7,42.8,10,0,98.9,-5,0,0,0,1,0,0
ACC-12911,Starter,Annual,4,3,35.0,14.8,39.1,1,2,31.7,51,0,0,1,3,0,0
ACC-12912,Growth,Annual,5,16,119.0,3.9,16.6,3,1,1.3,72,0,0,1,3,0,0
ACC-12913,Enterprise,Monthly,74,1,991.0,10.5,91.2,9,2,3.8,37,0,0,1,0,0,0
ACC-12914,Starter,Monthly,2,5,29.1,14.4,69.1,4,0,18.1,38,0,10,0,3,0,0
ACC-12915,Growth,Monthly,17,3,157.1,12.8,41.1,1,0,9.3,1,0,10,1,4,1,0
ACC-12916,Growth,Monthly,9,4,135.0,7.6,70.3,1,3,32.6,12,0,0,1,1,0,0
ACC-12917,Growth,Annual,4,35,115.0,16.4,51.5,3,3,20.5,7,1,0,1,1,0,0
ACC-12918,Starter,Monthly,6,44,29.3,13.6,48.6,5,0,93.5,75,0,30,1,5,0,0
ACC-12919,Starter,Monthly,3,25,27.7,0.0,33.9,3,1,1.0,79,0,20,0,2,0,0
ACC-12920,Starter,Monthly,4,16,32.1,14.7,55.4,14,3,11.5,48,0,10,1,2,0,0
ACC-12921,Growth,Monthly,5,5,99.2,9.5,41.1,0,2,10.5,100,0,20,1,1,0,0
ACC-12922,Growth,Annual,5,6,99.2,8.9,33.6,3,2,11.4,52,0,20,1,1,0,0
ACC-12923,Starter,Annual,3,7,33.5,7.0,76.0,8,1,43.3,71,0,0,0,0,0,0
ACC-12924,Starter,Monthly,1,27,30.5,6.0,36.9,13,1,10.4,22,1,0,1,1,0,0
ACC-12925,Enterprise,Monthly,45,5,759.0,13.2,85.9,3,2,31.8,24,0,0,0,0,0,0
ACC-12926,Growth,Monthly,9,65,125.1,15.3,39.3,7,1,20.0,25,0,10,1,5,0,0
ACC-12927,Enterprise,Monthly,36,29,647.1,12.9,21.9,5,2,13.4,-3,0,10,1,1,0,0
ACC-12928,Growth,Monthly,8,96,131.0,17.7,66.6,1,0,23.6,15,0,0,1,1,0,0
ACC-12929,Starter,Annual,2,11,32.0,15.5,45.2,7,2,5.2,42,0,0,0,0,0,0
ACC-12930,Growth,Monthly,6,16,103.2,0.0,20.2,2,1,3.1,9,0,20,0,3,0,0
ACC-12931,Growth,Monthly,18,6,161.1,6.5,60.6,9,1,68.3,49,0,10,1,4,0,0
ACC-12932,Starter,Monthly,3,17,30.6,19.1,26.3,12,1,9.9,4,0,10,1,1,0,0
ACC-12933,Growth,Annual,5,66,119.0,4.4,11.2,4,0,7.2,2,0,0,1,2,0,0
ACC-12934,Growth,Annual,12,1,147.0,0.0,69.9,0,0,6.2,30,0,0,1,4,0,0
ACC-12935,Starter,Annual,3,6,33.5,23.0,87.8,8,2,19.5,-41,0,0,1,1,0,0
ACC-12936,Growth,Monthly,11,6,143.0,13.8,46.3,4,1,112.7,68,1,0,1,2,0,0
ACC-12937,Growth,Annual,8,73,121.1,7.9,81.7,1,1,45.1,55,0,10,1,3,0,0
ACC-12938,Enterprise,Monthly,46,3,727.1,6.9,72.6,2,3,10.2,59,0,10,1,1,0,0
ACC-12939,Starter,Monthly,6,30,38.0,15.8,69.7,2,3,45.1,56,0,0,1,5,0,0
ACC-12940,Starter,Monthly,2,6,32.0,14.9,51.3,8,1,12.2,26,0,0,1,2,0,0
ACC-12941,Growth,Monthly,12,35,117.3,14.0,41.9,3,1,2.3,39,0,30,1,2,0,0
ACC-12942,Starter,Annual,1,12,30.5,10.9,62.6,5,2,4.2,44,0,0,1,4,0,0
ACC-12943,Growth,Annual,13,5,141.1,4.3,69.3,4,1,5.6,-21,0,10,1,3,0,0
ACC-12944,Growth,Monthly,9,22,135.0,11.8,27.3,8,2,50.0,37,0,0,1,3,0,0
ACC-12945,Starter,Annual,4,33,35.0,18.4,47.9,8,0,77.2,17,0,0,1,4,1,0
ACC-12946,Growth,Annual,13,11,151.0,8.7,50.8,4,3,5.2,95,0,0,0,1,0,0
ACC-12947,Growth,Annual,11,23,123.2,15.6,48.8,1,3,10.3,23,0,20,1,0,0,0
ACC-12948,Starter,Monthly,2,4,29.1,9.6,40.1,3,1,79.9,26,0,10,1,1,0,0
ACC-12949,Enterprise,Monthly,31,50,647.0,16.8,25.7,1,1,37.6,-13,0,0,1,0,0,0
ACC-12950,Growth,Monthly,6,2,123.0,6.1,48.3,19,2,11.7,16,0,0,1,2,1,0
ACC-12951,Growth,Annual,7,5,127.0,12.1,48.9,18,1,12.1,-44,0,0,1,5,0,0
ACC-12952,Growth,Monthly,7,6,117.1,14.7,44.6,4,0,42.2,95,0,10,1,1,0,0
ACC-12953,Growth,Monthly,1,3,103.0,7.9,69.3,0,2,1.0,50,0,0,1,2,0,0
ACC-12954,Enterprise,Monthly,16,9,447.2,14.2,24.9,3,1,53.4,17,0,20,0,1,0,1
ACC-12955,Growth,Monthly,20,11,179.0,11.8,61.2,14,1,1.9,48,1,0,1,1,0,1
ACC-12956,Growth,Annual,5,13,119.0,11.7,15.5,2,2,46.3,-4,0,0,1,5,0,0
ACC-12957,Enterprise,Annual,28,1,623.0,7.9,53.5,6,1,1.3,24,0,0,0,1,0,0
ACC-12958,Starter,Annual,5,4,36.5,18.0,5.4,1,0,69.5,-9,0,0,0,3,0,0
ACC-12959,Growth,Annual,14,30,155.0,6.3,35.4,10,0,1.0,-24,0,0,1,0,0,0
ACC-12960,Starter,Monthly,2,30,32.0,13.7,54.5,13,1,67.0,57,0,0,0,2,0,0
ACC-12961,Starter,Monthly,1,7,30.5,6.9,23.6,6,3,1.3,26,0,0,0,2,0,0
ACC-12962,Starter,Monthly,2,11,26.2,11.6,23.8,6,0,2.7,-31,0,20,1,0,0,0
ACC-12963,Enterprise,Monthly,23,4,583.0,15.9,76.6,3,2,65.9,1,0,0,1,2,0,0
ACC-12964,Enterprise,Monthly,51,31,727.2,10.3,19.9,7,2,31.4,76,0,20,1,3,0,0
ACC-12965,Growth,Annual,5,57,109.1,0.0,52.4,4,0,36.6,5,0,10,1,0,0,0
ACC-12966,Growth,Monthly,14,6,155.0,3.9,87.5,8,0,11.3,52,0,0,1,5,0,0
ACC-12967,Growth,Annual,12,27,137.1,0.0,58.1,21,0,1.7,4,0,10,1,0,0,0
ACC-12968,Enterprise,Monthly,41,8,727.0,12.4,55.6,10,2,3.2,39,0,0,1,4,0,0
ACC-12969,Growth,Monthly,14,1,145.1,12.0,39.3,4,2,51.5,48,0,10,1,3,0,0
ACC-12970,Starter,Monthly,2,16,29.1,9.9,39.4,23,0,9.7,7,0,10,0,2,0,0
ACC-12971,Starter,Monthly,2,10,29.1,8.2,51.3,6,2,28.2,25,1,10,1,2,0,0
ACC-12972,Growth,Monthly,5,26,109.1,13.3,11.1,0,2,23.4,41,0,10,1,3,0,0
ACC-12973,Growth,Monthly,19,25,175.0,3.3,77.3,8,0,12.8,10,0,0,1,3,0,0
ACC-12974,Starter,Monthly,8,53,32.3,17.7,59.6,10,3,39.4,23,0,30,1,1,1,0
ACC-12975,Starter,Monthly,4,10,35.0,12.5,16.5,1,0,21.3,-3,0,0,1,3,0,0
ACC-12976,Growth,Monthly,7,12,107.2,6.3,77.6,7,1,26.9,34,0,20,0,6,0,0
ACC-12977,Starter,Annual,4,9,35.0,9.5,69.9,15,3,36.3,68,0,0,1,1,0,0
ACC-12978,Growth,Annual,7,6,127.0,11.2,64.7,2,2,5.0,-11,0,0,1,3,0,0
ACC-12979,Enterprise,Monthly,39,18,591.3,3.7,100.0,5,1,6.9,5,0,30,0,3,0,0
ACC-12980,Starter,Annual,2,32,26.2,16.0,57.1,2,2,28.2,-42,0,20,1,2,0,0
ACC-12981,Starter,Annual,4,3,29.2,17.8,88.7,9,3,35.3,48,0,20,1,4,0,0
ACC-12982,Growth,Annual,10,72,139.0,12.7,55.6,5,0,18.2,-26,0,0,0,0,0,0
ACC-12983,Growth,Monthly,6,21,113.1,17.6,65.0,3,1,100.1,48,0,10,1,0,0,1
ACC-12984,Growth,Monthly,1,27,103.0,27.9,42.8,0,2,42.1,50,1,0,0,0,0,0
ACC-12985,Enterprise,Annual,26,96,567.1,0.7,13.5,17,1,32.2,62,0,10,1,2,0,0
ACC-12986,Starter,Monthly,4,13,26.3,12.3,14.8,4,0,5.6,43,0,30,1,1,0,0
ACC-12987,Growth,Annual,4,1,115.0,3.9,53.1,10,1,8.1,-23,0,0,1,2,0,0
ACC-12988,Growth,Annual,13,28,151.0,21.4,49.8,3,0,8.9,25,0,0,1,1,0,0
ACC-12989,Enterprise,Monthly,43,37,743.0,13.5,29.0,11,3,1.9,37,1,0,1,3,0,0
ACC-12990,Starter,Monthly,3,3,33.5,7.8,48.9,1,1,26.3,49,0,0,1,3,0,0
ACC-12991,Growth,Monthly,11,1,113.3,10.4,64.9,2,0,10.6,50,0,30,1,1,1,0
ACC-12992,Growth,Monthly,7,3,127.0,20.0,83.4,2,0,19.4,15,0,0,0,3,0,0
ACC-12993,Starter,Monthly,1,7,21.8,14.7,39.8,1,1,24.7,26,0,30,0,4,0,0
ACC-12994,Starter,Monthly,13,46,45.6,15.5,63.6,4,2,1.0,27,0,10,0,2,0,0
ACC-12995,Enterprise,Monthly,17,1,535.0,20.9,93.3,4,2,1.0,-14,0,0,1,1,0,0
ACC-12996,Starter,Monthly,5,29,33.6,17.7,71.5,1,0,8.2,-4,0,10,1,5,0,0
ACC-12997,Starter,Annual,6,35,38.0,18.7,38.1,3,1,21.3,27,0,0,1,0,0,0
ACC-12998,Starter,Monthly,5,30,36.5,11.2,57.2,1,2,13.0,1,0,0,1,0,0,0
ACC-12999,Enterprise,Annual,26,2,607.0,0.0,59.1,12,1,55.9,-21,0,0,1,0,0,0
ACC-13000,Growth,Annual,10,20,139.0,12.6,69.0,4,4,5.9,-23,0,0,1,1,0,0
ACC-13001,Growth,Monthly,13,55,141.1,8.0,55.9,18,1,2.2,54,1,10,0,3,0,0
ACC-13002,Starter,Annual,6,2,38.0,16.7,65.6,3,0,2.4,42,0,0,1,2,0,0
ACC-13003,Growth,Monthly,4,1,95.2,1.4,77.4,3,0,5.1,35,1,20,0,4,1,1
ACC-13004,Growth,Annual,5,37,119.0,17.0,31.9,2,0,5.4,19,0,0,1,1,0,0
ACC-13005,Growth,Monthly,8,19,111.2,13.1,25.9,2,1,9.5,10,0,20,1,1,0,0
ACC-13006,Enterprise,Monthly,70,19,959.0,14.1,68.4,9,2,16.6,-41,0,0,1,1,0,0
ACC-13007,Starter,Monthly,1,60,30.5,15.7,51.6,2,1,5.7,51,1,0,1,0,0,0
ACC-13008,Growth,Monthly,11,26,143.0,11.8,74.0,2,1,14.5,16,0,0,1,3,0,0
ACC-13009,Starter,Monthly,1,9,27.6,10.0,78.9,0,2,13.0,52,0,10,0,0,0,0
ACC-13010,Growth,Monthly,12,10,117.3,18.8,14.3,20,1,7.4,-3,0,30,0,2,0,1
ACC-13011,Starter,Monthly,2,3,32.0,15.6,36.6,13,1,11.4,88,0,0,1,3,0,0
ACC-13012,Starter,Monthly,7,7,36.6,16.1,52.2,2,1,9.7,37,0,10,1,2,0,0
ACC-13013,Starter,Monthly,4,11,32.1,11.5,32.5,4,1,59.9,26,0,10,1,1,0,0
ACC-13014,Growth,Monthly,3,5,111.0,12.7,44.6,4,1,1.4,-6,1,0,1,4,1,0
ACC-13015,Starter,Monthly,1,45,30.5,11.9,26.9,1,2,29.1,36,0,0,1,2,1,0
ACC-13016,Growth,Monthly,11,1,143.0,1.5,45.4,5,1,7.4,52,1,0,1,1,0,0
ACC-13017,Starter,Annual,4,16,26.3,3.7,33.7,1,5,4.1,-48,0,30,1,7,0,0
ACC-13018,Starter,Monthly,3,27,33.5,11.3,62.6,3,2,40.9,25,0,0,1,2,1,0
ACC-13019,Growth,Annual,11,24,143.0,0.7,74.9,1,0,12.7,26,0,0,1,3,0,0
ACC-13020,Starter,Monthly,1,19,24.7,11.3,64.0,5,2,14.3,46,0,20,1,1,0,0
ACC-13021,Starter,Annual,3,10,33.5,6.6,100.0,0,1,10.8,-29,0,0,0,1,1,0
ACC-13022,Growth,Monthly,15,45,149.1,11.5,75.7,6,3,10.4,58,0,10,1,3,0,0
ACC-13023,Starter,Monthly,1,7,30.5,13.0,74.8,7,2,23.6,56,0,0,1,0,0,0
ACC-13024,Starter,Monthly,1,25,27.6,0.9,53.2,5,0,28.5,57,1,10,1,3,0,0
ACC-13025,Starter,Monthly,1,47,27.6,14.0,48.2,4,1,31.1,7,1,10,1,4,0,0
ACC-13026,Enterprise,Monthly,40,2,679.1,9.3,83.0,0,3,14.9,69,0,10,1,6,0,0
ACC-13027,Growth,Monthly,14,53,145.1,0.0,49.4,0,1,24.2,2,0,10,1,3,0,0
ACC-13028,Growth,Annual,9,27,135.0,9.2,55.8,3,0,30.1,-44,1,0,0,2,1,0
ACC-13029,Growth,Monthly,9,17,115.2,14.3,51.2,9,1,23.0,41,0,20,1,0,0,0
ACC-13030,Starter,Monthly,1,8,30.5,9.6,66.9,6,3,4.3,28,0,0,1,2,1,0
ACC-13031,Starter,Annual,3,42,27.7,9.2,74.6,1,3,24.9,73,0,20,1,1,0,0
ACC-13032,Growth,Monthly,6,1,123.0,12.9,78.4,7,4,20.9,-6,0,0,1,2,0,0
ACC-13033,Starter,Annual,5,10,36.5,9.1,48.3,5,0,2.0,18,0,0,1,3,0,0
ACC-13034,Starter,Monthly,3,25,30.6,10.4,59.0,1,0,20.8,15,0,10,1,1,0,0
ACC-13035,Starter,Annual,1,30,30.5,4.0,62.3,8,2,41.6,58,1,0,1,2,0,0
ACC-13036,Starter,Monthly,2,4,32.0,8.9,87.2,11,0,10.7,-8,0,0,1,2,0,0
ACC-13037,Enterprise,Annual,28,1,583.1,23.3,15.7,2,2,2.9,75,0,10,1,2,0,0
ACC-13038,Starter,Annual,1,29,30.5,13.1,55.3,6,0,18.9,4,0,0,1,4,0,0
ACC-13039,Growth,Monthly,17,10,167.0,13.6,40.9,3,1,5.5,15,0,0,1,0,0,0
ACC-13040,Starter,Monthly,3,3,30.6,8.1,43.3,0,1,15.8,31,0,10,0,1,1,0
ACC-13041,Enterprise,Monthly,26,2,567.1,9.6,36.3,12,0,22.1,-6,0,10,0,1,0,0
ACC-13042,Starter,Annual,4,18,35.0,10.6,66.9,10,1,14.3,44,0,0,1,4,0,0
ACC-13043,Starter,Monthly,4,16,32.1,17.2,2.0,2,0,7.4,39,0,10,1,1,0,0
ACC-13044,Growth,Monthly,11,35,123.2,19.2,52.0,5,0,38.9,8,0,20,1,3,1,0
ACC-13045,Growth,Monthly,4,1,115.0,9.3,14.9,4,4,2.9,40,0,0,1,1,0,0
ACC-13046,Starter,Monthly,2,37,23.3,11.9,39.8,1,0,1.0,41,0,30,1,3,0,0
ACC-13047,Starter,Monthly,5,39,36.5,10.6,50.3,1,6,35.3,50,0,0,1,0,0,0
ACC-13048,Starter,Annual,7,11,39.5,16.6,46.1,11,0,1.0,69,0,0,1,0,0,0
ACC-13049,Starter,Monthly,1,1,21.8,14.8,70.0,12,1,13.4,45,0,30,1,2,0,0
ACC-13050,Starter,Annual,5,53,36.5,11.5,82.5,8,2,15.4,47,0,0,1,2,0,0
ACC-13051,Growth,Monthly,11,1,133.1,18.1,98.1,0,1,8.3,-9,0,10,1,1,0,0
ACC-13052,Starter,Monthly,2,16,32.0,15.1,54.8,14,0,6.5,-24,0,0,0,3,0,0
ACC-13053,Starter,Monthly,1,12,30.5,7.4,80.5,24,2,27.0,11,0,0,1,1,1,1
ACC-13054,Growth,Monthly,5,32,109.1,12.0,87.2,9,2,9.1,41,0,10,0,0,0,0
ACC-13055,Enterprise,Annual,29,13,631.0,10.9,44.5,3,2,2.6,45,0,0,0,2,0,0
ACC-13056,Growth,Annual,6,11,123.0,6.1,82.1,3,0,12.4,-58,0,0,1,4,0,0
ACC-13057,Starter,Monthly,6,38,38.0,10.6,7.1,12,1,25.9,35,1,0,0,1,0,0
ACC-13058,Starter,Monthly,3,60,33.5,18.8,61.5,2,2,7.4,69,0,0,1,2,0,0
ACC-13059,Enterprise,Monthly,33,14,663.0,18.6,90.3,1,1,2.8,100,0,0,1,2,0,0
ACC-13060,Starter,Annual,6,11,38.0,17.5,57.2,10,1,8.3,80,0,0,0,1,0,0
ACC-13061,Starter,Annual,4,32,29.2,16.7,50.8,1,2,15.8,12,0,20,1,6,0,0
ACC-13062,Growth,Annual,16,32,163.0,13.2,50.7,14,1,2.1,10,0,0,1,3,0,0
ACC-13063,Growth,Monthly,3,7,111.0,8.4,87.3,5,1,5.3,47,0,0,1,2,0,0
ACC-13064,Growth,Monthly,4,15,105.1,15.4,20.0,5,1,70.7,58,0,10,0,4,1,1
ACC-13065,Starter,Monthly,4,3,35.0,2.1,46.4,9,0,4.6,69,0,0,0,0,0,1
ACC-13066,Starter,Monthly,8,18,41.0,8.0,73.5,0,4,1.3,51,0,0,0,2,0,0
ACC-13067,Enterprise,Monthly,24,32,551.1,18.6,62.0,8,2,11.3,-13,0,10,1,1,0,0
ACC-13068,Starter,Monthly,2,4,26.2,9.0,81.1,5,1,1.5,-19,0,20,0,3,0,0
ACC-13069,Growth,Monthly,9,7,125.1,15.8,70.0,4,0,1.0,81,0,10,1,3,0,0
ACC-13070,Growth,Annual,10,11,109.3,9.8,44.6,1,1,1.0,24,0,30,1,1,0,0
ACC-13071,Growth,Annual,8,34,131.0,15.3,67.8,11,1,7.0,-4,0,0,1,2,0,0
ACC-13072,Starter,Monthly,1,24,27.6,2.8,26.0,2,2,1.5,-10,0,10,1,3,0,0
ACC-13073,Starter,Monthly,1,7,30.5,19.6,10.6,4,4,4.3,11,1,0,0,4,1,1
ACC-13074,Growth,Monthly,9,5,105.3,5.3,41.5,1,2,20.9,86,0,30,0,3,0,0
ACC-13075,Enterprise,Annual,34,21,671.0,3.8,56.8,22,3,6.8,21,1,0,0,3,0,0
ACC-13076,Enterprise,Annual,29,12,511.3,19.3,37.1,1,1,17.1,55,0,30,1,1,0,0
ACC-13077,Starter,Annual,3,16,33.5,12.0,58.8,10,3,10.6,42,0,0,1,0,0,0
ACC-13078,Starter,Annual,3,19,27.7,10.2,56.3,2,2,43.2,28,0,20,1,1,0,0
ACC-13079,Enterprise,Monthly,27,15,495.3,21.4,14.1,2,0,23.8,-39,1,30,1,3,0,0
ACC-13080,Growth,Monthly,17,17,167.0,16.4,43.1,3,1,38.3,59,0,0,1,6,0,0
ACC-13081,Enterprise,Monthly,35,39,599.2,9.3,75.7,11,0,14.6,4,0,20,0,2,1,0
ACC-13082,Starter,Monthly,8,36,35.2,11.2,65.7,7,2,30.4,-28,0,20,1,2,0,0
ACC-13083,Growth,Annual,18,3,161.1,18.4,39.7,12,3,19.1,-35,0,10,1,3,0,0
ACC-13084,Growth,Monthly,13,16,141.1,6.2,68.6,0,1,27.2,51,0,10,1,2,0,0
ACC-13085,Growth,Monthly,15,10,159.0,20.7,93.6,19,1,23.1,58,0,0,1,4,1,0
ACC-13086,Starter,Monthly,3,6,33.5,9.3,45.7,0,0,7.1,-50,0,0,1,3,1,0
ACC-13087,Starter,Annual,2,18,32.0,6.8,71.3,8,1,2.7,12,0,0,1,1,0,0
ACC-13088,Growth,Monthly,17,13,157.1,18.5,67.8,1,0,32.8,43,1,10,1,1,0,0
ACC-13089,Starter,Annual,7,27,39.5,16.4,44.5,11,1,1.6,35,0,0,1,2,0,0
ACC-13090,Growth,Monthly,13,2,151.0,1.3,30.1,12,0,18.6,12,0,0,1,3,0,0
ACC-13091,Enterprise,Monthly,36,6,687.0,11.4,91.3,5,0,89.8,27,0,0,0,4,0,0
ACC-13092,Starter,Monthly,2,1,32.0,5.4,78.9,3,1,4.0,63,0,0,1,2,0,0
ACC-13093,Growth,Annual,10,25,129.1,16.8,48.9,9,1,27.2,45,1,10,0,2,0,0
ACC-13094,Starter,Monthly,4,44,35.0,22.3,81.7,12,2,61.2,53,0,0,1,4,0,0
ACC-13095,Growth,Annual,28,16,211.0,15.2,67.2,8,0,13.7,15,0,0,1,1,0,0
ACC-13096,Enterprise,Monthly,38,17,703.0,7.4,81.5,14,1,17.0,-15,0,0,1,2,0,0
ACC-13097,Starter,Monthly,1,1,27.6,17.3,15.6,6,4,9.2,39,0,10,0,4,0,0
ACC-13098,Starter,Annual,2,13,32.0,11.7,46.0,7,1,11.7,58,0,0,1,2,0,0
ACC-13099,Starter,Monthly,4,13,35.0,11.6,89.6,5,3,19.9,6,0,0,1,1,0,0
ACC-13100,Starter,Monthly,1,1,27.6,9.1,100.0,4,1,41.0,38,0,10,0,1,0,0
ACC-13101,Growth,Annual,13,27,151.0,12.6,46.4,6,2,60.9,30,0,0,1,2,0,0
ACC-13102,Enterprise,Monthly,26,6,607.0,11.6,46.0,5,1,15.7,-28,0,0,0,0,0,0
ACC-13103,Starter,Annual,1,23,30.5,0.0,70.0,8,1,30.5,24,0,0,1,1,0,0
ACC-13104,Starter,Monthly,3,9,33.5,12.2,62.6,16,1,26.7,36,1,0,1,4,0,1
ACC-13105,Starter,Monthly,4,96,26.3,11.2,66.7,3,1,5.7,14,0,30,1,4,0,0
ACC-13106,Growth,Monthly,10,4,119.2,14.1,7.4,3,2,12.4,68,0,20,1,2,0,0
ACC-13107,Starter,Annual,4,1,35.0,0.0,49.7,0,3,23.0,-14,0,0,1,0,1,0
ACC-13108,Growth,Monthly,5,70,119.0,15.1,72.7,4,2,2.8,100,0,0,1,6,0,0
ACC-13109,Growth,Annual,13,5,151.0,12.2,3.2,1,1,43.1,30,0,0,0,2,0,0
ACC-13110,Growth,Annual,12,18,127.2,15.0,19.4,8,1,10.3,23,0,20,1,0,1,0
ACC-13111,Starter,Monthly,2,8,26.2,2.2,16.0,9,2,12.1,62,0,20,1,2,0,0
ACC-13112,Growth,Monthly,6,18,93.3,4.6,69.3,8,0,40.8,-22,1,30,1,1,0,0
ACC-13113,Starter,Monthly,4,16,35.0,0.8,34.5,5,1,3.8,100,0,0,0,4,0,0
ACC-13114,Starter,Monthly,1,22,30.5,12.9,28.6,5,1,1.0,6,0,0,1,3,1,0
ACC-13115,Enterprise,Monthly,17,1,415.3,9.9,56.2,6,1,6.7,61,0,30,1,1,0,0
ACC-13116,Growth,Annual,4,33,115.0,11.1,27.7,5,2,3.3,30,0,0,1,1,0,0
ACC-13117,Starter,Annual,2,12,26.2,3.6,64.9,8,1,84.8,-6,1,20,1,6,0,0
ACC-13118,Starter,Annual,7,13,39.5,4.7,100.0,13,2,16.7,66,0,0,1,0,0,0
ACC-13119,Starter,Annual,6,10,29.3,0.0,46.9,5,1,16.6,49,0,30,1,6,0,0
ACC-13120,Starter,Annual,1,82,30.5,3.9,12.3,1,3,31.6,100,0,0,1,2,0,0
ACC-13121,Starter,Monthly,4,29,35.0,8.1,45.0,1,1,6.0,44,0,0,1,1,0,0
ACC-13122,Starter,Annual,4,7,35.0,8.4,65.8,3,2,14.8,8,0,0,1,4,0,0
ACC-13123,Growth,Annual,8,28,121.1,11.6,63.6,4,2,3.1,-35,0,10,0,5,0,0
ACC-13124,Growth,Monthly,16,10,163.0,16.6,73.4,2,0,2.0,4,0,0,1,1,0,0
ACC-13125,Growth,Annual,16,37,163.0,7.9,41.9,4,2,11.6,39,0,0,0,4,0,0
ACC-13126,Growth,Monthly,5,1,109.1,14.9,48.8,1,1,48.8,17,1,10,1,3,0,0
ACC-13127,Starter,Annual,5,8,36.5,16.7,2.0,2,0,11.6,57,0,0,1,2,0,0
ACC-13128,Enterprise,Annual,24,10,471.3,18.9,68.5,8,0,12.0,43,0,30,1,4,0,0
ACC-13129,Growth,Annual,14,25,155.0,14.9,26.2,25,1,40.1,-14,0,0,0,2,0,0
ACC-13130,Growth,Monthly,5,4,119.0,12.4,59.4,1,2,6.7,16,0,0,0,1,0,0
ACC-13131,Growth,Annual,15,6,159.0,5.5,35.8,2,2,13.5,0,0,0,0,0,0,0
ACC-13132,Enterprise,Monthly,22,23,575.0,13.6,53.1,3,4,3.6,42,0,0,1,2,0,0
ACC-13133,Growth,Monthly,3,1,91.2,9.7,76.1,2,3,37.4,45,0,20,1,0,1,1
ACC-13134,Starter,Annual,4,4,29.2,20.3,45.4,1,2,1.0,9,0,20,0,4,0,0
ACC-13135,Growth,Monthly,8,25,131.0,12.5,38.7,1,2,10.7,-27,0,0,1,1,0,0
ACC-13136,Growth,Annual,2,38,107.0,11.0,55.1,14,2,6.5,100,0,0,0,0,0,0
ACC-13137,Growth,Monthly,17,23,167.0,20.5,40.9,6,0,5.9,41,0,0,0,3,0,0
ACC-13138,Growth,Monthly,17,13,147.2,9.1,34.3,2,1,5.6,41,0,20,1,1,0,0
ACC-13139,Starter,Annual,3,2,33.5,12.0,96.1,2,0,9.2,-36,1,0,1,0,0,0
ACC-13140,Starter,Monthly,10,32,38.2,24.1,14.2,5,1,46.4,55,1,20,1,1,0,0
ACC-13141,Enterprise,Monthly,28,2,543.2,13.6,69.4,7,1,24.7,67,0,20,1,2,0,0
ACC-13142,Growth,Annual,8,9,111.2,18.8,52.0,2,4,44.0,42,0,20,0,2,0,0
ACC-13143,Growth,Monthly,4,1,105.1,21.0,36.8,3,3,4.4,35,0,10,1,1,0,0
ACC-13144,Starter,Annual,4,22,35.0,8.7,62.6,2,1,37.8,35,0,0,1,2,1,0
ACC-13145,Starter,Monthly,1,13,27.6,17.5,55.8,1,3,11.2,-1,0,10,1,2,0,0
ACC-13146,Enterprise,Monthly,21,43,567.0,10.0,84.1,3,0,79.3,6,0,0,1,3,0,0
ACC-13147,Growth,Monthly,6,3,103.2,24.2,30.0,5,2,18.0,22,0,20,1,2,0,0
ACC-13148,Growth,Monthly,13,31,151.0,20.7,43.6,6,0,13.4,68,1,0,1,2,0,0
ACC-13149,Growth,Monthly,15,13,149.1,16.5,77.3,3,1,51.9,39,0,10,1,3,0,0
ACC-13150,Growth,Monthly,9,8,135.0,18.3,50.5,25,2,9.6,4,0,0,1,0,0,0
ACC-13151,Starter,Monthly,5,19,30.7,7.8,67.0,6,2,27.6,7,0,20,1,0,0,0
ACC-13152,Growth,Monthly,12,28,147.0,22.3,81.7,13,1,12.8,-46,0,0,1,1,0,0
ACC-13153,Starter,Monthly,5,10,27.8,6.6,67.4,15,6,26.5,46,0,30,1,2,0,1
ACC-13154,Starter,Monthly,6,5,38.0,14.4,41.6,10,0,6.5,23,0,0,1,5,1,0
ACC-13155,Growth,Monthly,6,45,123.0,7.7,47.3,2,0,10.4,37,0,0,0,2,0,0
ACC-13156,Enterprise,Annual,34,7,671.0,17.2,81.9,3,4,8.5,100,0,0,1,1,0,0
ACC-13157,Starter,Annual,6,96,29.3,22.5,58.4,0,5,40.6,14,0,30,1,4,0,0
ACC-13158,Growth,Annual,4,26,115.0,14.7,50.5,4,1,52.8,38,0,0,1,4,0,0
ACC-13159,Starter,Monthly,3,21,30.6,13.9,63.4,2,1,26.6,8,0,10,1,3,0,0
ACC-13160,Starter,Annual,3,1,33.5,11.3,26.7,1,1,34.5,24,0,0,1,2,0,0
ACC-13161,Starter,Annual,3,11,33.5,12.6,49.8,11,2,8.7,-4,0,0,0,1,0,0
ACC-13162,Starter,Annual,3,13,30.6,10.0,53.3,7,0,3.3,-8,1,10,1,0,0,0
ACC-13163,Growth,Monthly,8,8,131.0,21.8,52.9,42,1,23.2,-33,0,0,0,4,0,0
ACC-13164,Starter,Annual,4,3,35.0,16.8,46.3,4,0,20.3,-8,0,0,1,2,0,0
ACC-13165,Growth,Annual,5,8,109.1,9.9,48.2,2,2,6.1,38,0,10,1,3,0,0
ACC-13166,Enterprise,Annual,25,1,599.0,12.4,52.5,2,1,48.7,19,0,0,1,5,0,0
ACC-13167,Starter,Monthly,1,6,30.5,29.5,87.1,3,1,8.8,22,0,0,1,1,0,0
ACC-13168,Growth,Monthly,14,2,155.0,13.6,6.5,2,0,33.8,14,1,0,1,1,1,0
ACC-13169,Starter,Monthly,1,25,30.5,20.7,70.4,28,2,2.8,35,0,0,1,3,0,0
ACC-13170,Growth,Monthly,20,20,169.1,8.5,53.1,1,3,6.8,33,0,10,1,3,0,0
ACC-13171,Starter,Annual,1,51,27.6,14.8,53.6,0,2,19.1,31,0,10,1,3,1,0
ACC-13172,Starter,Monthly,3,9,33.5,8.3,46.1,1,2,5.5,19,0,0,1,3,0,0
ACC-13173,Starter,Monthly,4,28,35.0,8.8,66.0,13,1,62.7,56,0,0,1,1,0,0
ACC-13174,Starter,Monthly,2,16,32.0,16.8,75.9,7,3,16.0,-40,0,0,1,3,1,0
ACC-13175,Starter,Monthly,3,19,27.7,6.6,13.3,9,0,26.3,3,0,20,0,2,0,0
ACC-13176,Growth,Monthly,8,14,131.0,4.8,100.0,2,0,16.5,2,0,0,1,3,0,0
ACC-13177,Enterprise,Annual,19,27,431.3,16.1,58.2,6,1,10.4,53,0,30,1,0,0,0
ACC-13178,Growth,Monthly,8,1,131.0,9.1,57.4,7,1,34.5,11,0,0,1,1,0,1
ACC-13179,Growth,Monthly,12,2,147.0,10.3,24.3,2,0,1.0,-4,0,0,0,1,0,1
ACC-13180,Starter,Monthly,1,2,21.8,1.2,42.4,8,0,11.1,36,0,30,0,1,0,0
ACC-13181,Starter,Monthly,1,6,27.6,4.4,84.9,6,1,42.6,58,0,10,1,4,0,0
ACC-13182,Starter,Monthly,1,16,30.5,13.3,56.5,2,0,1.8,56,0,0,1,0,0,0
ACC-13183,Starter,Annual,2,19,32.0,10.6,64.1,0,1,4.7,63,0,0,0,4,0,0
ACC-13184,Growth,Annual,11,22,143.0,17.5,44.9,2,1,64.7,34,0,0,1,4,0,0
ACC-13185,Growth,Annual,16,6,163.0,6.6,98.4,6,2,63.9,40,0,0,1,3,0,0
ACC-13186,Starter,Annual,3,19,33.5,11.0,51.6,5,1,9.7,21,0,0,1,5,0,0
ACC-13187,Starter,Monthly,2,2,26.2,12.3,79.9,4,0,27.9,19,1,20,0,2,0,0
ACC-13188,Growth,Annual,6,1,123.0,10.8,51.7,2,1,19.7,-4,0,0,1,4,0,0
ACC-13189,Growth,Annual,6,21,113.1,15.6,62.6,4,2,13.6,54,0,10,0,3,0,0
ACC-13190,Starter,Annual,1,23,30.5,5.5,62.7,1,1,33.6,-33,0,0,0,0,0,0
ACC-13191,Enterprise,Monthly,51,18,807.0,15.1,75.3,7,1,21.0,-16,1,0,1,2,0,0
ACC-13192,Enterprise,Annual,27,5,615.0,18.8,71.3,12,2,1.9,95,0,0,1,3,0,0
ACC-13193,Starter,Annual,2,47,32.0,7.1,44.6,4,1,36.6,26,0,0,1,4,0,0
ACC-13194,Starter,Annual,2,38,29.1,14.4,80.5,1,4,6.4,35,0,10,1,2,0,0
ACC-13195,Growth,Monthly,10,13,139.0,14.1,33.2,11,0,20.0,-12,0,0,0,0,0,1
ACC-13196,Enterprise,Annual,32,81,615.1,15.5,29.0,2,0,29.9,47,0,10,0,3,0,0
ACC-13197,Enterprise,Annual,27,6,535.2,12.0,48.6,5,4,45.6,78,0,20,1,2,0,0
ACC-13198,Starter,Annual,5,12,36.5,20.5,63.7,0,1,51.9,81,0,0,1,0,0,0
ACC-13199,Starter,Monthly,2,47,26.2,24.7,32.5,8,1,52.0,-23,0,20,1,6,0,0
ACC-13200,Growth,Annual,7,11,117.1,15.8,53.3,4,1,21.4,71,0,10,1,3,0,0
ACC-13201,Growth,Monthly,9,11,115.2,13.9,24.5,3,1,19.6,30,1,20,1,2,0,0
ACC-13202,Starter,Monthly,2,1,26.2,12.1,49.1,16,1,1.0,-58,0,20,1,5,0,0
ACC-13203,Enterprise,Monthly,33,4,663.0,4.1,76.4,4,2,1.8,-24,0,0,0,3,1,0
ACC-13204,Growth,Annual,21,3,173.1,3.4,36.4,0,3,10.0,-36,0,10,0,0,0,0
ACC-13205,Growth,Monthly,9,15,135.0,5.1,28.1,19,0,31.5,51,0,0,1,0,0,0
ACC-13206,Enterprise,Monthly,42,7,615.3,13.6,63.3,0,2,17.9,23,1,30,1,2,0,0
ACC-13207,Growth,Annual,8,1,121.1,10.8,37.7,5,1,5.4,7,0,10,0,1,0,0
ACC-13208,Starter,Annual,5,13,33.6,21.2,100.0,6,3,2.6,27,0,10,0,3,0,0
ACC-13209,Growth,Monthly,8,20,101.3,0.0,59.2,13,0,12.6,91,0,30,1,2,0,0
ACC-13210,Starter,Annual,1,24,30.5,12.2,77.5,7,3,48.8,20,0,0,0,2,0,0
ACC-13211,Growth,Annual,8,33,111.2,14.6,26.1,10,1,1.1,42,0,20,0,1,0,0
ACC-13212,Starter,Monthly,7,12,39.5,17.4,65.1,9,0,12.4,52,0,0,1,0,0,0
ACC-13213,Growth,Monthly,12,9,147.0,12.9,32.9,1,1,1.2,-12,0,0,1,3,0,0
ACC-13214,Starter,Monthly,3,21,30.6,14.2,51.1,7,4,5.8,50,0,10,1,2,0,0
ACC-13215,Starter,Monthly,3,1,33.5,13.1,38.5,6,3,61.5,62,0,0,1,3,0,0
ACC-13216,Starter,Monthly,5,18,36.5,14.6,77.9,2,2,2.2,65,0,0,1,2,1,0
ACC-13217,Starter,Annual,5,9,36.5,11.9,62.1,1,2,1.0,25,0,0,1,2,0,0
ACC-13218,Growth,Annual,12,11,147.0,24.7,57.6,8,0,1.8,63,0,0,1,2,0,0
ACC-13219,Growth,Monthly,4,6,105.1,15.5,84.9,21,0,23.5,47,0,10,1,3,0,0
ACC-13220,Growth,Monthly,15,2,149.1,13.2,55.3,8,0,1.0,32,0,10,1,4,0,0
ACC-13221,Starter,Monthly,1,9,30.5,7.6,77.7,8,1,10.0,62,0,0,0,1,0,0
ACC-13222,Starter,Monthly,1,7,30.5,9.9,94.6,1,0,61.3,91,0,0,1,3,0,0
ACC-13223,Starter,Monthly,4,58,26.3,21.1,58.1,2,0,1.4,62,0,30,0,3,0,0
ACC-13224,Starter,Annual,1,52,30.5,0.0,60.7,5,3,53.8,27,0,0,1,2,1,0
ACC-13225,Enterprise,Annual,51,19,807.0,12.3,76.0,0,3,2.5,13,1,0,0,1,0,0
ACC-13226,Starter,Monthly,3,42,27.7,11.9,86.6,7,2,2.7,48,0,20,0,1,0,0
ACC-13227,Starter,Annual,1,25,24.7,15.0,57.8,1,2,18.6,35,0,20,0,1,0,0
ACC-13228,Starter,Monthly,1,8,21.8,13.6,41.0,3,2,5.6,69,0,30,1,0,0,0
ACC-13229,Starter,Annual,1,17,24.7,21.1,74.1,2,3,1.0,-3,0,20,1,3,0,0
ACC-13230,Growth,Monthly,10,4,139.0,12.6,67.6,1,1,27.7,66,0,0,1,4,0,0
ACC-13231,Growth,Monthly,9,21,125.1,11.6,73.9,5,1,9.3,-19,0,10,0,2,0,0
ACC-13232,Starter,Annual,2,1,32.0,17.7,70.4,3,2,47.7,24,0,0,0,1,0,0
ACC-13233,Starter,Monthly,3,32,27.7,21.2,59.5,0,0,6.5,50,0,20,1,3,0,0
ACC-13234,Starter,Annual,2,16,32.0,16.1,60.8,4,3,22.1,26,1,0,0,2,0,0
ACC-13235,Starter,Monthly,4,1,35.0,18.1,70.4,5,2,7.9,45,0,0,1,1,0,0
ACC-13236,Starter,Monthly,1,37,30.5,10.7,23.1,1,0,3.2,78,0,0,1,2,0,0
ACC-13237,Enterprise,Monthly,33,38,663.0,12.8,84.3,5,4,73.6,10,0,0,1,1,0,0
ACC-13238,Growth,Monthly,12,34,137.1,20.9,64.9,2,0,17.7,-19,0,10,0,4,0,0
ACC-13239,Growth,Annual,8,27,131.0,15.2,36.4,2,1,36.6,-10,0,0,1,1,0,0
ACC-13240,Starter,Monthly,6,20,38.0,10.5,59.1,10,1,5.8,27,0,0,1,4,0,0
ACC-13241,Starter,Annual,1,9,30.5,12.2,84.0,4,2,10.0,74,0,0,0,3,0,0
ACC-13242,Growth,Annual,14,3,155.0,18.2,61.4,3,2,13.0,19,1,0,1,3,0,0
ACC-13243,Growth,Annual,17,6,167.0,18.8,38.9,10,2,19.9,100,0,0,1,1,1,0
ACC-13244,Growth,Monthly,7,8,117.1,6.9,27.0,14,1,10.0,-14,0,10,0,0,0,1
ACC-13245,Starter,Annual,4,8,35.0,14.2,100.0,2,3,5.7,-31,0,0,1,3,0,0
ACC-13246,Growth,Monthly,20,15,179.0,12.0,16.7,0,2,4.2,38,0,0,1,1,0,0
ACC-13247,Starter,Monthly,1,4,30.5,11.6,62.4,5,0,18.3,10,0,0,1,4,0,0
ACC-13248,Enterprise,Monthly,16,4,527.0,20.0,42.1,8,2,5.7,4,0,0,1,1,0,0
ACC-13249,Growth,Monthly,9,23,135.0,10.6,77.9,5,4,10.1,31,0,0,1,1,1,0
ACC-13250,Growth,Monthly,24,1,175.2,8.5,28.2,7,1,1.0,-13,0,20,1,3,0,0
ACC-13251,Starter,Annual,3,3,27.7,7.1,90.4,6,1,5.9,49,1,20,0,2,1,0
ACC-13252,Growth,Monthly,14,10,155.0,11.0,52.2,19,0,13.2,37,1,0,1,2,0,0
ACC-13253,Starter,Monthly,1,3,24.7,7.6,50.2,12,4,31.8,17,0,20,1,3,0,0
ACC-13254,Starter,Annual,5,58,36.5,6.8,48.1,1,4,9.3,37,1,0,0,1,1,0
ACC-13255,Starter,Monthly,5,20,27.8,6.7,42.0,4,3,7.0,97,0,30,1,0,0,0
ACC-13256,Growth,Monthly,15,10,159.0,7.0,46.9,4,0,14.5,21,0,0,0,1,1,1
ACC-13257,Starter,Monthly,2,2,32.0,7.4,70.8,4,1,1.0,13,0,0,1,2,1,0
ACC-13258,Starter,Annual,4,9,35.0,14.4,17.1,16,3,8.7,54,0,0,1,2,0,0
ACC-13259,Enterprise,Monthly,41,19,727.0,0.2,38.5,2,1,2.9,7,0,0,1,3,0,0
ACC-13260,Starter,Monthly,2,62,32.0,7.8,87.9,6,2,5.8,47,0,0,0,1,0,0
ACC-13261,Growth,Monthly,10,12,139.0,11.4,53.0,14,1,9.9,59,1,0,1,2,0,1
ACC-13262,Starter,Annual,4,21,35.0,18.9,42.4,0,0,1.2,79,1,0,1,0,0,0
ACC-13263,Starter,Annual,3,4,30.6,10.5,27.0,13,3,31.9,19,0,10,1,1,0,0
ACC-13264,Growth,Annual,10,18,119.2,11.1,29.3,9,0,6.4,-16,0,20,0,2,0,0
ACC-13265,Starter,Monthly,2,5,32.0,11.5,76.6,1,0,5.3,21,0,0,0,4,0,0
ACC-13266,Growth,Monthly,10,4,129.1,1.1,36.9,2,2,8.4,36,0,10,0,2,0,0
ACC-13267,Growth,Monthly,7,13,127.0,16.0,72.7,2,1,9.2,8,0,0,1,2,0,0
ACC-13268,Growth,Monthly,16,4,163.0,15.7,33.4,2,3,33.5,35,0,0,1,1,0,0
ACC-13269,Growth,Monthly,11,23,143.0,16.9,52.2,6,1,6.7,91,0,0,1,1,0,0
ACC-13270,Starter,Monthly,5,50,36.5,27.0,53.5,24,1,12.3,10,0,0,1,2,0,0
ACC-13271,Starter,Monthly,2,9,23.3,4.2,38.4,1,1,13.8,2,0,30,1,2,0,0
ACC-13272,Growth,Annual,7,7,127.0,3.1,56.7,2,2,7.3,63,0,0,1,1,0,0
ACC-13273,Growth,Monthly,7,3,117.1,16.2,8.5,2,0,30.6,-13,0,10,1,3,0,0
ACC-13274,Growth,Annual,4,9,115.0,10.0,53.1,17,1,19.6,30,0,0,1,6,0,0
ACC-13275,Growth,Monthly,12,15,127.2,6.1,64.8,6,0,25.5,12,0,20,1,2,0,0
ACC-13276,Growth,Monthly,11,8,143.0,10.3,36.6,1,2,1.1,-28,0,0,1,3,0,0
ACC-13277,Growth,Monthly,6,18,113.1,8.3,59.7,10,1,34.2,25,0,10,1,0,0,0
ACC-13278,Starter,Monthly,3,20,27.7,22.3,58.4,15,1,5.5,8,0,20,1,4,0,0
ACC-13279,Growth,Monthly,12,2,147.0,25.6,59.3,3,2,1.9,48,0,0,0,2,1,0
ACC-13280,Growth,Monthly,8,22,121.1,2.2,25.4,1,1,21.6,37,0,10,1,1,0,0
ACC-13281,Starter,Annual,5,42,36.5,3.1,57.1,2,1,4.9,36,0,0,1,4,0,0
ACC-13282,Enterprise,Annual,37,1,575.3,7.4,17.1,1,3,10.4,-3,0,30,1,3,0,0
ACC-13283,Enterprise,Monthly,10,14,359.3,7.9,41.2,1,2,24.6,10,0,30,1,2,0,0
ACC-13284,Growth,Annual,15,17,149.1,7.3,54.9,1,2,2.2,39,0,10,1,1,0,0
ACC-13285,Starter,Annual,3,22,30.6,10.8,59.6,13,0,2.7,-1,1,10,0,1,0,1
ACC-13286,Starter,Annual,2,9,32.0,9.3,28.4,1,3,21.9,29,0,0,1,1,0,0
ACC-13287,Growth,Annual,8,31,131.0,3.9,48.7,3,3,11.9,42,0,0,1,2,0,0
ACC-13288,Enterprise,Monthly,16,14,527.0,5.8,72.5,0,1,5.0,56,0,0,1,1,0,0
ACC-13289,Starter,Monthly,3,9,33.5,21.3,33.4,2,2,14.5,11,0,0,1,1,0,0
ACC-13290,Starter,Monthly,2,23,32.0,9.9,7.6,7,1,19.3,16,0,0,1,3,0,0
ACC-13291,Enterprise,Monthly,24,47,511.2,9.5,66.7,1,0,10.4,37,1,20,0,2,0,0
ACC-13292,Starter,Monthly,3,30,27.7,2.9,34.3,40,4,3.8,4,1,20,1,3,0,1
ACC-13293,Growth,Monthly,8,48,131.0,9.2,40.9,0,3,20.9,-18,0,0,1,3,0,0
ACC-13294,Enterprise,Annual,20,6,559.0,17.8,57.9,1,1,2.6,42,0,0,1,2,0,0
ACC-13295,Starter,Annual,5,2,30.7,15.6,56.7,9,0,21.2,21,0,20,1,2,0,0
ACC-13296,Growth,Annual,12,14,127.2,16.9,77.5,22,1,6.3,49,0,20,0,3,0,0
ACC-13297,Starter,Annual,2,1,32.0,4.8,49.7,18,0,1.0,10,0,0,1,4,1,0
ACC-13298,Starter,Annual,6,20,35.1,4.7,56.5,10,0,12.5,33,1,10,1,3,0,0
ACC-13299,Growth,Monthly,10,5,109.3,18.8,17.8,22,1,7.4,-33,0,30,0,2,0,0
ACC-13300,Starter,Monthly,2,11,32.0,17.0,68.8,11,0,5.2,51,0,0,1,2,0,0
ACC-13301,Enterprise,Monthly,41,19,727.0,10.4,39.8,0,3,13.8,11,0,0,0,2,0,0
ACC-13302,Growth,Annual,5,12,119.0,17.1,100.0,11,3,8.2,25,0,0,1,3,0,0
ACC-13303,Starter,Monthly,3,5,27.7,4.8,50.3,4,2,7.0,25,1,20,1,2,0,0
ACC-13304,Starter,Annual,3,38,27.7,4.5,64.3,4,3,28.8,18,1,20,0,0,0,0
ACC-13305,Starter,Monthly,1,26,21.8,2.3,69.0,0,0,1.7,32,0,30,1,4,0,0
ACC-13306,Starter,Monthly,2,17,29.1,14.2,53.0,6,2,10.1,30,0,10,1,0,0,0
ACC-13307,Starter,Annual,2,22,32.0,13.3,64.6,7,2,5.7,38,0,0,1,1,0,0
ACC-13308,Starter,Monthly,1,10,30.5,8.9,100.0,9,1,6.7,-14,0,0,1,2,0,0
ACC-13309,Growth,Monthly,20,8,179.0,7.3,38.4,2,4,11.7,57,1,0,1,0,0,0
ACC-13310,Growth,Monthly,3,3,111.0,26.5,5.6,1,0,51.2,26,0,0,0,3,0,0
ACC-13311,Growth,Monthly,7,29,127.0,10.4,26.3,3,2,21.5,42,0,0,1,1,0,0
ACC-13312,Growth,Annual,5,9,119.0,20.3,76.9,3,2,4.3,25,0,0,1,3,0,0
ACC-13313,Starter,Monthly,5,21,36.5,11.1,44.5,8,2,17.0,-7,0,0,1,2,0,0
ACC-13314,Starter,Monthly,2,6,32.0,9.0,100.0,2,1,3.3,100,0,0,1,2,0,0
ACC-13315,Growth,Monthly,8,29,121.1,20.5,71.0,1,1,43.3,34,1,10,1,1,0,0
ACC-13316,Growth,Annual,3,2,101.1,16.7,40.6,3,2,11.0,-25,0,10,1,3,0,0
ACC-13317,Starter,Monthly,1,18,30.5,11.9,37.9,6,0,59.8,27,0,0,0,1,0,0
ACC-13318,Growth,Annual,5,30,119.0,18.8,45.2,2,0,21.7,16,0,0,1,2,0,0
ACC-13319,Growth,Annual,7,19,127.0,27.1,9.6,1,0,35.9,24,0,0,1,1,0,0
ACC-13320,Growth,Monthly,6,21,113.1,7.6,61.1,3,0,4.0,-27,0,10,1,2,0,0
ACC-13321,Starter,Annual,3,13,30.6,14.8,70.3,20,1,38.6,31,0,10,1,5,0,0
ACC-13322,Growth,Annual,9,15,125.1,9.5,33.7,21,0,4.2,-1,0,10,1,2,0,1
ACC-13323,Growth,Monthly,8,1,111.2,6.4,20.9,7,1,74.7,82,0,20,0,2,1,0
ACC-13324,Growth,Monthly,22,5,177.1,6.2,35.0,9,1,6.6,26,0,10,1,2,0,1
ACC-13325,Growth,Annual,22,23,187.0,21.6,76.9,1,0,23.0,55,1,0,0,5,0,0
ACC-13326,Growth,Annual,10,52,119.2,1.1,72.7,3,0,15.8,61,0,20,1,0,0,0
ACC-13327,Growth,Monthly,7,14,127.0,15.0,59.7,6,2,13.0,46,0,0,1,2,0,0
ACC-13328,Starter,Monthly,4,23,35.0,7.0,91.1,8,0,11.2,36,0,0,0,2,0,0
ACC-13329,Growth,Annual,11,21,143.0,22.6,17.8,1,1,9.7,68,0,0,0,1,0,0
ACC-13330,Growth,Annual,6,96,123.0,10.4,50.4,4,1,7.2,8,1,0,1,1,0,0
ACC-13331,Growth,Annual,11,29,133.1,9.8,67.3,1,3,18.2,56,0,10,1,5,0,0
ACC-13332,Starter,Monthly,8,18,35.2,21.4,72.4,6,3,83.0,15,0,20,1,4,0,0
ACC-13333,Starter,Annual,5,2,36.5,17.3,72.7,9,0,22.3,33,0,0,1,2,0,0
ACC-13334,Enterprise,Monthly,36,8,687.0,15.3,70.9,11,1,28.3,-12,0,0,1,0,0,0
ACC-13335,Growth,Monthly,17,5,167.0,16.8,84.0,8,1,21.2,-16,0,0,1,2,0,0
ACC-13336,Enterprise,Annual,62,35,895.0,5.5,71.7,1,0,14.5,27,0,0,0,1,0,0
ACC-13337,Growth,Annual,6,11,123.0,16.5,29.6,11,1,34.0,68,0,0,1,0,0,0
ACC-13338,Growth,Monthly,13,14,151.0,10.8,45.0,2,3,7.8,23,0,0,1,0,0,0
ACC-13339,Growth,Monthly,2,60,107.0,14.2,17.7,11,3,6.4,89,0,0,0,0,1,0
ACC-13340,Enterprise,Annual,19,33,431.3,14.9,76.9,2,0,9.7,44,0,30,1,0,0,0
ACC-13341,Growth,Monthly,8,28,121.1,5.3,81.3,4,2,17.3,24,0,10,1,3,0,0
ACC-13342,Growth,Annual,6,3,113.1,15.6,28.2,5,0,1.0,82,0,10,1,1,0,0
ACC-13343,Starter,Annual,11,1,45.5,10.9,46.6,0,2,36.1,76,0,0,0,1,0,0
ACC-13344,Growth,Monthly,24,2,195.0,4.6,16.4,14,1,7.2,-18,0,0,1,1,0,1
ACC-13345,Growth,Annual,6,24,103.2,11.1,52.3,4,1,18.4,29,0,20,0,3,0,0
ACC-13346,Starter,Annual,3,10,33.5,12.1,36.8,1,0,1.1,48,0,0,1,1,0,0
ACC-13347,Starter,Annual,2,2,32.0,15.6,29.3,1,1,11.3,55,0,0,1,4,0,0
ACC-13348,Starter,Annual,4,24,35.0,0.0,54.5,7,0,1.4,51,0,0,1,5,0,0
ACC-13349,Starter,Annual,5,4,33.6,14.3,96.4,1,0,1.0,24,0,10,1,4,0,0
ACC-13350,Starter,Monthly,2,16,32.0,8.9,72.5,3,0,31.0,19,0,0,1,1,0,0
ACC-13351,Starter,Monthly,3,24,33.5,16.9,49.5,5,0,10.4,26,0,0,0,1,0,0
ACC-13352,Enterprise,Annual,40,17,719.0,12.0,53.9,2,1,33.7,4,0,0,1,1,0,0
ACC-13353,Growth,Monthly,15,91,159.0,10.0,96.3,1,2,8.2,-18,0,0,1,1,0,0
ACC-13354,Starter,Monthly,1,10,30.5,10.9,82.7,4,0,20.9,48,0,0,1,1,0,0
ACC-13355,Starter,Annual,2,7,32.0,14.0,48.2,2,2,2.0,50,0,0,1,1,0,0
ACC-13356,Growth,Annual,9,4,135.0,17.4,66.0,1,1,4.2,91,0,0,1,3,1,0
ACC-13357,Starter,Monthly,1,13,30.5,6.7,33.0,1,3,12.7,9,0,0,1,3,0,0
ACC-13358,Growth,Annual,8,34,101.3,9.9,55.5,4,1,11.6,43,0,30,0,1,0,0
ACC-13359,Growth,Annual,10,53,139.0,20.8,71.8,1,3,4.3,21,0,0,1,3,0,0
ACC-13360,Growth,Monthly,10,64,119.2,9.8,77.4,17,3,40.9,25,0,20,0,3,0,0
ACC-13361,Starter,Annual,2,14,32.0,14.2,40.9,9,1,6.7,8,0,0,1,3,1,0
ACC-13362,Growth,Monthly,10,17,129.1,4.6,77.0,2,0,11.1,32,0,10,1,4,0,0
ACC-13363,Starter,Monthly,1,16,30.5,1.7,58.3,2,1,8.2,78,0,0,1,5,0,0
ACC-13364,Enterprise,Monthly,33,11,663.0,5.8,48.7,12,1,107.9,15,0,0,1,1,0,0
ACC-13365,Growth,Monthly,7,3,127.0,7.9,97.0,3,1,8.5,44,0,0,0,4,0,0
ACC-13366,Starter,Monthly,1,1,27.6,18.2,47.1,12,1,6.1,9,0,10,1,2,0,0
ACC-13367,Starter,Annual,3,10,27.7,18.9,30.6,8,0,47.5,-21,0,20,1,1,0,0
ACC-13368,Starter,Annual,3,4,33.5,0.4,40.2,1,1,3.4,25,1,0,1,1,0,0
ACC-13369,Growth,Monthly,12,39,127.2,8.8,71.0,10,0,50.1,97,0,20,0,1,1,0
ACC-13370,Starter,Annual,5,26,30.7,16.2,33.3,5,0,16.8,1,0,20,1,1,1,0
ACC-13371,Growth,Monthly,11,17,123.2,11.4,73.2,7,1,5.1,-4,0,20,1,0,0,0
ACC-13372,Starter,Monthly,7,1,33.7,21.0,36.2,1,1,5.8,-1,0,20,1,1,1,0
ACC-13373,Growth,Annual,23,18,181.1,16.0,53.3,0,1,24.8,93,0,10,1,3,0,0
ACC-13374,Growth,Monthly,9,17,115.2,10.4,100.0,2,2,1.0,69,0,20,1,6,0,0
ACC-13375,Growth,Monthly,11,10,123.2,10.9,35.6,1,5,25.1,52,0,20,1,0,0,0
ACC-13376,Growth,Annual,3,19,111.0,11.7,10.6,3,5,7.4,77,0,0,1,2,0,0
ACC-13377,Starter,Monthly,1,35,24.7,6.9,85.1,1,2,33.0,62,0,20,0,1,0,0
ACC-13378,Starter,Annual,4,26,29.2,17.6,24.2,14,1,2.7,26,0,20,1,2,0,0
ACC-13379,Growth,Monthly,8,12,131.0,16.5,37.1,1,2,5.7,14,0,0,1,1,0,0
ACC-13380,Starter,Monthly,3,5,33.5,14.7,71.0,9,3,11.6,66,0,0,1,3,0,0
ACC-13381,Starter,Monthly,1,12,24.7,13.5,70.2,17,4,42.3,34,0,20,1,4,0,0
ACC-13382,Starter,Monthly,3,53,33.5,5.9,2.8,1,2,6.7,-2,0,0,1,1,0,0
ACC-13383,Starter,Monthly,4,31,26.3,15.0,47.5,3,2,37.1,48,1,30,1,0,0,0
ACC-13384,Starter,Monthly,1,1,27.6,12.8,73.7,8,2,2.2,19,0,10,0,1,0,0
ACC-13385,Enterprise,Annual,28,27,623.0,24.0,99.6,8,2,3.8,69,0,0,1,1,0,0
ACC-13386,Starter,Annual,2,3,32.0,4.2,27.7,0,1,3.4,-4,0,0,1,3,1,0
ACC-13387,Growth,Monthly,22,15,167.2,7.7,78.5,0,1,19.0,50,0,20,0,0,0,0
ACC-13388,Starter,Monthly,1,30,30.5,2.5,40.4,1,0,9.8,36,0,0,0,3,0,0
ACC-13389,Growth,Monthly,13,15,151.0,10.7,77.9,5,3,39.8,36,0,0,0,3,0,0
ACC-13390,Starter,Annual,3,9,33.5,1.6,32.1,0,0,13.3,40,0,0,1,4,0,0
ACC-13391,Enterprise,Annual,27,7,615.0,19.1,49.9,5,1,36.4,23,0,0,0,0,0,0
ACC-13392,Enterprise,Monthly,28,7,623.0,18.6,63.5,3,2,5.5,48,0,0,1,2,0,0
ACC-13393,Starter,Annual,1,33,30.5,11.0,76.0,7,1,53.6,40,0,0,1,3,1,0
ACC-13394,Enterprise,Monthly,26,31,527.2,5.9,67.5,9,0,20.2,34,1,20,1,1,0,0
ACC-13395,Enterprise,Monthly,28,31,583.1,2.9,45.6,9,2,14.1,72,0,10,1,4,0,0
ACC-13396,Growth,Monthly,3,6,111.0,7.8,44.0,0,2,18.8,-17,0,0,1,1,0,0
ACC-13397,Growth,Monthly,6,29,103.2,15.8,94.1,18,1,49.8,51,0,20,0,3,0,0
ACC-13398,Starter,Monthly,1,1,27.6,7.3,61.1,5,1,8.4,38,0,10,1,4,0,0
ACC-13399,Growth,Monthly,10,4,139.0,23.5,44.5,14,2,5.6,48,1,0,1,2,0,0
ACC-13400,Starter,Annual,1,13,27.6,20.9,66.8,6,2,5.6,51,0,10,0,3,0,0
ACC-13401,Starter,Monthly,1,9,30.5,12.0,68.7,4,1,72.0,53,0,0,0,3,0,0
ACC-13402,Enterprise,Monthly,31,2,607.1,9.2,25.2,8,1,8.2,17,1,10,1,3,0,0
ACC-13403,Starter,Monthly,1,1,30.5,8.6,65.7,1,4,43.1,7,0,0,0,2,0,0
ACC-13404,Growth,Monthly,13,17,141.1,21.6,21.9,1,1,3.0,47,0,10,0,3,0,0
ACC-13405,Growth,Monthly,12,7,127.2,8.1,40.8,1,0,11.3,82,0,20,1,5,0,0
ACC-13406,Enterprise,Monthly,29,1,631.0,17.6,33.3,11,0,19.3,23,0,0,1,2,0,0
ACC-13407,Enterprise,Monthly,41,10,727.0,12.1,52.2,15,0,66.2,-5,0,0,0,2,0,0
ACC-13408,Starter,Monthly,7,7,36.6,16.3,45.4,10,0,22.6,58,0,10,1,3,0,0
ACC-13409,Starter,Monthly,3,15,33.5,7.1,50.6,14,1,1.0,1,0,0,1,2,0,0
ACC-13410,Starter,Monthly,3,48,24.8,10.0,13.3,25,0,28.6,41,0,30,1,2,0,1
ACC-13411,Starter,Annual,1,7,27.6,11.9,53.3,4,0,21.0,-5,0,10,1,3,0,0
ACC-13412,Starter,Annual,3,96,33.5,8.2,30.8,1,2,4.1,20,1,0,0,2,0,0
ACC-13413,Starter,Monthly,1,2,27.6,19.5,100.0,6,2,19.4,30,0,10,1,0,0,0
ACC-13414,Growth,Monthly,11,2,123.2,7.4,46.2,3,3,52.0,20,0,20,1,4,0,0
ACC-13415,Growth,Monthly,12,22,127.2,8.5,49.3,3,0,1.0,38,0,20,0,2,0,0
ACC-13416,Starter,Monthly,2,25,23.3,20.2,70.3,8,3,73.3,41,0,30,0,3,0,0
ACC-13417,Growth,Monthly,9,10,135.0,19.0,84.1,1,0,7.0,12,1,0,1,4,1,0
ACC-13418,Starter,Monthly,3,6,33.5,21.5,29.1,0,2,18.7,11,0,0,1,3,0,0
ACC-13419,Starter,Monthly,2,28,23.3,0.6,67.6,7,0,6.5,74,1,30,1,1,0,0
ACC-13420,Growth,Annual,19,56,165.1,13.2,76.3,2,2,26.3,22,0,10,1,5,0,0
ACC-13421,Growth,Monthly,12,83,117.3,12.5,59.1,3,0,14.5,40,0,30,0,3,0,0
ACC-13422,Growth,Monthly,8,18,131.0,8.6,58.6,2,1,6.1,-18,0,0,0,3,0,0
ACC-13423,Starter,Monthly,6,24,35.1,13.9,43.7,6,0,14.0,93,0,10,1,1,0,0
ACC-13424,Growth,Annual,14,31,155.0,10.1,47.9,1,1,8.7,46,0,0,1,4,0,0
ACC-13425,Growth,Annual,10,29,129.1,13.0,52.6,8,1,5.7,-41,0,10,0,4,0,0
ACC-13426,Growth,Monthly,12,90,137.1,32.4,45.6,16,1,18.0,-5,0,10,1,3,0,0
ACC-13427,Growth,Annual,5,30,109.1,13.9,74.5,11,3,20.3,5,1,10,1,1,0,0
ACC-13428,Enterprise,Monthly,23,20,583.0,14.2,35.8,14,3,3.0,90,0,0,1,2,0,0
ACC-13429,Growth,Annual,17,8,137.3,16.9,73.8,17,1,52.9,100,0,30,1,1,0,0
ACC-13430,Growth,Annual,7,16,127.0,13.1,84.2,3,1,1.0,49,0,0,1,2,0,0
ACC-13431,Enterprise,Monthly,18,38,463.2,5.4,63.1,10,0,6.5,68,0,20,1,4,0,0
ACC-13432,Growth,Annual,6,7,123.0,2.1,15.6,4,1,8.4,74,0,0,1,2,1,0
ACC-13433,Starter,Monthly,1,1,30.5,11.8,68.5,2,1,1.4,-9,0,0,1,3,0,0
ACC-13434,Growth,Monthly,15,7,159.0,10.4,40.8,8,0,1.9,27,0,0,1,2,0,0
ACC-13435,Starter,Monthly,2,58,29.1,0.2,43.4,2,2,37.6,27,0,10,1,0,0,0
ACC-13436,Starter,Annual,1,28,30.5,21.8,63.0,1,0,9.0,78,0,0,1,2,0,0
ACC-13437,Growth,Monthly,6,4,103.2,12.6,79.3,7,1,9.1,100,1,20,0,3,0,0
ACC-13438,Enterprise,Monthly,26,1,607.0,20.6,18.4,2,1,23.3,100,0,0,1,2,1,1
ACC-13439,Enterprise,Annual,33,20,663.0,0.0,56.3,2,2,25.8,47,0,0,1,0,0,0
ACC-13440,Starter,Monthly,1,16,30.5,20.8,98.8,13,0,24.6,44,0,0,1,2,0,0
ACC-13441,Growth,Monthly,27,2,207.0,9.1,30.8,1,1,12.7,14,0,0,1,1,0,0
ACC-13442,Starter,Monthly,2,61,29.1,19.6,50.6,9,3,24.5,32,0,10,1,1,0,0
ACC-13443,Enterprise,Monthly,29,17,551.2,13.3,41.4,3,2,51.5,67,0,20,1,2,0,0
ACC-13444,Enterprise,Monthly,47,19,695.2,14.7,70.5,13,0,2.9,63,0,20,0,0,0,0
ACC-13445,Growth,Monthly,9,35,135.0,14.7,27.5,3,0,17.1,49,0,0,0,3,1,0
ACC-13446,Growth,Annual,7,7,97.3,9.4,20.4,3,1,42.2,0,0,30,0,2,0,0
ACC-13447,Growth,Annual,16,15,143.2,8.1,73.3,3,1,67.5,98,0,20,1,2,0,0
ACC-13448,Growth,Monthly,9,15,135.0,9.8,60.3,11,1,1.8,47,0,0,1,3,0,0
ACC-13449,Starter,Monthly,1,62,24.7,3.2,28.9,0,2,59.8,37,0,20,1,0,0,0
ACC-13450,Growth,Monthly,1,3,103.0,9.1,53.5,7,2,25.9,61,0,0,1,3,0,0
ACC-13451,Growth,Annual,6,26,123.0,7.8,26.8,1,0,25.8,8,0,0,0,1,0,0
ACC-13452,Growth,Monthly,12,15,127.2,3.0,75.3,13,1,3.2,4,1,20,1,2,0,0
ACC-13453,Starter,Monthly,2,34,23.3,14.8,61.1,3,3,17.2,17,0,30,1,2,0,0
ACC-13454,Enterprise,Annual,24,32,591.0,12.0,39.3,2,0,8.9,-5,0,0,1,0,0,0
ACC-13455,Starter,Monthly,1,1,27.6,13.5,42.2,7,1,17.6,34,0,10,0,1,0,0
ACC-13456,Growth,Monthly,6,5,123.0,16.2,44.9,8,1,26.7,-41,0,0,1,2,0,0
ACC-13457,Growth,Annual,20,4,159.2,10.6,31.3,6,1,4.1,13,1,20,1,1,0,0
ACC-13458,Growth,Annual,15,11,139.2,6.4,84.5,2,0,3.3,-39,0,20,1,0,0,0
ACC-13459,Growth,Monthly,10,42,139.0,13.8,80.6,6,2,8.8,21,1,0,1,0,0,0
ACC-13460,Starter,Annual,8,1,38.1,0.0,46.2,0,4,20.6,23,0,10,1,0,0,0
ACC-13461,Starter,Monthly,2,12,26.2,11.4,48.1,19,0,22.4,71,0,20,1,0,1,1
ACC-13462,Growth,Annual,17,39,147.2,16.6,30.3,4,2,18.8,40,0,20,0,0,0,0
ACC-13463,Growth,Monthly,17,47,147.2,18.3,51.5,2,0,37.9,3,0,20,1,5,0,0
ACC-13464,Starter,Annual,3,19,33.5,8.8,65.8,12,1,26.5,16,0,0,1,3,0,0
ACC-13465,Growth,Annual,9,32,115.2,0.0,81.0,2,1,14.1,80,0,20,1,2,0,0
ACC-13466,Growth,Annual,7,7,127.0,0.0,35.3,35,2,13.2,-8,1,0,1,4,0,1
ACC-13467,Growth,Annual,11,6,143.0,15.8,17.9,7,3,32.0,100,0,0,0,1,0,0
ACC-13468,Growth,Monthly,3,1,101.1,9.9,32.8,6,3,43.1,45,0,10,0,1,0,0
ACC-13469,Starter,Monthly,1,13,24.7,24.1,67.2,1,0,37.8,-15,0,20,0,2,0,0
ACC-13470,Starter,Monthly,7,11,33.7,3.5,54.0,6,1,13.7,-6,0,20,0,0,0,0
ACC-13471,Growth,Annual,10,8,109.3,14.1,76.8,1,2,17.3,59,0,30,1,3,0,0
ACC-13472,Growth,Annual,13,2,151.0,22.0,55.9,9,1,30.9,56,1,0,1,2,0,0
ACC-13473,Growth,Monthly,11,5,143.0,13.2,90.5,1,1,17.3,45,0,0,1,2,0,0
ACC-13474,Growth,Annual,10,4,109.3,2.4,20.1,3,1,5.1,34,0,30,1,2,0,0
ACC-13475,Growth,Annual,10,52,119.2,28.6,2.0,4,2,43.6,26,1,20,1,4,0,0
ACC-13476,Enterprise,Annual,37,61,695.0,21.5,84.8,10,3,13.6,3,0,0,0,2,0,0
ACC-13477,Growth,Annual,8,1,131.0,10.6,37.5,6,0,80.4,44,0,0,0,3,0,0
ACC-13478,Growth,Monthly,5,3,99.2,16.9,58.0,8,0,16.1,87,0,20,0,0,0,0
ACC-13479,Starter,Monthly,2,40,32.0,17.0,58.0,2,2,9.8,29,1,0,1,1,0,0
ACC-13480,Starter,Monthly,1,1,24.7,15.9,62.2,2,1,4.8,39,0,20,1,0,0,0
ACC-13481,Growth,Monthly,3,52,101.1,3.7,44.6,3,2,8.5,66,0,10,1,0,0,0
ACC-13482,Starter,Annual,3,9,33.5,13.9,34.1,0,1,5.0,12,0,0,1,4,0,0
ACC-13483,Enterprise,Annual,44,14,711.1,20.8,32.3,11,2,50.9,44,0,10,1,5,0,0
ACC-13484,Growth,Annual,5,26,119.0,15.0,68.3,3,2,18.4,58,1,0,1,3,0,0
ACC-13485,Growth,Annual,12,5,147.0,14.4,72.0,0,0,34.3,4,0,0,0,3,0,0
ACC-13486,Starter,Monthly,1,2,27.6,8.8,49.5,12,2,4.7,-15,0,10,1,1,0,0
ACC-13487,Starter,Monthly,2,30,32.0,6.6,41.9,21,1,1.3,22,0,0,1,3,0,0
ACC-13488,Starter,Monthly,5,75,36.5,2.6,67.5,6,1,10.9,60,1,0,0,1,0,0
ACC-13489,Starter,Monthly,1,19,27.6,16.5,22.4,3,3,55.1,-21,0,10,1,2,0,0
ACC-13490,Starter,Monthly,2,31,32.0,10.7,97.9,3,3,2.4,38,0,0,1,4,0,0
ACC-13491,Growth,Monthly,14,51,155.0,4.0,65.0,2,1,31.1,23,0,0,1,2,0,0
ACC-13492,Enterprise,Monthly,35,5,679.0,17.9,51.5,7,4,1.2,22,0,0,1,3,0,0
ACC-13493,Enterprise,Monthly,33,8,663.0,8.5,73.3,3,1,3.6,41,0,0,1,2,0,0
ACC-13494,Growth,Annual,12,4,147.0,6.9,68.9,0,3,26.2,-29,0,0,1,0,0,0
ACC-13495,Starter,Monthly,5,1,36.5,9.0,60.2,0,1,4.7,72,0,0,0,3,0,0
ACC-13496,Enterprise,Monthly,16,24,527.0,10.8,13.4,6,1,1.0,-1,0,0,1,2,0,0
ACC-13497,Enterprise,Monthly,49,3,751.1,14.7,64.0,2,2,5.0,43,0,10,0,1,0,0
ACC-13498,Starter,Annual,1,2,27.6,6.7,87.0,1,1,26.4,55,0,10,0,3,0,0
ACC-13499,Growth,Monthly,8,8,131.0,18.1,42.8,5,2,15.2,81,0,0,0,2,0,0
ACC-13500,Starter,Monthly,1,1,30.5,14.9,76.1,2,2,15.8,29,1,0,1,2,0,1
ACC-13501,Growth,Annual,17,4,167.0,8.9,73.7,0,0,10.6,-21,0,0,1,4,0,0
ACC-13502,Enterprise,Monthly,15,1,519.0,11.0,61.5,1,2,3.2,-26,0,0,1,3,0,0
ACC-13503,Starter,Annual,1,38,30.5,9.5,58.7,9,2,4.9,75,1,0,1,3,0,0
ACC-13504,Enterprise,Monthly,34,27,671.0,12.4,67.3,11,3,4.1,10,0,0,1,3,0,0
ACC-13505,Growth,Monthly,6,35,123.0,21.1,64.1,12,1,24.6,17,0,0,1,1,0,0
ACC-13506,Enterprise,Monthly,31,36,647.0,9.4,96.6,5,0,37.6,-10,0,0,0,0,0,0
ACC-13507,Growth,Annual,15,52,159.0,13.1,76.3,18,0,5.4,17,0,0,1,3,0,0
ACC-13508,Growth,Monthly,17,4,167.0,7.8,70.6,1,2,3.8,91,0,0,1,4,0,0
ACC-13509,Starter,Monthly,1,41,30.5,15.2,78.3,7,1,5.8,31,0,0,0,0,1,0
ACC-13510,Starter,Monthly,2,13,26.2,13.7,70.6,7,3,55.9,2,0,20,1,1,0,0
ACC-13511,Starter,Monthly,1,3,24.7,20.0,9.2,0,3,4.8,67,1,20,1,1,1,1
ACC-13512,Enterprise,Monthly,67,19,815.3,7.0,52.4,2,1,23.4,-57,0,30,1,4,0,0
ACC-13513,Growth,Annual,4,7,105.1,16.1,41.4,18,3,2.5,30,0,10,0,3,0,1
ACC-13514,Enterprise,Annual,42,1,735.0,19.6,62.2,9,2,21.6,18,0,0,1,3,0,0
ACC-13515,Enterprise,Monthly,36,1,687.0,9.4,42.8,0,1,5.6,20,0,0,1,1,0,0
ACC-13516,Starter,Monthly,2,10,32.0,11.2,68.0,5,2,36.3,-20,0,0,1,0,0,0
ACC-13517,Starter,Annual,2,32,32.0,13.1,45.7,6,2,1.0,25,0,0,1,2,0,0
ACC-13518,Starter,Monthly,1,7,30.5,10.6,92.3,22,0,13.9,16,0,0,1,2,0,0
ACC-13519,Starter,Monthly,2,26,32.0,13.1,91.3,8,2,21.8,-3,0,0,1,2,1,0
ACC-13520,Starter,Monthly,4,1,26.3,16.0,23.2,6,0,27.2,16,0,30,1,3,0,0
ACC-13521,Growth,Annual,4,9,115.0,11.3,62.1,14,1,46.1,-38,0,0,0,0,1,1
ACC-13522,Starter,Annual,3,2,33.5,11.3,44.8,6,0,19.7,100,0,0,1,3,1,0
ACC-13523,Starter,Annual,1,36,30.5,13.6,60.5,16,2,2.8,-90,0,0,1,3,0,0
ACC-13524,Starter,Monthly,1,62,30.5,9.6,67.9,4,3,25.7,25,0,0,1,2,0,0
ACC-13525,Starter,Monthly,2,7,29.1,9.9,26.9,8,3,15.0,24,0,10,1,2,0,0
ACC-13526,Enterprise,Annual,42,81,695.1,6.6,33.6,6,1,2.1,10,0,10,1,1,0,0
ACC-13527,Growth,Monthly,11,25,143.0,11.7,36.3,5,4,3.0,22,0,0,1,2,0,0
ACC-13528,Enterprise,Annual,24,1,551.1,14.7,42.9,2,1,35.2,52,0,10,0,3,0,0
ACC-13529,Starter,Annual,8,12,35.2,10.4,43.5,14,1,16.7,-14,0,20,1,1,0,0
ACC-13530,Starter,Monthly,3,32,33.5,7.4,72.5,2,0,3.4,-32,0,0,1,2,0,0
ACC-13531,Growth,Annual,8,14,131.0,11.4,59.9,1,0,31.1,11,0,0,1,2,0,0
ACC-13532,Starter,Monthly,4,14,35.0,14.4,35.8,7,2,17.7,-65,1,0,1,0,0,0
ACC-13533,Starter,Annual,4,11,35.0,12.8,48.0,5,1,3.7,-1,0,0,1,2,0,0
ACC-13534,Starter,Monthly,2,9,26.2,25.4,2.9,2,2,11.9,11,0,20,1,2,0,0
ACC-13535,Starter,Monthly,4,1,35.0,8.1,99.4,12,2,52.9,33,0,0,0,4,0,0
ACC-13536,Starter,Annual,1,17,30.5,11.1,55.4,2,2,27.8,75,0,0,1,3,0,0
ACC-13537,Starter,Annual,4,26,26.3,16.7,76.8,0,0,9.8,40,0,30,1,1,0,0
ACC-13538,Growth,Monthly,4,28,115.0,7.8,72.4,0,1,1.0,42,0,0,0,2,0,0
ACC-13539,Starter,Monthly,6,18,38.0,23.6,54.2,15,3,5.1,5,0,0,0,1,0,0
ACC-13540,Starter,Monthly,2,8,29.1,12.0,2.6,3,2,4.0,9,1,10,1,5,0,0
ACC-13541,Growth,Monthly,13,1,131.2,15.4,42.7,1,2,9.5,9,0,20,0,1,0,0
ACC-13542,Starter,Monthly,3,41,30.6,12.1,62.8,5,2,42.8,26,0,10,1,2,0,0
ACC-13543,Starter,Monthly,4,10,35.0,18.1,56.3,4,1,4.0,14,0,0,0,2,0,0
ACC-13544,Enterprise,Monthly,33,17,583.2,5.6,77.9,53,1,1.0,41,0,20,1,3,0,1
ACC-13545,Starter,Monthly,1,4,27.6,21.4,55.0,13,1,2.8,52,0,10,1,0,0,1
ACC-13546,Starter,Monthly,5,3,30.7,13.4,95.5,2,1,11.8,75,1,20,1,2,0,0
ACC-13547,Growth,Monthly,10,2,139.0,16.0,31.7,7,0,1.4,40,1,0,1,1,0,0
ACC-13548,Starter,Monthly,2,29,32.0,7.6,66.4,3,2,16.3,41,0,0,1,2,0,0
ACC-13549,Growth,Annual,9,19,135.0,14.0,32.4,3,0,6.4,71,0,0,1,2,0,0
ACC-13550,Growth,Monthly,17,17,167.0,6.2,75.1,3,1,9.4,55,0,0,1,2,0,0
ACC-13551,Starter,Annual,3,45,33.5,19.1,38.4,6,4,3.4,17,0,0,1,4,0,0
ACC-13552,Growth,Annual,12,3,147.0,4.3,16.4,5,0,27.4,-7,0,0,1,1,0,0
ACC-13553,Growth,Annual,5,3,99.2,12.9,22.3,8,4,9.6,13,0,20,1,4,1,0
ACC-13554,Starter,Annual,2,4,26.2,9.7,44.6,1,1,2.4,1,0,20,1,2,1,0
ACC-13555,Growth,Annual,10,10,139.0,2.6,89.3,3,2,9.0,34,0,0,1,5,0,0
ACC-13556,Starter,Monthly,2,37,32.0,6.4,71.3,12,2,82.1,47,0,0,1,3,0,0
ACC-13557,Growth,Monthly,8,38,131.0,14.7,64.8,0,1,25.0,16,0,0,1,2,0,0
ACC-13558,Starter,Annual,3,16,30.6,6.6,53.6,6,0,40.7,17,0,10,0,1,0,0
ACC-13559,Growth,Monthly,6,19,113.1,8.0,30.2,9,0,44.5,-63,0,10,1,2,0,0
ACC-13560,Starter,Annual,8,41,38.1,14.2,34.5,3,1,15.9,10,0,10,1,3,0,0
ACC-13561,Growth,Monthly,7,18,107.2,17.5,42.9,13,1,16.3,100,0,20,1,3,0,0
ACC-13562,Starter,Annual,4,5,29.2,16.0,40.9,8,3,47.4,69,0,20,1,3,0,0
ACC-13563,Starter,Monthly,7,22,30.8,11.7,40.6,6,0,41.3,77,0,30,0,4,0,0
ACC-13564,Growth,Monthly,17,26,167.0,13.3,34.1,1,1,25.2,47,0,0,1,1,0,0
ACC-13565,Growth,Monthly,3,18,81.3,12.7,55.1,7,1,34.5,62,0,30,1,4,0,0
ACC-13566,Growth,Annual,21,6,173.1,5.8,38.5,11,0,27.0,18,0,10,0,4,0,0
ACC-13567,Growth,Annual,13,9,151.0,13.7,79.9,8,2,7.4,2,0,0,0,3,0,0
ACC-13568,Growth,Monthly,10,11,129.1,5.7,79.7,5,1,2.6,82,1,10,0,4,0,0
ACC-13569,Enterprise,Annual,33,3,663.0,15.7,68.2,8,1,25.3,-8,0,0,1,0,0,0
ACC-13570,Starter,Monthly,1,11,30.5,12.8,65.7,23,1,47.2,47,0,0,1,2,0,0
ACC-13571,Growth,Monthly,13,3,151.0,0.0,20.9,0,2,76.8,92,0,0,1,0,0,0
ACC-13572,Growth,Monthly,6,12,113.1,17.9,100.0,7,0,1.0,64,0,10,1,2,0,0
ACC-13573,Enterprise,Monthly,48,1,783.0,8.9,48.8,9,2,20.3,21,0,0,1,4,0,0
ACC-13574,Enterprise,Monthly,20,53,519.1,8.4,72.5,6,1,19.2,75,0,10,1,6,0,0
ACC-13575,Starter,Monthly,6,5,29.3,17.7,73.3,2,1,9.2,38,0,30,0,3,0,0
ACC-13576,Starter,Annual,4,11,32.1,11.0,32.1,10,1,16.1,25,0,10,1,3,0,0
ACC-13577,Growth,Annual,5,1,89.3,15.6,41.2,15,2,12.2,56,0,30,1,1,0,1
ACC-13578,Growth,Monthly,8,4,131.0,8.1,63.8,7,4,51.7,-1,0,0,1,3,0,0
ACC-13579,Growth,Monthly,9,21,115.2,16.8,21.0,4,2,7.1,-20,1,20,1,3,0,0
ACC-13580,Growth,Monthly,12,2,117.3,13.2,53.0,3,2,4.0,22,0,30,1,2,0,0
ACC-13581,Growth,Monthly,16,18,163.0,14.4,2.3,2,2,22.4,7,1,0,0,5,0,0
ACC-13582,Starter,Monthly,1,1,30.5,10.9,55.2,8,0,6.7,-21,0,0,1,2,0,0
ACC-13583,Enterprise,Monthly,42,11,735.0,21.8,85.3,6,0,1.1,31,0,0,1,4,0,0
ACC-13584,Starter,Annual,6,23,38.0,23.2,54.9,1,0,32.3,11,0,0,0,2,0,0
ACC-13585,Starter,Annual,2,47,29.1,0.0,22.8,1,4,7.8,-3,0,10,1,2,0,0
ACC-13586,Growth,Monthly,12,12,147.0,17.6,42.8,0,1,97.9,29,0,0,1,1,1,0
ACC-13587,Growth,Monthly,7,33,107.2,5.5,68.5,7,0,7.5,-3,0,20,1,3,0,0
ACC-13588,Starter,Monthly,2,29,29.1,15.1,58.7,2,0,16.2,71,0,10,1,1,0,0
ACC-13589,Starter,Annual,1,6,30.5,1.3,64.9,0,3,3.5,92,0,0,1,2,0,0
ACC-13590,Enterprise,Monthly,25,37,519.2,14.4,51.2,2,0,15.2,55,0,20,1,2,0,0
ACC-13591,Starter,Monthly,5,18,30.7,7.0,38.2,11,0,6.2,15,0,20,1,1,0,0
ACC-13592,Growth,Annual,13,2,141.1,9.2,57.8,2,1,22.9,44,0,10,0,1,0,0
ACC-13593,Growth,Monthly,17,50,167.0,9.4,56.5,6,1,1.0,7,0,0,0,3,0,0
ACC-13594,Growth,Monthly,10,3,139.0,7.6,77.6,3,0,24.0,53,0,0,1,3,0,0
ACC-13595,Growth,Monthly,7,11,127.0,7.8,44.7,5,0,14.6,55,0,0,1,1,0,0
ACC-13596,Starter,Monthly,4,11,35.0,9.6,56.1,5,1,9.6,58,0,0,0,2,0,0
ACC-13597,Growth,Monthly,10,18,109.3,11.1,51.8,4,0,1.3,17,0,30,1,2,0,0
ACC-13598,Starter,Monthly,2,20,29.1,13.9,100.0,0,1,1.3,55,0,10,1,4,0,0
ACC-13599,Growth,Monthly,12,5,147.0,23.2,38.4,5,2,31.4,47,0,0,0,1,0,0
ACC-13600,Starter,Monthly,1,8,27.6,6.3,46.5,3,0,27.0,39,0,10,0,2,0,0
ACC-13601,Growth,Annual,4,3,95.2,12.8,33.9,1,1,12.5,33,0,20,1,1,0,0
ACC-13602,Starter,Monthly,6,2,38.0,16.6,83.7,14,2,1.0,-8,0,0,0,4,0,0
ACC-13603,Starter,Monthly,1,31,30.5,7.7,85.3,8,1,33.5,45,0,0,1,3,1,0
ACC-13604,Starter,Annual,1,25,21.8,0.0,50.2,2,1,21.9,20,0,30,0,2,0,0
ACC-13605,Starter,Annual,1,11,30.5,0.5,81.1,5,0,1.6,-15,0,0,0,1,0,0
ACC-13606,Growth,Annual,7,2,117.1,0.0,62.2,20,0,6.5,5,0,10,1,2,0,0
ACC-13607,Starter,Monthly,3,11,33.5,21.2,70.4,2,0,1.4,45,0,0,1,2,0,0
ACC-13608,Enterprise,Monthly,39,6,591.3,15.7,33.1,18,2,40.8,13,0,30,1,0,0,0
ACC-13609,Enterprise,Annual,16,27,527.0,16.5,58.6,7,0,14.0,10,0,0,1,1,0,0
ACC-13610,Growth,Annual,11,2,113.3,17.9,96.2,5,0,9.4,-43,0,30,1,2,0,0
ACC-13611,Starter,Monthly,5,11,36.5,8.5,87.5,25,2,20.0,68,0,0,1,3,0,0
ACC-13612,Starter,Annual,10,16,44.0,25.8,72.7,2,2,27.4,-9,0,0,0,2,0,0
ACC-13613,Growth,Monthly,18,76,171.0,14.0,75.9,2,4,21.2,32,0,0,1,2,0,0
ACC-13614,Starter,Annual,3,2,33.5,11.6,100.0,2,2,35.3,14,0,0,0,2,0,0
ACC-13615,Starter,Annual,2,2,23.3,18.7,72.3,8,1,18.0,39,0,30,0,1,0,0
ACC-13616,Growth,Annual,3,80,81.3,16.0,40.4,2,2,1.0,39,0,30,1,0,0,0
ACC-13617,Growth,Annual,8,9,131.0,20.0,81.7,1,2,2.9,23,0,0,1,2,0,0
ACC-13618,Growth,Annual,5,25,119.0,20.4,53.4,6,0,40.4,40,0,0,1,0,0,0
ACC-13619,Starter,Monthly,1,28,30.5,9.9,65.8,2,1,2.7,31,1,0,0,6,0,0
ACC-13620,Growth,Monthly,4,7,115.0,13.1,57.6,0,5,19.3,-18,0,0,0,0,0,0
ACC-13621,Starter,Monthly,4,4,32.1,6.5,39.4,1,0,4.6,72,0,10,1,0,0,0
ACC-13622,Starter,Monthly,1,6,24.7,2.2,61.8,10,2,64.6,83,0,20,0,2,0,0
ACC-13623,Enterprise,Annual,25,26,559.1,17.0,76.3,17,1,5.1,-1,0,10,1,5,0,0
ACC-13624,Starter,Monthly,3,33,33.5,17.7,71.3,7,1,9.0,-24,0,0,0,0,1,0
ACC-13625,Starter,Monthly,6,22,32.2,0.1,65.6,2,0,29.7,74,1,20,1,0,0,0
ACC-13626,Starter,Monthly,5,10,30.7,7.7,50.6,3,3,21.5,-8,0,20,0,1,0,0
ACC-13627,Enterprise,Annual,48,5,743.1,12.3,18.5,1,2,7.8,75,0,10,1,0,0,0
ACC-13628,Growth,Monthly,11,10,143.0,12.9,54.0,13,1,23.9,71,0,0,1,4,0,0
ACC-13629,Growth,Monthly,14,44,155.0,24.3,67.2,7,3,78.2,24,0,0,1,3,0,0
ACC-13630,Growth,Monthly,8,36,121.1,8.2,7.5,1,2,3.1,24,1,10,1,3,0,0
ACC-13631,Starter,Annual,4,7,26.3,11.0,53.5,3,0,5.5,-5,0,30,1,3,0,0
ACC-13632,Growth,Monthly,3,7,81.3,15.9,52.9,5,2,11.9,32,0,30,1,6,0,0
ACC-13633,Starter,Annual,1,27,24.7,9.9,34.9,10,2,7.5,47,0,20,0,1,0,0
ACC-13634,Starter,Monthly,2,10,32.0,9.0,71.7,15,1,7.6,43,0,0,1,3,0,0
ACC-13635,Growth,Monthly,7,15,127.0,8.5,75.8,1,0,11.2,51,1,0,1,1,0,0
ACC-13636,Enterprise,Annual,43,10,703.1,13.4,94.9,11,1,31.2,67,0,10,1,4,0,0
ACC-13637,Starter,Monthly,2,5,29.1,10.9,54.4,0,2,8.8,28,1,10,1,2,0,0
ACC-13638,Starter,Monthly,1,4,21.8,16.1,83.4,2,2,5.9,100,0,30,0,0,0,0
ACC-13639,Starter,Monthly,2,3,26.2,14.1,37.0,0,2,16.0,46,0,20,0,2,0,0
ACC-13640,Starter,Monthly,5,1,27.8,0.0,46.8,0,3,41.1,44,0,30,1,3,0,1
ACC-13641,Enterprise,Monthly,21,6,567.0,1.5,69.9,0,2,24.0,44,0,0,1,6,0,0
ACC-13642,Growth,Monthly,8,3,101.3,9.0,40.6,1,2,8.3,44,0,30,1,0,0,0
ACC-13643,Growth,Monthly,8,5,101.3,17.9,51.4,13,3,71.6,44,1,30,1,3,0,0
ACC-13644,Growth,Monthly,17,1,137.3,8.1,73.5,2,3,23.5,67,0,30,1,1,0,0
ACC-13645,Starter,Annual,2,8,32.0,14.2,54.9,4,1,3.0,-58,0,0,0,2,0,0
ACC-13646,Growth,Annual,19,13,145.3,15.6,34.8,4,2,23.7,21,0,30,1,2,0,0
ACC-13647,Starter,Monthly,2,52,26.2,15.2,42.0,32,2,47.2,-28,0,20,0,1,0,0
ACC-13648,Growth,Monthly,11,8,143.0,8.7,49.0,3,1,12.8,78,0,0,1,0,0,0
ACC-13649,Enterprise,Monthly,39,1,711.0,5.1,67.9,2,3,26.1,-19,0,0,0,3,0,0
ACC-13650,Growth,Monthly,2,8,107.0,4.1,47.9,20,2,3.3,2,0,0,0,6,0,0
ACC-13651,Starter,Monthly,1,31,30.5,29.8,2.0,5,2,2.3,7,0,0,1,2,0,0
ACC-13652,Growth,Monthly,5,7,119.0,14.7,72.3,2,3,19.8,-12,0,0,0,1,0,0
ACC-13653,Starter,Monthly,8,6,38.1,23.0,69.2,2,2,10.2,19,0,10,1,1,0,0
ACC-13654,Starter,Monthly,2,45,29.1,7.0,31.6,1,2,12.3,-43,1,10,1,2,0,0
ACC-13655,Starter,Monthly,4,6,26.3,19.5,30.1,5,0,7.3,83,0,30,1,1,1,1
ACC-13656,Starter,Annual,3,63,30.6,9.1,84.7,8,1,12.2,45,0,10,1,0,0,0
ACC-13657,Growth,Monthly,4,32,95.2,11.8,49.7,4,1,2.1,3,0,20,1,1,0,0
ACC-13658,Growth,Annual,19,21,155.2,10.3,71.6,13,2,2.3,50,0,20,1,1,0,0
ACC-13659,Enterprise,Annual,38,16,703.0,6.7,39.7,4,0,11.7,41,0,0,1,0,0,0
ACC-13660,Growth,Monthly,1,5,83.2,6.8,69.4,3,2,12.1,-3,0,20,1,0,0,0
ACC-13661,Growth,Monthly,7,24,127.0,11.8,34.7,2,1,41.0,55,0,0,1,0,0,0
ACC-13662,Starter,Monthly,2,8,32.0,8.5,64.3,2,1,8.0,23,0,0,1,2,0,0
ACC-13663,Starter,Monthly,2,12,32.0,12.8,62.9,2,0,22.6,70,0,0,0,3,0,0
ACC-13664,Growth,Monthly,9,2,135.0,7.0,9.6,29,3,7.2,13,0,0,1,1,0,1
ACC-13665,Starter,Annual,3,6,24.8,16.2,57.7,3,2,7.4,-17,0,30,1,2,0,0
ACC-13666,Growth,Monthly,4,14,115.0,9.2,39.2,4,0,24.7,64,0,0,1,1,0,0
ACC-13667,Starter,Monthly,3,11,33.5,21.8,79.0,2,0,16.5,22,0,0,1,1,0,0
ACC-13668,Starter,Annual,1,8,24.7,11.7,60.2,1,1,9.3,29,1,20,1,2,0,1
ACC-13669,Starter,Annual,13,11,48.5,11.4,49.6,6,4,13.2,39,0,0,1,0,0,0
ACC-13670,Starter,Monthly,6,25,32.2,21.6,88.4,5,2,37.2,-4,1,20,1,3,0,0
ACC-13671,Starter,Annual,2,11,32.0,9.0,13.1,0,3,27.4,20,0,0,0,3,0,0
ACC-13672,Growth,Monthly,15,13,159.0,9.6,97.4,13,1,54.6,11,0,0,1,2,0,0
ACC-13673,Starter,Monthly,3,22,24.8,7.8,96.3,4,0,41.9,16,0,30,1,1,1,0
ACC-13674,Growth,Monthly,12,33,147.0,13.2,46.4,2,0,22.1,74,0,0,0,0,0,0
ACC-13675,Starter,Monthly,6,13,29.3,7.6,74.5,9,1,4.2,3,0,30,1,4,0,0
ACC-13676,Starter,Annual,1,53,30.5,16.7,65.7,1,1,9.0,1,1,0,1,2,0,0
ACC-13677,Starter,Monthly,4,8,35.0,11.7,2.0,4,0,16.2,79,1,0,1,1,0,0
ACC-13678,Growth,Monthly,7,5,107.2,17.0,52.5,5,1,1.0,-4,0,20,1,4,0,0
ACC-13679,Starter,Monthly,4,21,35.0,16.4,27.2,9,0,22.9,32,0,0,1,2,0,0
ACC-13680,Growth,Monthly,7,3,117.1,8.9,25.2,3,1,78.3,54,0,10,1,2,0,0
ACC-13681,Starter,Monthly,2,41,29.1,7.6,48.7,12,2,35.2,54,0,10,1,3,1,0
ACC-13682,Growth,Monthly,9,9,105.3,10.0,49.5,7,1,23.3,-19,0,30,0,1,0,0
ACC-13683,Starter,Annual,1,22,30.5,12.1,81.7,9,1,22.7,5,0,0,0,1,0,0
ACC-13684,Growth,Monthly,10,15,119.2,14.0,38.4,21,2,45.5,-31,1,20,1,5,0,0
ACC-13685,Growth,Monthly,8,1,121.1,14.7,46.3,11,2,7.4,59,0,10,1,4,0,1
ACC-13686,Enterprise,Monthly,47,22,775.0,11.8,85.1,3,1,11.8,67,0,0,0,1,0,0
ACC-13687,Starter,Monthly,3,28,30.6,7.9,51.0,6,1,21.6,65,1,10,0,4,0,0
ACC-13688,Starter,Monthly,2,73,29.1,8.5,43.7,12,1,17.0,29,0,10,1,4,0,0
ACC-13689,Starter,Annual,2,10,23.3,15.1,73.9,4,3,37.2,22,0,30,1,3,0,0
ACC-13690,Growth,Annual,11,13,143.0,8.1,66.7,7,3,9.1,10,0,0,1,0,0,1
ACC-13691,Growth,Monthly,12,37,137.1,15.4,57.2,1,4,10.8,-23,0,10,1,1,0,0
ACC-13692,Growth,Monthly,5,6,109.1,15.6,75.3,10,2,5.7,48,1,10,0,3,0,1
ACC-13693,Starter,Annual,4,4,32.1,21.2,27.6,8,1,20.4,-4,0,10,1,4,0,0
ACC-13694,Starter,Monthly,5,3,33.6,9.1,42.2,13,3,9.9,-42,0,10,1,2,0,0
ACC-13695,Starter,Monthly,3,69,33.5,10.0,99.0,7,1,15.9,76,0,0,1,2,0,0
ACC-13696,Enterprise,Monthly,25,6,519.2,0.0,2.0,13,0,1.2,8,0,20,1,3,0,0
ACC-13697,Growth,Annual,1,25,103.0,6.3,40.2,1,1,24.4,39,0,0,0,4,0,0
ACC-13698,Enterprise,Monthly,30,11,639.0,6.3,29.0,10,1,15.2,25,1,0,0,1,0,0
ACC-13699,Starter,Annual,5,5,30.7,15.0,56.6,18,0,27.1,70,0,20,1,5,0,0
ACC-13700,Growth,Annual,1,44,73.3,22.8,68.3,10,0,5.8,-22,0,30,1,1,0,0
ACC-13701,Growth,Monthly,5,11,109.1,15.5,79.4,6,1,38.7,57,0,10,1,4,0,0
ACC-13702,Starter,Annual,2,15,32.0,17.9,46.0,16,1,40.9,28,0,0,1,4,0,0
ACC-13703,Growth,Annual,18,5,161.1,7.7,34.7,1,2,11.5,46,0,10,1,0,0,0
ACC-13704,Enterprise,Monthly,41,7,727.0,4.8,23.1,0,3,2.0,16,0,0,1,2,0,0
ACC-13705,Enterprise,Monthly,24,25,551.1,10.5,56.1,20,0,14.2,17,0,10,1,2,0,0
ACC-13706,Growth,Monthly,8,8,131.0,8.3,100.0,7,2,20.8,62,0,0,1,3,0,0
ACC-13707,Starter,Monthly,2,13,32.0,6.8,42.1,1,1,18.3,4,0,0,1,0,0,0
ACC-13708,Starter,Monthly,7,2,39.5,13.3,53.4,2,2,45.6,12,0,0,1,5,0,0
ACC-13709,Enterprise,Monthly,42,34,655.2,4.9,58.0,8,5,50.1,22,0,20,1,1,0,0
ACC-13710,Starter,Monthly,5,24,36.5,17.0,45.7,8,2,19.5,-21,0,0,0,3,0,0
ACC-13711,Growth,Annual,8,26,131.0,9.6,86.3,1,1,20.6,21,0,0,1,4,0,0
ACC-13712,Growth,Monthly,8,4,131.0,11.7,81.6,4,1,2.8,23,0,0,1,0,0,0
ACC-13713,Growth,Monthly,6,12,113.1,12.6,73.0,10,0,10.0,54,0,10,1,1,0,0
ACC-13714,Enterprise,Monthly,38,1,703.0,9.2,76.1,20,1,8.0,12,0,0,0,3,0,1
ACC-13715,Starter,Monthly,1,7,30.5,19.6,39.9,6,2,8.5,-36,1,0,1,3,0,0
ACC-13716,Starter,Monthly,2,8,29.1,2.4,29.7,6,0,26.0,31,0,10,0,1,0,0
ACC-13717,Starter,Monthly,5,44,36.5,19.7,40.1,4,2,13.4,13,0,0,1,1,0,0
ACC-13718,Starter,Monthly,2,89,26.2,9.9,61.2,5,1,14.0,-12,1,20,1,0,0,0
ACC-13719,Starter,Annual,1,17,30.5,17.5,47.9,1,2,5.7,41,0,0,1,6,0,0
ACC-13720,Starter,Annual,2,13,32.0,13.2,67.5,3,1,3.7,43,0,0,1,1,0,0
ACC-13721,Growth,Monthly,5,10,109.1,17.1,57.4,4,1,10.5,51,0,10,0,3,0,0
ACC-13722,Enterprise,Annual,27,1,615.0,11.3,25.5,2,1,1.2,43,0,0,1,3,0,0
ACC-13723,Starter,Annual,2,29,32.0,13.4,82.3,3,1,3.5,56,0,0,1,0,0,0
ACC-13724,Starter,Monthly,12,20,38.3,18.6,43.8,21,1,34.1,42,0,30,0,4,0,0
ACC-13725,Enterprise,Annual,38,19,703.0,12.6,72.3,0,2,11.5,100,0,0,0,1,0,0
ACC-13726,Starter,Annual,1,30,24.7,20.0,36.4,2,2,74.9,82,0,20,0,3,0,0
ACC-13727,Starter,Monthly,3,47,30.6,14.1,35.6,5,3,1.0,38,0,10,1,3,1,0
ACC-13728,Starter,Monthly,3,9,24.8,7.6,34.6,2,0,50.7,-30,0,30,1,4,0,0
ACC-13729,Growth,Monthly,22,10,157.3,9.9,23.5,7,1,21.1,95,1,30,1,2,0,0
ACC-13730,Starter,Monthly,1,67,27.6,17.3,24.0,2,0,19.5,21,0,10,1,4,0,0
ACC-13731,Enterprise,Annual,18,20,543.0,4.6,63.4,6,1,36.7,52,0,0,1,2,0,0
ACC-13732,Starter,Monthly,3,34,24.8,16.8,34.6,11,1,19.7,47,0,30,1,2,0,0
ACC-13733,Growth,Annual,15,5,139.2,9.8,62.6,6,3,1.0,26,0,20,1,0,0,1
ACC-13734,Starter,Annual,4,7,26.3,4.3,57.2,0,1,47.1,13,0,30,1,2,0,0
ACC-13735,Growth,Annual,5,9,89.3,13.2,74.4,10,0,41.3,18,0,30,1,3,0,0
ACC-13736,Growth,Annual,13,7,151.0,7.8,32.6,1,3,14.7,-64,1,0,1,3,0,0
ACC-13737,Growth,Monthly,6,39,123.0,8.6,78.3,6,3,2.7,-11,0,0,0,4,0,0
ACC-13738,Growth,Monthly,9,13,135.0,8.2,35.1,6,1,34.5,13,0,0,1,2,0,0
ACC-13739,Growth,Annual,15,55,159.0,12.7,2.0,10,0,15.1,32,0,0,1,3,0,0
ACC-13740,Enterprise,Monthly,28,7,623.0,9.7,59.2,4,1,7.9,51,0,0,1,2,0,0
ACC-13741,Growth,Monthly,5,1,119.0,14.3,35.7,3,1,100.1,10,0,0,1,1,0,0
ACC-13742,Growth,Annual,10,3,129.1,18.1,88.0,4,1,3.6,54,0,10,0,4,0,0
ACC-13743,Starter,Annual,6,4,38.0,15.3,61.6,5,2,3.6,22,1,0,0,3,0,0
ACC-13744,Starter,Monthly,1,18,24.7,22.8,53.1,10,0,18.3,17,0,20,1,3,0,0
ACC-13745,Starter,Annual,4,4,35.0,24.3,59.4,1,1,6.2,32,1,0,1,1,0,0
ACC-13746,Growth,Annual,11,9,133.1,10.3,44.1,11,3,10.6,56,0,10,1,4,0,0
ACC-13747,Starter,Monthly,4,29,35.0,5.1,92.1,3,1,5.5,22,1,0,1,1,0,0
ACC-13748,Starter,Monthly,3,2,30.6,10.3,42.9,8,3,30.5,43,0,10,1,1,0,1
ACC-13749,Enterprise,Annual,47,2,775.0,12.7,65.2,2,2,6.4,56,0,0,0,1,0,0
ACC-13750,Enterprise,Monthly,29,14,591.1,25.4,37.0,7,1,36.9,49,0,10,1,4,0,0
ACC-13751,Enterprise,Monthly,29,22,511.3,9.8,55.0,10,2,26.6,7,0,30,0,5,0,0
ACC-13752,Starter,Monthly,1,44,27.6,13.7,27.8,5,0,7.1,13,0,10,1,3,0,0
ACC-13753,Growth,Annual,9,20,125.1,7.9,60.0,6,1,32.1,50,0,10,1,1,0,0
ACC-13754,Starter,Monthly,3,53,30.6,9.9,56.4,7,0,7.7,25,0,10,1,1,0,0
ACC-13755,Starter,Monthly,5,5,33.6,4.7,67.1,7,5,10.4,3,0,10,1,2,0,0
ACC-13756,Starter,Monthly,1,8,30.5,3.2,65.3,8,0,1.6,32,0,0,1,5,0,0
ACC-13757,Starter,Annual,3,33,27.7,20.2,55.6,11,1,16.8,57,0,20,1,2,0,0
ACC-13758,Starter,Monthly,3,30,30.6,18.4,99.9,1,0,33.9,62,0,10,1,2,0,0
ACC-13759,Growth,Monthly,13,20,141.1,9.8,54.6,1,2,19.5,66,0,10,1,1,0,0
ACC-13760,Starter,Annual,7,13,39.5,18.4,55.9,21,1,16.0,31,0,0,0,2,0,0
ACC-13761,Growth,Monthly,5,1,89.3,4.2,53.1,11,0,45.6,43,0,30,0,0,0,1
ACC-13762,Growth,Annual,11,6,143.0,11.0,59.5,5,3,11.6,69,0,0,0,2,0,0
ACC-13763,Starter,Annual,3,3,33.5,13.0,48.7,0,0,109.3,8,0,0,1,3,0,0
ACC-13764,Growth,Annual,14,1,155.0,19.6,46.9,12,0,12.4,64,0,0,1,3,0,0
ACC-13765,Starter,Monthly,3,27,33.5,13.2,71.5,8,0,20.6,54,1,0,1,1,0,0
ACC-13766,Growth,Annual,6,3,123.0,15.3,53.9,19,3,1.0,55,0,0,1,2,0,0
ACC-13767,Starter,Annual,4,8,26.3,9.2,78.2,0,0,24.0,-29,0,30,0,3,1,1
ACC-13768,Starter,Annual,1,68,27.6,13.6,13.3,0,3,7.7,11,0,10,1,1,0,0
ACC-13769,Starter,Monthly,7,9,39.5,19.6,88.5,4,2,2.7,8,0,0,1,2,0,0
ACC-13770,Growth,Annual,5,3,99.2,2.3,74.7,12,5,3.2,80,1,20,1,5,0,0
ACC-13771,Enterprise,Monthly,38,21,703.0,18.8,53.9,28,1,14.2,-1,0,0,1,0,0,0
ACC-13772,Starter,Monthly,5,30,36.5,10.7,53.3,2,2,17.8,-7,0,0,1,5,0,0
ACC-13773,Growth,Monthly,15,6,159.0,3.6,69.1,0,2,24.3,-13,0,0,0,4,0,0
ACC-13774,Growth,Annual,5,30,119.0,10.4,32.4,1,0,11.8,17,0,0,0,2,0,0
ACC-13775,Enterprise,Monthly,23,6,583.0,19.7,55.8,13,1,40.0,44,0,0,1,2,0,0
ACC-13776,Growth,Monthly,4,21,115.0,9.1,58.4,4,3,1.4,94,0,0,0,1,1,1
ACC-13777,Growth,Annual,25,2,189.1,13.8,10.0,12,2,2.6,17,0,10,0,1,0,0
ACC-13778,Growth,Monthly,7,10,127.0,2.3,62.7,4,3,5.2,3,0,0,0,1,0,0
ACC-13779,Enterprise,Annual,30,13,639.0,1.0,25.3,0,3,2.1,85,1,0,0,2,0,1
ACC-13780,Starter,Monthly,2,23,29.1,5.5,78.8,6,1,28.2,90,0,10,0,2,0,0
ACC-13781,Starter,Monthly,3,19,24.8,18.1,84.4,3,0,9.0,-32,0,30,0,3,0,0
ACC-13782,Starter,Annual,1,35,21.8,11.7,88.2,4,1,18.5,12,0,30,1,0,1,0
ACC-13783,Growth,Annual,4,4,85.3,18.6,47.9,18,0,29.0,38,0,30,1,2,0,0
ACC-13784,Growth,Monthly,10,19,139.0,18.9,47.6,4,1,15.8,37,0,0,1,3,1,0
ACC-13785,Starter,Annual,3,2,33.5,7.5,11.5,10,1,15.2,100,0,0,1,2,0,0
ACC-13786,Growth,Monthly,18,12,161.1,21.4,70.0,0,0,12.0,11,0,10,1,1,0,0
ACC-13787,Growth,Monthly,10,13,129.1,8.7,21.8,4,2,23.8,-10,0,10,1,1,0,0
ACC-13788,Starter,Monthly,5,1,27.8,18.0,23.1,5,0,15.1,3,0,30,1,1,0,0
ACC-13789,Enterprise,Monthly,21,1,567.0,17.8,48.3,1,0,10.3,68,0,0,0,2,0,0
ACC-13790,Starter,Monthly,1,33,21.8,12.4,30.7,2,1,19.2,30,0,30,1,1,0,0
ACC-13791,Starter,Monthly,4,6,35.0,12.4,33.8,8,2,65.2,86,0,0,0,2,0,0
ACC-13792,Growth,Monthly,11,8,143.0,13.9,56.0,1,2,33.0,53,0,0,0,5,0,0
ACC-13793,Growth,Monthly,13,18,141.1,12.7,74.4,1,2,11.9,6,0,10,1,5,0,0
ACC-13794,Starter,Monthly,4,4,32.1,9.7,66.9,2,1,18.7,60,0,10,0,3,0,0
ACC-13795,Growth,Monthly,15,4,159.0,9.1,59.2,12,1,9.9,72,1,0,1,1,0,0
ACC-13796,Growth,Annual,5,10,119.0,9.7,80.2,9,1,14.7,81,0,0,1,2,0,0
ACC-13797,Starter,Annual,4,1,35.0,19.3,57.8,9,0,26.5,-19,0,0,1,2,0,0
ACC-13798,Starter,Monthly,3,45,24.8,2.5,43.4,2,2,36.4,40,0,30,1,2,0,0
ACC-13799,Growth,Annual,4,51,115.0,9.0,38.1,1,5,1.3,-9,0,0,0,1,0,0
ACC-13800,Starter,Annual,4,11,29.2,10.0,67.2,0,0,3.6,20,0,20,0,1,0,0
ACC-13801,Enterprise,Monthly,22,4,575.0,10.6,30.8,5,2,17.4,22,0,0,1,2,0,0
ACC-13802,Growth,Monthly,12,11,147.0,13.8,62.7,7,1,24.3,40,0,0,1,5,0,0
ACC-13803,Enterprise,Annual,28,2,623.0,3.9,45.6,3,1,21.6,47,0,0,1,2,0,0
ACC-13804,Starter,Monthly,3,9,27.7,18.2,36.6,5,4,5.7,9,0,20,1,7,0,0
ACC-13805,Enterprise,Annual,31,1,527.3,17.3,36.2,2,0,21.3,73,0,30,1,1,0,0
ACC-13806,Starter,Annual,2,22,32.0,16.0,76.2,3,2,12.4,77,0,0,1,2,0,0
ACC-13807,Starter,Annual,3,6,33.5,10.8,36.1,8,3,5.6,37,0,0,1,3,0,0
ACC-13808,Starter,Annual,5,13,36.5,7.6,48.9,8,3,43.2,90,0,0,1,3,1,0
ACC-13809,Starter,Monthly,1,1,30.5,10.0,44.7,0,0,15.1,27,0,0,1,1,0,0
ACC-13810,Growth,Monthly,8,13,121.1,12.4,78.3,17,1,39.7,-35,0,10,0,5,0,0
ACC-13811,Growth,Annual,11,1,133.1,16.0,88.8,2,1,10.8,-2,0,10,1,1,0,0
ACC-13812,Starter,Monthly,1,47,30.5,11.5,75.0,14,2,20.0,14,0,0,0,0,0,0
ACC-13813,Growth,Annual,23,13,161.3,14.2,46.7,4,0,34.0,62,0,30,1,1,0,0
ACC-13814,Starter,Annual,3,2,33.5,9.4,62.5,4,1,8.0,-4,0,0,1,2,0,0
ACC-13815,Growth,Annual,4,8,115.0,13.7,35.0,4,3,39.0,28,0,0,1,3,0,0
ACC-13816,Starter,Monthly,8,1,35.2,10.5,59.6,15,1,8.7,100,0,20,0,2,0,0
ACC-13817,Growth,Monthly,8,14,131.0,13.6,16.3,1,1,4.5,38,0,0,0,1,0,0
ACC-13818,Growth,Monthly,15,2,149.1,1.4,60.2,6,1,27.0,86,0,10,1,2,0,0
ACC-13819,Growth,Monthly,8,12,121.1,14.9,53.8,2,0,8.2,-12,0,10,1,4,0,0
ACC-13820,Starter,Annual,11,7,45.5,15.2,64.7,15,0,61.3,-41,0,0,1,3,0,1
ACC-13821,Starter,Annual,2,26,32.0,15.2,54.7,1,0,32.6,-26,0,0,1,2,0,0
ACC-13822,Growth,Annual,9,12,125.1,6.1,73.4,7,3,5.2,68,1,10,1,0,0,0
ACC-13823,Starter,Monthly,3,34,30.6,7.7,38.2,3,3,86.2,22,0,10,1,2,0,0
ACC-13824,Starter,Monthly,1,51,27.6,6.8,71.6,6,1,9.0,19,0,10,1,4,0,0
ACC-13825,Starter,Annual,1,63,30.5,14.0,65.4,1,1,16.3,90,0,0,1,4,0,0
ACC-13826,Growth,Monthly,12,5,147.0,15.9,79.0,3,2,1.5,68,0,0,1,3,0,0
ACC-13827,Growth,Monthly,10,26,139.0,7.8,80.4,1,1,1.0,46,1,0,1,4,1,0
ACC-13828,Growth,Annual,8,10,131.0,19.9,34.1,21,0,7.0,72,0,0,1,1,0,0
ACC-13829,Starter,Annual,8,10,35.2,19.8,66.4,1,2,1.0,25,0,20,1,0,0,0
ACC-13830,Starter,Monthly,1,36,24.7,12.8,29.4,30,1,6.5,42,0,20,0,2,0,0
ACC-13831,Growth,Annual,6,3,123.0,14.2,80.5,3,1,14.8,-12,0,0,1,2,0,0
ACC-13832,Growth,Monthly,14,12,155.0,1.9,36.2,0,2,23.5,3,0,0,0,1,0,0
ACC-13833,Starter,Annual,4,16,35.0,8.8,46.6,0,2,5.8,21,0,0,1,3,0,0
ACC-13834,Growth,Monthly,6,1,123.0,4.5,59.8,5,1,10.5,29,1,0,1,0,0,0
ACC-13835,Starter,Monthly,5,36,36.5,6.5,71.2,6,1,9.7,65,0,0,1,1,0,0
ACC-13836,Enterprise,Annual,35,7,679.0,15.1,63.2,4,0,7.9,73,1,0,0,3,0,0
ACC-13837,Starter,Monthly,1,19,24.7,16.5,71.8,0,2,9.8,100,0,20,1,4,0,0
ACC-13838,Enterprise,Annual,29,47,591.1,16.8,55.3,2,4,13.4,100,0,10,1,1,0,0
ACC-13839,Growth,Annual,4,23,115.0,13.5,60.4,3,1,4.4,70,0,0,1,3,0,0
ACC-13840,Growth,Annual,6,39,123.0,15.1,16.1,7,0,12.5,-22,0,0,1,3,0,0
ACC-13841,Starter,Annual,3,1,33.5,2.5,77.6,3,1,6.0,80,0,0,1,6,0,0
ACC-13842,Growth,Monthly,6,12,93.3,4.3,48.6,5,1,1.3,96,0,30,1,1,0,0
ACC-13843,Starter,Annual,3,15,27.7,10.7,45.5,2,1,4.8,35,0,20,0,2,0,0
ACC-13844,Starter,Monthly,2,21,29.1,15.6,97.6,8,2,54.4,-29,0,10,1,2,0,0
ACC-13845,Growth,Monthly,5,2,119.0,9.3,2.0,0,3,14.1,37,0,0,0,3,0,0
ACC-13846,Enterprise,Annual,21,19,567.0,3.8,57.1,27,1,81.0,61,1,0,1,1,0,1
ACC-13847,Growth,Monthly,5,3,109.1,7.8,5.7,6,2,5.1,39,0,10,1,5,0,0
ACC-13848,Growth,Monthly,9,1,135.0,6.4,62.5,1,1,6.9,16,0,0,1,3,1,1
ACC-13849,Starter,Monthly,2,11,32.0,1.7,39.6,8,0,20.5,27,0,0,1,2,0,0
ACC-13850,Starter,Annual,1,17,30.5,25.3,2.0,9,3,8.8,75,0,0,1,2,0,0
ACC-13851,Starter,Annual,1,57,21.8,19.4,79.0,9,2,9.0,47,0,30,1,5,0,0
ACC-13852,Growth,Monthly,6,22,123.0,0.1,26.6,2,1,37.1,82,1,0,1,1,0,0
ACC-13853,Enterprise,Monthly,20,16,519.1,0.5,75.9,19,2,1.0,68,0,10,1,0,0,0
ACC-13854,Growth,Annual,11,4,113.3,7.2,33.6,0,5,21.9,23,0,30,0,5,0,0
ACC-13855,Starter,Monthly,6,3,35.1,3.1,44.8,3,0,42.5,59,0,10,1,1,0,0
ACC-13856,Starter,Monthly,1,17,30.5,26.3,4.8,1,2,3.8,83,0,0,1,0,0,0
ACC-13857,Growth,Monthly,7,5,127.0,7.2,64.3,3,1,10.3,35,1,0,1,1,0,0
ACC-13858,Starter,Monthly,1,22,30.5,14.2,42.4,0,1,33.1,54,0,0,1,2,0,0
ACC-13859,Growth,Monthly,14,2,145.1,9.0,46.9,6,0,15.3,-23,0,10,0,3,0,0
ACC-13860,Growth,Annual,14,7,145.1,5.0,52.9,0,2,8.9,15,1,10,1,5,0,0
ACC-13861,Growth,Monthly,22,27,187.0,18.3,18.7,6,1,19.7,25,0,0,1,2,0,0
ACC-13862,Starter,Annual,7,32,39.5,15.9,70.2,2,5,7.9,-6,0,0,1,3,0,0
ACC-13863,Starter,Annual,1,8,27.6,11.6,42.6,1,1,19.7,35,0,10,1,4,0,0
ACC-13864,Starter,Annual,1,4,27.6,26.3,100.0,3,0,3.1,89,0,10,1,2,0,0
ACC-13865,Starter,Monthly,6,57,38.0,13.4,44.4,6,1,5.1,41,0,0,1,0,0,0
ACC-13866,Starter,Monthly,1,26,30.5,9.3,46.4,5,0,1.0,77,0,0,1,1,0,0
ACC-13867,Growth,Monthly,7,30,127.0,23.5,25.2,7,2,4.1,55,0,0,0,0,0,0
ACC-13868,Growth,Annual,10,5,129.1,14.4,19.5,15,0,2.8,90,0,10,1,3,0,0
ACC-13869,Starter,Monthly,5,10,36.5,21.8,74.3,1,3,18.2,28,0,0,1,7,0,0
ACC-13870,Starter,Monthly,1,1,30.5,11.8,78.3,3,2,57.8,7,0,0,1,1,0,0
ACC-13871,Starter,Monthly,1,2,30.5,0.0,42.6,2,4,4.9,57,0,0,1,0,0,0
ACC-13872,Starter,Monthly,1,4,30.5,2.6,57.7,5,0,2.8,-25,0,0,1,3,0,0
ACC-13873,Growth,Monthly,2,7,97.1,18.5,82.3,2,3,15.3,51,0,10,0,1,0,0
ACC-13874,Starter,Monthly,4,96,35.0,8.5,61.4,5,0,4.0,-47,0,0,1,0,1,0
ACC-13875,Starter,Monthly,3,10,27.7,13.5,65.7,10,1,15.6,-1,0,20,1,3,1,0
ACC-13876,Starter,Monthly,4,22,26.3,18.8,56.9,5,0,14.0,42,0,30,1,0,0,0
ACC-13877,Enterprise,Monthly,35,42,679.0,13.1,40.6,11,2,1.0,-15,0,0,1,2,0,1
ACC-13878,Growth,Annual,24,5,185.1,6.8,63.5,6,0,66.7,16,0,10,1,4,0,0
ACC-13879,Starter,Monthly,7,3,39.5,11.9,96.0,12,1,4.5,-16,0,0,0,4,0,0
ACC-13880,Growth,Monthly,16,5,153.1,12.6,43.6,16,2,45.0,55,0,10,1,0,0,0
ACC-13881,Growth,Monthly,7,39,127.0,9.6,74.1,4,2,9.7,70,0,0,1,1,0,0
ACC-13882,Enterprise,Monthly,28,20,583.1,3.7,59.0,9,2,3.4,30,0,10,1,4,1,0
ACC-13883,Starter,Annual,1,11,30.5,9.9,42.0,4,1,2.3,100,0,0,1,3,1,0
ACC-13884,Enterprise,Monthly,31,31,647.0,11.4,74.7,7,2,14.3,22,0,0,1,3,0,0
ACC-13885,Enterprise,Annual,41,5,727.0,3.3,72.1,0,0,9.0,-17,0,0,1,3,0,0
ACC-13886,Enterprise,Annual,33,5,583.2,6.5,67.8,20,3,49.9,-20,1,20,1,3,0,0
ACC-13887,Growth,Annual,15,15,159.0,7.7,93.5,13,1,4.5,25,0,0,1,1,0,0
ACC-13888,Growth,Monthly,5,28,89.3,0.8,95.4,13,0,25.7,41,0,30,0,2,0,0
ACC-13889,Starter,Monthly,4,5,35.0,12.8,56.2,2,1,4.1,100,1,0,1,1,0,0
ACC-13890,Growth,Annual,8,4,131.0,13.4,52.7,2,1,41.1,-7,0,0,1,4,0,0
ACC-13891,Growth,Monthly,30,12,199.2,8.7,23.6,3,3,14.3,8,0,20,1,1,0,0
ACC-13892,Growth,Annual,22,3,187.0,3.8,88.7,13,0,35.6,47,0,0,1,3,0,0
ACC-13893,Starter,Annual,9,25,42.5,14.4,53.4,12,2,11.5,33,0,0,0,2,0,0
ACC-13894,Growth,Annual,5,16,119.0,15.3,41.6,2,0,3.9,9,0,0,1,2,0,0
ACC-13895,Growth,Monthly,9,13,115.2,12.6,34.5,5,2,15.5,28,0,20,1,1,0,0
ACC-13896,Starter,Annual,1,37,24.7,12.2,34.3,4,1,6.4,-10,0,20,1,1,0,0
ACC-13897,Growth,Annual,12,24,127.2,15.6,93.7,6,1,4.1,14,0,20,1,2,0,0
ACC-13898,Growth,Annual,5,3,119.0,11.4,74.8,1,0,46.8,-9,0,0,1,3,0,0
ACC-13899,Growth,Monthly,9,10,135.0,6.5,22.3,1,2,16.0,66,0,0,0,0,0,0
ACC-13900,Starter,Monthly,1,7,27.6,11.6,23.2,0,0,32.2,56,0,10,1,1,0,0
ACC-13901,Starter,Monthly,3,29,33.5,9.6,57.7,3,1,29.9,28,1,0,1,7,0,0
ACC-13902,Enterprise,Monthly,35,23,679.0,11.6,32.6,18,3,1.0,31,0,0,0,3,0,0
ACC-13903,Starter,Monthly,1,11,24.7,17.3,49.5,7,0,43.4,38,0,20,0,2,0,0
ACC-13904,Growth,Annual,18,31,161.1,4.8,89.2,8,1,29.7,14,0,10,1,0,0,0
ACC-13905,Growth,Monthly,7,9,107.2,13.1,78.5,17,1,6.3,-29,0,20,0,2,1,0
ACC-13906,Growth,Annual,12,29,137.1,4.5,17.3,3,1,5.2,18,1,10,1,1,0,0
ACC-13907,Starter,Monthly,1,1,30.5,6.5,32.8,4,1,1.2,47,1,0,1,1,0,0
ACC-13908,Growth,Monthly,11,3,143.0,21.4,60.4,3,2,1.9,63,0,0,0,1,0,0
ACC-13909,Starter,Monthly,3,25,33.5,14.7,79.9,1,0,4.3,33,0,0,0,4,0,0
ACC-13910,Starter,Monthly,3,2,33.5,13.0,36.9,9,0,1.0,9,0,0,1,1,0,1
ACC-13911,Starter,Annual,4,21,32.1,2.0,63.1,14,0,7.6,50,0,10,0,1,0,0
ACC-13912,Starter,Monthly,1,23,27.6,10.6,45.0,10,1,51.1,36,0,10,0,2,0,0
ACC-13913,Enterprise,Annual,30,20,639.0,0.0,93.5,0,0,16.2,-6,0,0,1,1,0,0
ACC-13914,Enterprise,Monthly,42,31,655.2,12.2,68.7,2,0,17.4,-33,0,20,1,4,0,0
ACC-13915,Starter,Annual,3,13,24.8,4.5,50.7,5,1,5.4,11,0,30,1,1,0,0
ACC-13916,Growth,Monthly,11,41,143.0,15.3,22.1,2,1,5.1,83,1,0,1,2,0,0
ACC-13917,Starter,Monthly,3,15,33.5,13.0,31.6,1,2,9.2,49,0,0,1,0,0,0
ACC-13918,Growth,Monthly,12,13,147.0,4.7,2.0,5,0,6.1,82,0,0,1,3,1,0
ACC-13919,Growth,Monthly,16,13,163.0,14.3,61.0,4,2,39.1,29,0,0,1,0,0,0
ACC-13920,Enterprise,Monthly,22,44,535.1,24.6,69.7,7,0,3.9,29,0,10,1,5,0,0
ACC-13921,Starter,Annual,3,5,24.8,10.8,70.8,54,0,22.5,-64,0,30,1,4,0,0
ACC-13922,Growth,Annual,4,21,115.0,17.3,41.5,6,0,13.5,-37,0,0,0,0,0,0
ACC-13923,Starter,Annual,3,5,33.5,0.0,83.2,2,1,22.6,46,0,0,1,3,0,0
ACC-13924,Enterprise,Monthly,42,2,735.0,14.8,89.8,19,1,36.0,37,0,0,1,2,0,0
ACC-13925,Starter,Monthly,1,55,27.6,8.6,40.4,5,1,8.4,-49,0,10,1,1,0,0
ACC-13926,Growth,Monthly,4,3,105.1,10.4,81.0,6,1,15.6,35,0,10,0,3,0,0
ACC-13927,Growth,Annual,4,21,115.0,15.6,58.1,3,1,13.8,65,0,0,1,1,1,0
ACC-13928,Growth,Annual,5,10,99.2,10.5,43.4,4,1,9.3,41,0,20,0,2,0,1
ACC-13929,Starter,Annual,3,33,33.5,2.3,82.1,3,1,33.4,11,0,0,1,4,0,0
ACC-13930,Enterprise,Annual,26,27,607.0,21.2,28.5,17,2,1.0,-57,0,0,0,3,0,0
ACC-13931,Starter,Monthly,3,3,33.5,3.3,22.3,10,1,7.4,44,1,0,1,5,0,0
ACC-13932,Growth,Monthly,8,11,131.0,7.0,46.3,1,2,35.7,-1,0,0,0,3,0,0
ACC-13933,Starter,Monthly,3,1,27.7,12.8,50.0,2,0,41.1,48,0,20,1,3,0,0
ACC-13934,Starter,Monthly,2,10,23.3,12.8,18.8,0,3,23.7,54,0,30,1,2,0,0
ACC-13935,Growth,Monthly,6,22,123.0,14.6,65.8,4,0,8.3,62,0,0,1,5,0,0
ACC-13936,Starter,Monthly,2,5,23.3,12.8,37.8,2,2,34.6,43,0,30,1,0,0,1
ACC-13937,Starter,Annual,3,30,33.5,18.9,26.2,0,0,1.8,18,0,0,0,1,0,0
ACC-13938,Starter,Annual,2,1,29.1,14.9,69.3,9,1,6.2,51,0,10,1,2,0,0
ACC-13939,Starter,Annual,12,1,47.0,4.9,45.6,1,1,1.9,-6,0,0,0,3,0,0
ACC-13940,Growth,Annual,3,1,101.1,0.0,78.3,2,0,2.3,76,0,10,1,3,0,0
ACC-13941,Enterprise,Monthly,28,6,623.0,12.9,65.1,9,1,18.0,6,0,0,1,1,0,0
ACC-13942,Starter,Monthly,4,11,35.0,20.8,50.6,4,1,1.5,93,0,0,0,3,1,0
ACC-13943,Starter,Annual,3,2,33.5,4.5,79.2,10,4,22.8,21,0,0,0,0,0,0
ACC-13944,Starter,Monthly,2,96,32.0,5.7,64.2,3,2,8.6,47,1,0,1,2,0,0
ACC-13945,Starter,Monthly,2,96,32.0,14.1,54.6,10,4,1.1,34,0,0,1,2,0,0
ACC-13946,Growth,Monthly,7,13,117.1,14.9,66.3,5,1,6.7,-33,1,10,1,4,0,0
ACC-13947,Growth,Monthly,11,15,133.1,18.7,67.0,1,3,10.2,49,0,10,1,4,0,0
ACC-13948,Starter,Monthly,1,47,30.5,21.8,30.9,4,0,9.1,3,0,0,0,2,0,0
ACC-13949,Starter,Monthly,1,26,30.5,13.4,100.0,5,0,14.3,26,0,0,1,3,1,0
ACC-13950,Starter,Monthly,3,3,30.6,6.4,56.5,6,2,14.0,32,0,10,0,1,0,0
ACC-13951,Growth,Annual,14,28,155.0,6.6,56.9,16,1,8.9,-6,0,0,1,3,0,0
ACC-13952,Enterprise,Monthly,28,5,623.0,8.7,16.3,1,0,45.9,9,0,0,0,1,0,0
ACC-13953,Starter,Monthly,1,10,24.7,18.2,57.8,6,3,5.0,74,0,20,1,3,0,0
ACC-13954,Starter,Monthly,2,14,29.1,9.0,58.8,8,0,8.3,-16,0,10,1,4,0,0
ACC-13955,Enterprise,Monthly,32,23,655.0,17.8,29.7,13,3,16.1,51,1,0,1,1,0,0
ACC-13956,Enterprise,Annual,42,3,735.0,2.9,32.1,4,0,5.6,17,0,0,1,1,1,0
ACC-13957,Starter,Annual,1,1,30.5,13.7,35.2,1,1,3.3,65,0,0,1,2,1,0
ACC-13958,Starter,Annual,4,36,35.0,7.5,48.5,10,0,1.0,55,0,0,1,3,0,0
ACC-13959,Starter,Monthly,1,32,21.8,15.1,59.7,14,0,58.1,6,1,30,0,4,0,0
ACC-13960,Growth,Monthly,5,13,109.1,10.5,50.1,1,1,30.7,54,0,10,0,1,0,0
ACC-13961,Starter,Monthly,4,20,35.0,16.8,61.7,2,2,43.9,10,0,0,1,1,0,0
ACC-13962,Starter,Monthly,2,23,26.2,9.4,69.9,12,1,1.0,90,0,20,1,2,0,0
ACC-13963,Growth,Monthly,5,12,109.1,11.8,66.9,4,1,1.5,34,1,10,1,5,0,0
ACC-13964,Starter,Monthly,2,5,26.2,16.8,63.0,1,3,16.1,18,0,20,1,1,0,0
ACC-13965,Growth,Monthly,13,12,151.0,11.4,61.3,6,1,1.0,15,0,0,1,1,0,0
ACC-13966,Starter,Annual,1,54,24.7,12.3,61.4,4,1,6.3,18,0,20,0,0,0,0
ACC-13967,Starter,Monthly,1,33,24.7,16.6,51.8,21,2,72.0,20,1,20,1,1,0,0
ACC-13968,Growth,Annual,8,11,131.0,11.5,40.5,2,0,8.8,55,0,0,1,1,0,0
ACC-13969,Starter,Monthly,2,5,26.2,2.5,53.0,3,0,77.6,13,0,20,1,3,1,0
ACC-13970,Enterprise,Monthly,34,40,671.0,8.6,69.4,1,2,2.5,1,0,0,1,2,1,0
ACC-13971,Growth,Annual,20,18,179.0,0.5,69.2,0,0,9.7,68,0,0,1,3,0,0
ACC-13972,Starter,Annual,1,9,30.5,10.5,66.2,2,1,1.0,78,0,0,1,2,0,0
ACC-13973,Growth,Monthly,6,2,93.3,14.8,44.5,10,1,17.9,3,0,30,0,2,0,1
ACC-13974,Starter,Monthly,3,25,33.5,12.7,50.2,2,0,8.4,20,0,0,1,0,0,0
ACC-13975,Enterprise,Monthly,14,7,511.0,20.4,50.3,7,4,14.0,74,0,0,1,1,0,0
ACC-13976,Starter,Monthly,8,17,41.0,19.7,41.6,4,2,31.7,46,0,0,1,2,0,0
ACC-13977,Growth,Annual,14,15,155.0,13.5,74.7,4,2,16.0,86,0,0,1,2,0,0
ACC-13978,Starter,Annual,5,22,36.5,0.0,14.5,9,0,21.9,54,0,0,1,4,0,0
ACC-13979,Starter,Annual,5,14,36.5,16.0,99.5,6,2,12.8,47,0,0,0,2,0,0
ACC-13980,Growth,Monthly,16,18,163.0,7.4,100.0,1,1,27.6,17,0,0,1,4,0,0
ACC-13981,Growth,Annual,13,2,151.0,17.3,56.1,1,1,18.5,-4,0,0,1,4,0,0
ACC-13982,Starter,Monthly,2,20,32.0,13.9,63.9,5,0,40.2,-12,0,0,0,1,0,0
ACC-13983,Starter,Annual,2,4,32.0,15.9,73.7,11,3,28.2,29,0,0,1,4,0,0
ACC-13984,Growth,Annual,3,9,101.1,15.0,38.3,1,2,5.3,79,0,10,1,3,0,0
ACC-13985,Enterprise,Monthly,17,13,535.0,26.3,67.5,1,0,14.9,-7,0,0,1,1,0,0
ACC-13986,Starter,Monthly,2,21,32.0,15.1,84.0,4,1,41.6,26,1,0,1,2,0,0
ACC-13987,Growth,Monthly,2,24,97.1,4.3,15.3,1,2,39.2,-28,0,10,1,5,0,0
ACC-13988,Starter,Monthly,1,22,27.6,18.4,23.3,31,1,13.0,78,0,10,0,3,0,1
ACC-13989,Enterprise,Annual,27,2,575.1,9.4,71.5,0,2,7.5,2,0,10,0,2,0,0
ACC-13990,Starter,Monthly,3,9,24.8,20.1,49.1,4,1,4.7,100,1,30,1,2,0,0
ACC-13991,Starter,Monthly,3,6,33.5,21.3,46.5,1,1,4.3,46,0,0,1,3,0,0
ACC-13992,Growth,Monthly,10,9,139.0,15.7,47.8,7,0,3.1,84,1,0,1,4,0,0
ACC-13993,Starter,Annual,5,19,33.6,4.3,30.2,6,3,158.0,-31,1,10,1,2,0,0
ACC-13994,Growth,Monthly,19,4,175.0,9.2,46.0,10,1,21.7,-57,0,0,1,3,1,0
ACC-13995,Starter,Annual,6,13,38.0,20.0,26.0,5,3,7.6,17,0,0,1,2,0,0
ACC-13996,Starter,Annual,4,39,35.0,24.0,83.8,1,3,6.9,31,0,0,1,1,0,0
ACC-13997,Starter,Annual,1,24,27.6,12.4,57.9,0,1,7.3,52,0,10,1,2,0,0
ACC-13998,Growth,Monthly,13,23,141.1,10.4,57.3,8,1,41.2,84,0,10,1,2,0,0
ACC-13999,Starter,Monthly,3,34,33.5,4.9,69.7,3,2,14.4,19,0,0,1,3,0,0
ACC-14000,Growth,Monthly,7,9,117.1,5.0,100.0,2,2,6.3,15,0,10,1,1,0,0
ACC-14001,Growth,Monthly,22,26,187.0,13.4,31.8,2,0,32.0,22,0,0,1,5,0,0
ACC-14002,Growth,Monthly,14,1,145.1,16.2,14.5,1,1,27.7,43,0,10,1,2,0,0
ACC-14003,Starter,Annual,4,1,32.1,3.1,54.3,2,2,12.6,-13,0,10,0,1,0,1
ACC-14004,Starter,Monthly,1,7,30.5,17.0,14.8,9,1,23.3,-33,0,0,0,0,1,1
ACC-14005,Starter,Annual,3,4,33.5,20.2,47.5,6,3,26.8,41,0,0,0,1,0,0
ACC-14006,Starter,Monthly,1,13,27.6,15.8,74.2,26,0,1.0,-17,0,10,1,2,0,1
ACC-14007,Starter,Annual,9,4,42.5,21.9,88.6,4,2,41.7,70,1,0,0,1,0,0
ACC-14008,Growth,Annual,4,67,85.3,14.1,20.6,4,1,6.8,-47,0,30,1,2,0,0
ACC-14009,Starter,Annual,3,34,30.6,14.2,34.2,1,0,79.4,3,0,10,1,3,0,0
ACC-14010,Starter,Annual,6,73,35.1,14.1,63.0,5,1,47.8,-17,0,10,1,3,0,0
ACC-14011,Starter,Annual,1,30,27.6,20.2,71.6,6,1,1.0,6,0,10,1,2,0,0
ACC-14012,Growth,Annual,6,54,123.0,15.2,72.8,1,0,19.4,-1,0,0,0,2,0,0
ACC-14013,Starter,Monthly,1,8,30.5,8.8,87.5,1,0,67.1,69,0,0,1,0,0,0
ACC-14014,Growth,Monthly,6,12,113.1,14.5,71.0,3,3,16.6,100,0,10,0,2,1,0
ACC-14015,Starter,Monthly,1,5,21.8,14.6,52.4,1,1,19.1,-13,0,30,1,7,0,0
ACC-14016,Enterprise,Monthly,15,18,479.1,10.7,78.4,4,2,53.5,6,0,10,0,5,0,0
ACC-14017,Enterprise,Monthly,35,28,679.0,18.1,56.5,4,0,17.0,25,0,0,1,1,0,0
ACC-14018,Starter,Monthly,5,12,30.7,12.5,61.0,6,1,5.6,-7,0,20,1,2,0,0
ACC-14019,Starter,Monthly,9,6,39.6,16.2,44.1,6,3,12.3,50,0,10,0,2,0,0
ACC-14020,Starter,Monthly,4,13,32.1,15.1,58.4,7,2,8.6,-18,1,10,1,4,0,0
ACC-14021,Starter,Monthly,4,1,35.0,7.6,19.1,2,1,3.7,51,0,0,0,4,0,0
ACC-14022,Growth,Annual,13,23,141.1,6.1,77.8,8,0,4.8,33,0,10,1,1,0,0
ACC-14023,Growth,Monthly,7,11,97.3,7.7,32.8,4,1,1.3,56,0,30,1,1,0,0
ACC-14024,Growth,Annual,25,41,199.0,11.5,35.5,3,0,3.7,30,0,0,1,2,0,0
ACC-14025,Growth,Monthly,6,46,113.1,21.5,3.8,6,1,6.0,56,0,10,0,0,0,0
ACC-14026,Starter,Annual,3,2,27.7,11.7,36.9,4,1,28.4,49,0,20,1,2,0,0
ACC-14027,Starter,Annual,3,96,27.7,14.2,33.9,4,0,9.1,24,0,20,1,3,0,0
ACC-14028,Growth,Annual,7,63,107.2,17.2,59.8,0,0,23.5,50,1,20,1,3,0,0
ACC-14029,Starter,Annual,4,18,32.1,9.8,26.5,10,2,111.2,80,0,10,0,4,0,0
ACC-14030,Growth,Monthly,13,31,121.3,9.5,45.2,3,1,17.4,-33,0,30,0,1,0,0
ACC-14031,Starter,Annual,3,1,33.5,18.3,40.0,4,0,19.0,-41,0,0,0,4,0,0
ACC-14032,Starter,Annual,1,63,30.5,15.4,16.3,3,0,16.1,75,0,0,1,1,0,0
ACC-14033,Enterprise,Annual,49,11,791.0,8.6,60.2,5,1,10.1,61,0,0,0,6,0,0
ACC-14034,Starter,Annual,4,43,35.0,9.5,50.2,0,0,4.1,80,0,0,0,1,0,0
ACC-14035,Enterprise,Monthly,46,9,727.1,12.5,55.9,3,1,75.9,26,0,10,0,2,0,0
ACC-14036,Enterprise,Annual,32,28,655.0,14.0,73.3,7,0,13.0,91,1,0,1,4,0,0
ACC-14037,Growth,Monthly,4,10,85.3,19.5,55.2,17,0,54.9,100,0,30,1,1,0,0
ACC-14038,Growth,Monthly,5,8,119.0,15.2,47.7,11,1,6.0,70,0,0,0,1,0,0
ACC-14039,Growth,Monthly,7,53,107.2,6.1,75.3,20,2,2.3,50,0,20,0,1,0,0
ACC-14040,Enterprise,Annual,33,22,583.2,7.3,47.8,9,1,20.3,56,0,20,1,0,0,0
ACC-14041,Starter,Monthly,1,33,30.5,13.9,43.9,6,3,38.1,36,0,0,1,0,0,0
ACC-14042,Growth,Monthly,9,14,135.0,12.9,69.7,3,2,21.7,41,0,0,0,3,0,0
ACC-14043,Growth,Monthly,6,45,103.2,6.9,37.8,1,1,27.2,46,0,20,1,1,0,0
ACC-14044,Starter,Annual,2,24,26.2,18.3,80.7,2,1,18.8,100,0,20,1,1,0,0
ACC-14045,Starter,Annual,6,1,35.1,0.0,58.5,2,3,27.4,3,0,10,1,1,0,0
ACC-14046,Starter,Monthly,3,26,24.8,14.0,89.5,3,3,8.4,22,0,30,1,4,0,0
ACC-14047,Growth,Monthly,12,1,137.1,2.7,53.7,6,1,9.9,30,0,10,1,0,0,0
ACC-14048,Enterprise,Annual,20,32,559.0,17.3,75.9,6,4,30.3,52,0,0,1,0,0,0
ACC-14049,Starter,Annual,2,7,29.1,10.4,18.9,4,3,32.3,39,0,10,0,1,0,0
ACC-14050,Enterprise,Annual,35,16,639.1,16.5,83.2,2,1,1.7,-15,0,10,1,0,0,0
ACC-14051,Growth,Monthly,12,25,137.1,9.7,70.2,0,2,1.0,33,0,10,1,1,0,0
ACC-14052,Growth,Annual,5,18,119.0,20.0,40.8,27,1,22.0,26,0,0,0,1,0,1
ACC-14053,Growth,Monthly,10,20,129.1,0.8,74.0,17,1,1.8,30,0,10,1,2,0,0
ACC-14054,Growth,Monthly,7,40,107.2,17.3,27.1,1,1,3.8,59,0,20,1,2,1,0
ACC-14055,Starter,Monthly,6,8,29.3,8.4,44.1,6,0,4.4,72,0,30,1,5,0,0
ACC-14056,Growth,Monthly,11,14,143.0,14.3,36.3,2,0,14.2,1,1,0,1,1,0,0
ACC-14057,Starter,Annual,2,3,26.2,14.5,75.2,1,7,4.5,98,0,20,1,0,0,0
ACC-14058,Enterprise,Monthly,37,11,615.2,3.6,82.5,7,1,4.0,-22,1,20,1,2,0,0
ACC-14059,Enterprise,Monthly,27,3,575.1,18.0,45.1,9,2,1.0,5,0,10,1,2,0,0
ACC-14060,Starter,Monthly,3,18,33.5,14.4,27.0,3,2,29.1,22,1,0,1,1,0,0
ACC-14061,Starter,Monthly,3,7,30.6,12.7,33.5,0,3,2.9,55,0,10,0,3,1,0
ACC-14062,Growth,Monthly,12,35,117.3,14.3,57.0,3,1,16.8,-31,0,30,1,2,0,0
ACC-14063,Starter,Monthly,1,8,27.6,12.8,55.6,5,1,7.1,100,0,10,1,3,1,0
ACC-14064,Enterprise,Monthly,24,6,551.1,17.0,47.5,13,0,4.0,-33,0,10,1,1,0,0
ACC-14065,Starter,Annual,2,12,32.0,9.2,36.7,6,1,8.5,84,1,0,1,4,0,0
ACC-14066,Starter,Annual,2,3,29.1,17.0,90.8,7,1,6.0,15,0,10,0,1,0,0
ACC-14067,Enterprise,Annual,46,4,767.0,15.4,41.4,1,2,11.4,33,0,0,1,3,0,0
ACC-14068,Growth,Monthly,5,28,99.2,11.0,36.7,8,1,23.4,-48,1,20,0,6,0,0
ACC-14069,Growth,Annual,11,12,143.0,23.1,80.2,4,0,1.0,56,0,0,1,1,0,0
ACC-14070,Starter,Annual,5,4,36.5,14.7,48.8,10,2,4.0,25,0,0,1,0,1,1
ACC-14071,Growth,Annual,4,1,115.0,13.2,66.3,1,3,1.7,71,0,0,1,2,0,0
ACC-14072,Growth,Annual,12,11,147.0,15.4,35.7,4,0,68.7,-19,0,0,1,2,0,0
ACC-14073,Growth,Monthly,12,24,147.0,11.4,66.1,1,1,17.1,80,0,0,1,1,0,0
ACC-14074,Growth,Annual,19,8,175.0,19.2,71.2,2,4,34.3,-30,0,0,1,4,0,0
ACC-14075,Growth,Monthly,15,5,159.0,11.9,30.4,11,0,6.2,39,1,0,1,3,0,1
ACC-14076,Starter,Monthly,1,9,27.6,16.9,43.3,7,0,45.2,-21,0,10,1,1,0,0
ACC-14077,Starter,Monthly,6,58,38.0,5.6,35.1,8,0,19.8,99,0,0,1,0,0,0
ACC-14078,Growth,Monthly,8,10,131.0,1.2,43.4,0,0,10.4,63,0,0,1,3,0,0
ACC-14079,Starter,Annual,1,5,30.5,14.4,90.2,8,1,18.4,86,0,0,1,2,0,0
ACC-14080,Growth,Monthly,20,15,149.3,9.7,60.7,4,1,2.7,21,0,30,1,1,0,0
ACC-14081,Starter,Monthly,2,30,32.0,10.8,97.9,4,1,7.5,19,0,0,1,4,0,0
ACC-14082,Growth,Annual,4,1,115.0,0.0,87.6,3,1,15.5,29,0,0,1,1,0,0
ACC-14083,Growth,Monthly,8,15,121.1,22.2,79.9,11,2,20.5,25,1,10,1,2,0,0
ACC-14084,Starter,Monthly,5,33,36.5,12.6,87.0,1,3,4.9,16,1,0,1,6,0,0
ACC-14085,Starter,Annual,3,4,27.7,20.0,80.5,10,1,96.2,22,0,20,1,3,0,0
ACC-14086,Starter,Annual,1,46,30.5,3.6,92.5,16,2,35.8,71,0,0,1,1,0,0
ACC-14087,Growth,Monthly,9,16,135.0,12.6,67.0,1,3,17.3,64,0,0,1,5,0,0
ACC-14088,Growth,Annual,16,13,163.0,14.4,70.1,47,2,72.5,-11,0,0,1,2,0,1
ACC-14089,Starter,Monthly,3,60,27.7,12.8,69.5,28,1,14.4,55,0,20,0,3,0,0
ACC-14090,Growth,Monthly,4,2,115.0,13.4,45.3,6,1,58.8,-19,0,0,1,2,0,0
ACC-14091,Starter,Monthly,8,24,38.1,3.7,73.6,2,1,27.9,82,0,10,1,4,0,0
ACC-14092,Growth,Monthly,13,31,151.0,13.9,82.7,3,0,4.9,-3,0,0,0,2,0,0
ACC-14093,Enterprise,Annual,34,12,591.2,6.9,41.8,1,0,10.4,58,0,20,1,2,0,0
ACC-14094,Starter,Annual,1,1,30.5,8.3,36.1,1,2,6.1,52,0,0,1,3,0,0
ACC-14095,Growth,Monthly,6,13,123.0,12.1,42.9,7,1,25.6,19,1,0,1,2,0,0
ACC-14096,Starter,Monthly,1,3,27.6,9.9,84.8,5,3,29.1,17,0,10,1,1,0,0
ACC-14097,Starter,Annual,2,15,32.0,10.2,49.8,5,1,23.1,22,0,0,1,0,0,0
ACC-14098,Starter,Monthly,2,24,32.0,18.7,30.7,2,2,15.8,47,0,0,1,1,0,0
ACC-14099,Starter,Monthly,5,14,36.5,11.1,32.2,2,0,10.3,60,0,0,1,5,0,0
ACC-14100,Growth,Annual,4,18,105.1,9.6,35.1,27,2,83.0,100,0,10,1,4,0,0
ACC-14101,Starter,Annual,2,2,29.1,11.3,39.3,6,0,1.0,91,0,10,1,3,0,0
ACC-14102,Growth,Annual,9,2,115.2,5.3,24.2,10,3,2.6,50,0,20,1,0,0,1
ACC-14103,Starter,Monthly,4,34,32.1,13.0,68.3,3,0,18.3,39,0,10,1,1,0,0
ACC-14104,Starter,Annual,2,1,32.0,16.3,50.8,11,1,28.2,11,0,0,0,2,0,0
ACC-14105,Growth,Monthly,9,6,135.0,13.9,66.8,8,3,63.2,53,0,0,1,2,0,0
ACC-14106,Enterprise,Monthly,19,50,551.0,12.2,4.5,3,0,13.5,78,0,0,0,2,0,0
ACC-14107,Starter,Monthly,1,11,30.5,15.6,78.6,8,1,6.2,70,1,0,1,2,0,0
ACC-14108,Enterprise,Monthly,17,20,535.0,8.7,53.2,16,2,39.8,40,0,0,0,0,0,0
ACC-14109,Growth,Monthly,21,5,183.0,12.2,66.0,1,1,11.6,9,0,0,0,1,1,0
ACC-14110,Growth,Monthly,11,6,143.0,20.4,88.5,5,1,2.8,35,0,0,1,3,0,0
ACC-14111,Growth,Monthly,4,13,105.1,10.2,63.1,20,1,14.8,55,0,10,1,1,0,0
ACC-14112,Starter,Annual,2,18,29.1,15.6,100.0,10,0,14.9,72,0,10,1,4,0,0
ACC-14113,Starter,Monthly,3,58,27.7,15.8,13.6,6,2,5.2,38,0,20,0,3,0,0
ACC-14114,Growth,Monthly,10,15,109.3,7.5,48.0,0,5,3.1,63,0,30,1,4,0,0
ACC-14115,Starter,Monthly,3,2,33.5,16.1,15.3,3,3,3.1,67,0,0,1,3,0,0
ACC-14116,Enterprise,Monthly,37,8,655.1,8.4,61.9,6,2,34.7,20,0,10,1,2,0,0
ACC-14117,Starter,Annual,3,5,33.5,14.6,56.7,3,3,13.9,10,0,0,0,0,0,0
ACC-14118,Starter,Monthly,6,5,32.2,8.3,31.0,35,1,26.7,89,1,20,1,1,0,1
ACC-14119,Growth,Annual,7,13,117.1,13.7,100.0,8,0,65.7,55,1,10,0,0,0,0
ACC-14120,Starter,Monthly,4,7,35.0,12.8,47.1,1,1,31.4,50,1,0,1,4,0,1
ACC-14121,Growth,Monthly,10,6,139.0,12.7,6.5,4,0,3.4,11,0,0,1,5,0,0
ACC-14122,Growth,Annual,7,62,127.0,13.6,70.0,3,1,10.9,-42,0,0,0,2,0,0
ACC-14123,Enterprise,Annual,15,16,519.0,8.8,70.3,5,1,13.7,47,0,0,0,0,0,0
ACC-14124,Growth,Monthly,13,5,151.0,5.0,44.5,4,2,24.2,47,0,0,1,3,0,1
ACC-14125,Growth,Annual,9,6,135.0,12.5,72.3,2,1,67.0,54,0,0,1,1,0,0
ACC-14126,Growth,Monthly,10,30,129.1,18.6,34.1,8,2,6.7,30,0,10,1,4,0,0
ACC-14127,Enterprise,Annual,24,39,551.1,15.5,45.8,1,0,39.5,10,0,10,1,1,0,0
ACC-14128,Starter,Annual,3,20,33.5,14.7,63.7,5,5,1.5,39,0,0,1,2,0,0
ACC-14129,Starter,Annual,3,10,33.5,8.9,75.3,2,2,41.1,74,0,0,1,3,0,0
ACC-14130,Starter,Annual,4,26,32.1,13.1,50.1,20,1,23.7,49,0,10,1,2,0,0
ACC-14131,Starter,Monthly,4,50,29.2,7.0,44.4,2,1,1.0,-17,0,20,1,2,0,0
ACC-14132,Growth,Annual,7,3,107.2,9.5,54.1,3,2,18.9,24,0,20,0,3,0,1
ACC-14133,Growth,Monthly,8,36,131.0,14.1,10.0,7,1,53.6,7,0,0,1,1,0,0
ACC-14134,Growth,Monthly,15,34,159.0,1.1,48.8,1,1,11.3,86,0,0,0,6,0,0
ACC-14135,Starter,Monthly,4,8,32.1,22.4,11.4,2,1,2.5,22,0,10,0,2,0,0
ACC-14136,Growth,Monthly,12,6,147.0,4.0,36.5,7,2,89.5,82,0,0,1,3,0,0
ACC-14137,Starter,Annual,3,15,33.5,23.3,23.7,0,2,10.8,38,0,0,1,4,0,0
ACC-14138,Growth,Monthly,12,6,147.0,7.0,66.6,2,2,15.0,16,0,0,1,1,0,0
ACC-14139,Growth,Monthly,5,3,89.3,6.9,38.9,0,0,68.4,-4,0,30,1,3,0,0
ACC-14140,Starter,Monthly,4,55,35.0,9.6,82.2,1,2,17.6,18,0,0,1,2,0,0
ACC-14141,Starter,Monthly,2,12,32.0,9.4,14.4,6,2,22.6,30,0,0,1,3,0,0
ACC-14142,Starter,Annual,2,12,26.2,8.4,49.6,4,2,24.8,-9,0,20,0,4,1,0
ACC-14143,Growth,Monthly,11,2,113.3,9.8,56.9,1,3,28.0,52,0,30,0,2,0,1
ACC-14144,Enterprise,Annual,50,13,719.2,12.6,65.8,0,0,32.2,0,0,20,1,1,0,0
ACC-14145,Growth,Annual,9,24,135.0,6.6,100.0,0,4,1.6,-21,0,0,1,2,0,0
ACC-14146,Starter,Annual,3,5,27.7,17.0,11.7,1,3,54.5,-16,0,20,0,3,0,1
ACC-14147,Starter,Monthly,11,8,42.6,20.5,38.3,1,3,15.8,13,0,10,1,3,0,0
ACC-14148,Growth,Annual,5,4,119.0,0.3,98.9,1,3,15.3,49,0,0,0,3,0,0
ACC-14149,Growth,Monthly,9,8,105.3,23.1,34.7,0,2,36.1,87,0,30,1,2,0,0
ACC-14150,Starter,Annual,2,36,29.1,16.6,64.7,7,1,7.3,22,0,10,1,2,0,0
ACC-14151,Starter,Monthly,5,5,36.5,13.5,34.3,17,1,21.3,42,0,0,1,2,0,1
ACC-14152,Growth,Monthly,4,1,115.0,8.6,24.3,12,3,7.6,28,0,0,0,1,0,0
ACC-14153,Starter,Monthly,2,14,29.1,13.0,37.1,2,1,28.6,-45,0,10,1,4,0,0
ACC-14154,Starter,Annual,1,16,24.7,17.4,98.5,1,4,11.3,43,1,20,1,1,0,0
ACC-14155,Starter,Monthly,1,7,21.8,27.7,29.3,0,1,4.1,29,0,30,1,4,1,1
ACC-14156,Growth,Monthly,8,18,131.0,25.2,48.4,1,2,47.9,-25,0,0,1,3,0,0
ACC-14157,Enterprise,Monthly,32,1,575.2,2.8,49.4,5,0,28.0,89,0,20,1,0,0,0
ACC-14158,Enterprise,Annual,41,7,727.0,10.8,75.2,38,3,1.0,51,0,0,1,1,0,0
ACC-14159,Growth,Annual,5,3,109.1,12.5,79.8,12,1,1.3,-28,0,10,1,1,0,0
ACC-14160,Growth,Monthly,13,5,151.0,20.1,57.4,4,3,9.5,48,0,0,0,1,0,0
ACC-14161,Starter,Annual,4,9,32.1,11.5,2.0,3,1,30.3,100,0,10,0,1,0,0
ACC-14162,Growth,Monthly,8,12,131.0,7.5,35.4,1,2,6.5,30,0,0,1,4,1,0
ACC-14163,Starter,Monthly,4,2,29.2,12.3,28.6,3,2,93.7,54,0,20,1,2,0,0
ACC-14164,Growth,Annual,8,2,131.0,9.7,80.5,5,1,50.3,10,0,0,1,2,0,0
ACC-14165,Starter,Monthly,6,20,35.1,17.9,34.7,5,2,40.0,14,0,10,1,2,0,0
ACC-14166,Starter,Monthly,1,9,24.7,26.3,92.0,5,2,1.0,85,0,20,0,5,0,0
ACC-14167,Starter,Monthly,4,3,35.0,17.5,64.0,10,4,66.5,52,1,0,1,5,0,1
ACC-14168,Starter,Monthly,5,5,36.5,17.7,80.0,4,3,17.9,67,0,0,1,1,0,0
ACC-14169,Starter,Monthly,1,23,30.5,19.4,100.0,4,0,17.9,22,0,0,1,4,0,0
ACC-14170,Starter,Monthly,4,1,35.0,14.7,34.2,2,1,2.1,46,0,0,1,1,0,0
ACC-14171,Enterprise,Monthly,20,13,559.0,9.6,19.4,1,1,18.8,27,0,0,1,2,0,0
ACC-14172,Starter,Monthly,4,8,35.0,10.2,59.1,0,1,15.0,52,0,0,0,1,0,0
ACC-14173,Growth,Monthly,9,30,135.0,18.6,76.0,2,2,15.6,26,0,0,1,1,0,0
ACC-14174,Enterprise,Monthly,49,28,791.0,13.7,40.4,6,1,4.2,92,0,0,0,3,0,0
ACC-14175,Enterprise,Monthly,30,21,639.0,6.1,55.8,5,3,15.7,22,0,0,1,2,0,0
ACC-14176,Growth,Annual,7,9,127.0,19.9,81.8,5,1,1.5,45,0,0,0,2,0,0
ACC-14177,Growth,Monthly,12,18,127.2,7.4,79.6,9,0,1.0,-33,0,20,1,2,0,0
ACC-14178,Starter,Annual,5,18,27.8,5.2,42.2,2,4,4.8,72,0,30,1,0,0,0
ACC-14179,Starter,Annual,2,7,32.0,6.7,61.0,7,3,32.4,-11,0,0,1,3,0,0
ACC-14180,Starter,Annual,1,38,27.6,13.8,34.4,6,2,18.5,7,0,10,1,1,0,0
ACC-14181,Growth,Monthly,3,75,111.0,17.8,23.1,2,2,44.9,-13,0,0,1,6,1,0
ACC-14182,Growth,Monthly,10,7,119.2,13.5,84.9,1,1,9.9,-20,0,20,1,3,0,0
ACC-14183,Starter,Monthly,3,29,33.5,8.7,8.1,5,1,8.6,64,0,0,1,4,0,0
ACC-14184,Starter,Annual,4,13,35.0,7.2,59.2,17,3,24.1,2,0,0,1,1,0,0
ACC-14185,Growth,Monthly,6,11,123.0,16.6,46.9,0,1,10.5,-21,0,0,1,3,0,0
ACC-14186,Starter,Annual,4,9,26.3,11.4,67.1,18,2,9.6,-23,0,30,1,1,0,0
ACC-14187,Growth,Annual,4,6,115.0,14.0,39.9,4,2,12.5,69,0,0,1,4,0,0
ACC-14188,Growth,Monthly,5,45,119.0,11.2,80.1,7,3,2.4,17,0,0,1,2,0,0
ACC-14189,Growth,Monthly,9,24,125.1,13.8,50.1,10,2,4.5,28,0,10,1,3,0,0
ACC-14190,Growth,Annual,16,10,143.2,14.3,86.9,1,0,18.5,62,1,20,1,0,0,0
ACC-14191,Enterprise,Monthly,51,25,727.2,26.6,59.8,0,2,18.8,51,0,20,1,3,0,0
ACC-14192,Growth,Monthly,19,23,155.2,14.4,31.9,1,2,17.8,37,0,20,1,3,0,0
ACC-14193,Growth,Annual,7,6,127.0,9.7,66.9,3,2,4.5,74,0,0,1,1,0,0
ACC-14194,Growth,Monthly,13,3,151.0,13.1,64.2,19,0,11.4,-15,1,0,0,2,0,1
ACC-14195,Starter,Annual,2,33,26.2,6.3,52.6,0,1,50.8,19,1,20,1,0,0,0
ACC-14196,Starter,Annual,3,30,33.5,6.2,38.5,15,2,39.5,62,0,0,1,2,0,0
ACC-14197,Starter,Annual,7,96,39.5,19.5,73.9,5,2,16.3,95,0,0,1,1,0,0
ACC-14198,Starter,Monthly,1,1,30.5,13.8,33.8,1,0,46.2,98,1,0,0,2,0,0
ACC-14199,Growth,Monthly,8,14,131.0,18.7,36.1,1,0,22.5,-12,1,0,1,3,0,0
ACC-14200,Growth,Monthly,8,22,101.3,2.3,66.6,7,1,10.6,33,0,30,1,2,0,0
ACC-14201,Starter,Monthly,2,16,29.1,6.1,50.4,6,5,30.0,47,0,10,1,3,1,0
ACC-14202,Starter,Monthly,1,22,30.5,13.8,11.8,1,1,7.2,24,0,0,0,2,1,0
ACC-14203,Enterprise,Monthly,15,3,479.1,7.1,33.8,14,0,38.6,54,0,10,1,2,0,0
ACC-14204,Starter,Monthly,5,1,36.5,3.5,63.9,1,1,8.0,100,0,0,0,1,0,0
ACC-14205,Growth,Monthly,11,2,143.0,5.5,49.1,4,1,31.7,-1,0,0,0,6,0,0
ACC-14206,Growth,Annual,6,9,93.3,10.1,52.8,5,0,6.6,-14,0,30,1,0,0,0
ACC-14207,Growth,Monthly,11,7,143.0,14.5,60.8,12,0,49.8,52,0,0,1,2,0,0
ACC-14208,Starter,Monthly,2,37,29.1,22.3,65.0,0,2,4.1,14,0,10,1,2,0,0
ACC-14209,Starter,Annual,2,2,32.0,5.7,57.6,1,1,25.4,54,0,0,1,0,0,0
ACC-14210,Starter,Annual,3,11,33.5,6.0,2.0,1,1,10.5,37,0,0,0,3,0,1
ACC-14211,Growth,Monthly,17,57,157.1,3.3,53.8,0,1,1.0,23,1,10,1,1,1,0
ACC-14212,Growth,Monthly,9,13,105.3,15.4,43.6,6,1,8.1,6,0,30,1,1,0,0
ACC-14213,Starter,Monthly,2,3,23.3,12.7,55.7,2,1,4.5,33,0,30,1,0,0,0
ACC-14214,Growth,Annual,9,6,115.2,6.2,78.5,5,0,16.2,16,0,20,0,1,0,0
ACC-14215,Growth,Annual,20,18,159.2,7.0,31.4,9,3,6.0,69,0,20,1,2,0,0
ACC-14216,Starter,Annual,1,1,30.5,11.3,56.5,3,3,1.5,34,0,0,1,2,0,0
ACC-14217,Growth,Monthly,3,62,81.3,11.6,65.5,9,1,61.2,-15,0,30,0,2,0,0
ACC-14218,Growth,Monthly,8,15,101.3,5.8,48.2,9,1,37.3,79,0,30,1,2,0,0
ACC-14219,Starter,Monthly,6,22,38.0,13.1,26.2,2,1,1.0,25,0,0,1,2,0,0
ACC-14220,Starter,Annual,2,12,32.0,3.7,28.5,0,1,6.3,100,0,0,1,0,0,0
ACC-14221,Growth,Annual,6,57,123.0,12.3,54.2,1,5,19.9,21,0,0,1,3,0,0
ACC-14222,Enterprise,Annual,22,16,535.1,10.9,41.4,10,1,7.8,2,0,10,1,2,0,0
ACC-14223,Growth,Monthly,3,20,111.0,14.4,12.6,3,0,6.6,20,0,0,1,1,0,0
ACC-14224,Growth,Monthly,3,35,101.1,19.3,37.4,11,1,18.1,26,0,10,0,5,0,0
ACC-14225,Growth,Monthly,8,36,111.2,9.8,26.4,5,0,4.3,21,0,20,1,4,0,0
ACC-14226,Starter,Annual,5,1,36.5,12.0,71.5,1,1,20.9,8,0,0,1,1,0,0
ACC-14227,Growth,Annual,25,6,199.0,0.1,22.3,7,2,1.9,14,1,0,1,4,0,0
ACC-14228,Growth,Monthly,16,5,163.0,23.8,86.2,5,2,7.9,88,0,0,1,0,0,0
ACC-14229,Starter,Monthly,5,1,30.7,0.8,100.0,3,2,2.5,21,0,20,1,0,0,0
ACC-14230,Growth,Monthly,9,38,135.0,11.5,38.7,1,0,7.0,100,0,0,1,3,1,0
ACC-14231,Growth,Monthly,12,7,127.2,0.0,41.5,1,1,23.0,67,0,20,1,4,0,0
ACC-14232,Starter,Annual,3,8,33.5,7.0,75.8,1,0,28.9,28,0,0,0,0,1,0
ACC-14233,Enterprise,Monthly,26,2,607.0,22.4,78.8,7,2,3.1,53,1,0,0,2,0,0
ACC-14234,Starter,Annual,2,82,32.0,18.9,44.2,8,1,27.4,11,0,0,1,4,0,0
ACC-14235,Starter,Monthly,1,32,30.5,17.9,45.3,6,0,1.8,67,1,0,1,3,0,0
ACC-14236,Starter,Annual,2,15,32.0,10.8,45.5,2,1,4.9,77,0,0,0,1,0,0
ACC-14237,Growth,Monthly,5,27,119.0,21.9,36.3,3,2,13.9,51,1,0,1,2,0,0
ACC-14238,Growth,Annual,12,27,127.2,13.5,75.1,7,6,71.0,12,0,20,0,3,0,0
ACC-14239,Starter,Monthly,6,19,38.0,16.1,58.4,6,2,72.7,51,1,0,1,1,0,0
ACC-14240,Growth,Monthly,12,3,147.0,27.9,39.0,9,2,13.0,6,0,0,1,1,0,0
ACC-14241,Starter,Monthly,1,23,24.7,18.5,56.4,2,1,32.7,-18,0,20,1,1,1,0
ACC-14242,Growth,Monthly,18,15,161.1,11.6,46.7,0,1,16.1,39,1,10,0,1,0,0
ACC-14243,Growth,Monthly,8,23,131.0,15.1,100.0,2,2,27.9,-27,0,0,0,2,0,0
ACC-14244,Starter,Monthly,6,14,38.0,20.4,49.5,3,1,21.2,15,0,0,1,0,0,0
ACC-14245,Enterprise,Annual,23,56,583.0,15.7,71.3,19,3,23.9,43,1,0,0,2,0,0
ACC-14246,Starter,Monthly,1,18,21.8,16.7,64.6,1,0,11.6,85,0,30,1,2,0,0
ACC-14247,Starter,Annual,3,15,33.5,19.7,51.7,11,0,35.8,8,0,0,1,1,0,0
ACC-14248,Growth,Annual,7,33,117.1,27.2,64.7,6,0,11.8,-5,0,10,0,3,1,1
ACC-14249,Enterprise,Monthly,35,9,599.2,6.4,59.6,1,1,24.5,58,0,20,1,2,0,1
ACC-14250,Starter,Annual,5,7,36.5,16.2,100.0,3,0,40.8,38,0,0,1,0,1,0
ACC-14251,Starter,Monthly,2,13,32.0,14.8,52.9,4,0,21.3,33,0,0,1,1,0,0
ACC-14252,Starter,Monthly,2,16,23.3,9.7,2.0,3,2,14.3,-22,0,30,1,2,0,0
ACC-14253,Growth,Monthly,7,4,127.0,8.1,100.0,2,1,15.0,68,0,0,0,2,0,0
ACC-14254,Starter,Annual,2,21,32.0,21.9,43.8,2,0,24.7,-44,0,0,1,3,0,0
ACC-14255,Growth,Monthly,5,29,99.2,5.9,56.9,5,0,1.9,37,0,20,1,1,0,0
ACC-14256,Enterprise,Monthly,34,16,591.2,3.5,43.0,7,0,20.2,73,0,20,0,2,0,0
ACC-14257,Growth,Monthly,13,13,141.1,8.6,41.8,4,1,9.4,34,0,10,0,3,0,0
ACC-14258,Starter,Annual,1,6,30.5,1.3,30.4,17,1,2.9,21,0,0,1,2,0,0
ACC-14259,Starter,Monthly,2,43,23.3,6.9,10.9,8,1,48.7,-6,1,30,1,4,0,0
ACC-14260,Starter,Annual,1,25,30.5,5.7,39.2,13,0,13.8,10,0,0,0,0,0,0
ACC-14261,Enterprise,Annual,25,12,599.0,12.5,66.3,4,4,12.2,100,0,0,1,3,0,0
ACC-14262,Starter,Annual,4,19,35.0,20.7,18.8,0,4,15.6,11,0,0,1,3,1,0
ACC-14263,Starter,Annual,4,7,35.0,8.5,66.1,5,5,19.5,46,0,0,0,8,1,0
ACC-14264,Growth,Annual,7,1,127.0,17.2,100.0,10,0,4.3,1,0,0,1,2,0,0
ACC-14265,Starter,Monthly,6,4,35.1,16.5,61.3,5,0,19.6,19,1,10,1,1,0,0
ACC-14266,Growth,Monthly,2,1,107.0,0.0,24.4,5,0,8.7,-27,0,0,1,4,0,0
ACC-14267,Starter,Monthly,4,13,35.0,8.7,63.9,22,0,25.1,28,1,0,1,4,0,0
ACC-14268,Growth,Monthly,18,18,161.1,9.7,76.1,3,2,29.6,17,0,10,1,2,1,0
ACC-14269,Enterprise,Monthly,28,9,583.1,14.3,83.7,10,1,1.0,77,0,10,1,0,0,0
ACC-14270,Growth,Monthly,4,14,95.2,15.4,59.1,4,0,25.2,0,0,20,1,2,0,0
ACC-14271,Enterprise,Monthly,22,2,575.0,14.0,68.3,4,1,8.7,15,0,0,1,8,0,0
ACC-14272,Starter,Annual,2,26,32.0,6.6,73.7,1,1,7.2,62,0,0,1,0,0,0
ACC-14273,Growth,Monthly,14,1,155.0,8.2,68.2,8,1,9.3,29,0,0,0,2,0,0
ACC-14274,Growth,Annual,9,18,135.0,3.0,62.0,10,1,17.1,24,0,0,1,4,0,0
ACC-14275,Growth,Monthly,7,10,127.0,12.4,40.9,3,1,2.4,24,0,0,1,4,0,0
ACC-14276,Starter,Annual,4,4,29.2,9.8,76.0,9,1,24.0,-5,0,20,1,4,0,0
ACC-14277,Starter,Annual,4,13,35.0,15.2,43.2,5,1,11.8,15,0,0,1,3,0,0
ACC-14278,Starter,Monthly,3,27,24.8,16.2,100.0,2,1,3.5,33,0,30,1,1,0,0
ACC-14279,Starter,Monthly,2,10,29.1,10.0,40.9,15,1,14.2,-11,0,10,1,6,0,0
ACC-14280,Starter,Monthly,1,8,30.5,13.7,72.7,7,0,17.1,-7,0,0,1,0,0,0
ACC-14281,Growth,Monthly,13,3,151.0,10.7,26.9,13,2,8.5,73,0,0,0,2,0,1
ACC-14282,Starter,Annual,2,16,32.0,5.3,44.5,2,1,46.0,48,0,0,1,1,0,0
ACC-14283,Starter,Annual,8,32,41.0,7.2,42.0,15,1,23.9,41,0,0,0,1,0,0
ACC-14284,Growth,Monthly,7,15,117.1,0.0,24.9,3,3,21.7,11,1,10,1,1,0,1
ACC-14285,Growth,Monthly,10,3,139.0,9.6,42.4,0,1,1.1,38,0,0,0,1,0,0
ACC-14286,Enterprise,Monthly,30,19,639.0,8.4,62.9,0,0,13.9,-54,0,0,1,1,0,0
ACC-14287,Growth,Monthly,6,1,113.1,5.4,49.6,1,3,38.0,-12,0,10,0,0,0,0
ACC-14288,Starter,Annual,5,33,33.6,16.9,81.2,1,1,22.1,52,0,10,1,0,0,0
ACC-14289,Growth,Monthly,3,46,91.2,15.2,34.5,1,2,5.3,6,0,20,1,2,0,0
ACC-14290,Growth,Monthly,16,16,163.0,15.3,70.3,0,2,39.5,23,0,0,1,1,1,0
ACC-14291,Starter,Monthly,4,38,35.0,16.1,42.0,14,2,9.2,43,0,0,0,5,0,0
ACC-14292,Growth,Monthly,22,2,187.0,12.0,79.8,11,0,49.3,4,0,0,0,2,0,1
ACC-14293,Enterprise,Annual,36,5,687.0,11.9,72.2,9,0,14.4,8,0,0,1,0,1,0
ACC-14294,Starter,Monthly,3,7,27.7,17.0,77.3,4,0,30.9,17,0,20,0,1,0,0
ACC-14295,Starter,Annual,2,27,32.0,16.0,51.4,3,1,18.9,35,0,0,1,3,0,0
ACC-14296,Starter,Annual,6,12,38.0,18.2,84.2,3,3,6.9,-27,0,0,0,4,0,0
ACC-14297,Starter,Monthly,2,8,26.2,11.7,18.5,2,2,21.2,41,0,20,0,3,0,0
ACC-14298,Starter,Monthly,7,3,39.5,6.1,64.8,6,1,1.0,29,0,0,1,4,0,0
ACC-14299,Growth,Annual,12,30,147.0,13.4,58.0,0,1,36.1,34,0,0,1,0,0,0
ACC-14300,Starter,Annual,2,1,32.0,8.5,73.3,6,3,67.5,4,0,0,1,4,0,0
ACC-14301,Enterprise,Annual,17,7,415.3,15.9,53.3,4,0,4.6,28,0,30,1,2,0,0
ACC-14302,Growth,Monthly,14,5,135.2,13.7,33.4,10,3,43.0,63,0,20,0,3,0,1
ACC-14303,Growth,Annual,11,2,143.0,12.3,31.0,22,1,3.7,54,0,0,1,1,0,0
ACC-14304,Growth,Monthly,8,3,111.2,9.6,54.7,13,2,13.5,73,1,20,0,6,0,0
ACC-14305,Starter,Annual,6,12,29.3,18.0,49.3,8,0,6.9,-2,0,30,1,3,0,0
ACC-14306,Growth,Annual,6,10,123.0,17.5,73.9,3,0,4.3,54,1,0,1,1,0,0
ACC-14307,Growth,Monthly,4,13,105.1,8.6,76.0,1,0,28.2,8,0,10,1,3,0,0
ACC-14308,Growth,Annual,6,23,123.0,4.6,56.1,7,0,32.9,-49,0,0,1,5,0,0
ACC-14309,Growth,Monthly,7,40,117.1,13.1,55.6,1,2,36.5,63,0,10,0,5,0,0
ACC-14310,Starter,Annual,2,2,32.0,19.1,78.4,0,1,1.0,57,0,0,1,3,0,0
ACC-14311,Enterprise,Monthly,24,2,551.1,4.4,49.6,5,3,37.7,82,0,10,1,2,0,0
ACC-14312,Starter,Annual,4,7,32.1,14.8,50.5,3,1,1.1,-21,0,10,1,2,0,0
ACC-14313,Enterprise,Monthly,46,14,727.1,7.1,25.9,13,1,11.9,36,0,10,1,3,0,0
ACC-14314,Enterprise,Annual,30,2,519.3,5.9,74.3,6,2,3.9,22,0,30,1,1,0,0
ACC-14315,Starter,Monthly,8,23,41.0,17.6,53.0,6,0,47.4,70,0,0,1,3,0,0
ACC-14316,Growth,Monthly,21,15,183.0,15.9,80.0,9,0,17.2,-19,0,0,1,2,0,0
ACC-14317,Starter,Monthly,4,25,35.0,11.1,28.4,2,2,12.6,21,0,0,0,2,0,0
ACC-14318,Starter,Annual,1,8,30.5,16.7,44.2,19,1,11.7,33,0,0,1,3,0,1
ACC-14319,Growth,Monthly,2,9,107.0,16.1,75.8,2,0,10.4,56,0,0,1,3,0,0
ACC-14320,Growth,Monthly,13,30,151.0,3.1,62.2,12,1,12.8,45,0,0,1,2,0,0
ACC-14321,Enterprise,Monthly,20,6,439.3,12.5,29.0,15,1,16.7,29,0,30,1,4,0,0
ACC-14322,Growth,Annual,5,9,99.2,20.5,75.3,0,1,34.0,19,0,20,1,1,0,0
ACC-14323,Growth,Monthly,6,1,123.0,14.8,26.3,6,1,5.4,27,0,0,1,1,0,0
ACC-14324,Growth,Monthly,15,15,159.0,0.0,73.2,8,2,32.6,56,0,0,1,0,0,0
ACC-14325,Enterprise,Monthly,36,34,607.2,5.6,33.4,18,1,35.5,1,0,20,1,2,0,0
ACC-14326,Starter,Monthly,5,1,36.5,18.0,81.7,2,1,38.1,22,1,0,1,2,0,0
ACC-14327,Enterprise,Monthly,46,17,767.0,8.7,57.5,5,1,56.8,22,0,0,1,1,0,0
ACC-14328,Starter,Monthly,3,34,27.7,18.7,62.6,9,2,62.7,-43,0,20,1,4,0,0
ACC-14329,Growth,Annual,11,12,143.0,24.3,53.2,1,2,2.3,-38,0,0,1,3,0,0
ACC-14330,Starter,Annual,2,7,26.2,10.6,56.9,12,0,42.0,-22,0,20,1,7,0,0
ACC-14331,Starter,Monthly,6,96,38.0,8.3,56.8,3,0,37.3,23,0,0,1,3,0,0
ACC-14332,Starter,Monthly,2,1,32.0,6.0,70.5,6,4,9.5,48,0,0,1,1,0,0
ACC-14333,Growth,Annual,5,4,89.3,16.5,53.6,0,3,23.5,8,0,30,1,2,0,0
ACC-14334,Starter,Monthly,5,39,36.5,8.4,87.2,2,1,52.3,-27,0,0,0,0,0,0
ACC-14335,Starter,Annual,1,6,21.8,9.6,38.8,4,1,1.9,63,0,30,1,4,0,0
ACC-14336,Growth,Monthly,6,31,93.3,5.3,73.9,2,0,8.8,40,0,30,1,4,0,0
ACC-14337,Enterprise,Monthly,32,7,655.0,9.4,67.4,19,2,73.0,22,1,0,1,2,0,0
ACC-14338,Starter,Monthly,1,30,21.8,7.8,82.1,10,2,15.9,39,0,30,1,4,0,0
ACC-14339,Starter,Annual,3,21,33.5,0.1,57.7,12,2,1.9,-7,0,0,1,3,1,0
ACC-14340,Starter,Monthly,1,11,30.5,7.0,62.2,4,1,64.9,66,0,0,1,4,0,0
ACC-14341,Starter,Monthly,4,13,29.2,16.5,62.0,4,2,46.6,41,1,20,1,3,0,1
ACC-14342,Growth,Monthly,5,4,119.0,20.1,28.2,10,1,32.8,25,1,0,1,0,0,1
ACC-14343,Growth,Annual,8,2,121.1,11.4,63.7,3,0,31.6,18,0,10,1,1,0,0
ACC-14344,Growth,Annual,8,23,131.0,12.2,100.0,4,2,13.3,32,0,0,1,1,0,0
ACC-14345,Starter,Monthly,2,34,29.1,13.7,90.4,5,2,41.6,47,0,10,1,5,0,0
ACC-14346,Growth,Monthly,12,23,127.2,23.8,37.8,6,1,7.3,-31,0,20,1,1,0,0
ACC-14347,Growth,Annual,15,44,149.1,5.9,15.4,6,0,8.9,3,1,10,1,4,0,0
ACC-14348,Growth,Monthly,8,40,101.3,4.4,56.1,7,2,4.9,18,0,30,0,1,0,0
ACC-14349,Growth,Monthly,12,27,137.1,11.7,78.8,4,2,10.3,17,0,10,1,0,1,0
ACC-14350,Growth,Monthly,3,41,111.0,14.4,54.1,2,2,5.3,5,0,0,1,2,1,0
ACC-14351,Growth,Annual,6,3,123.0,11.8,96.6,15,0,8.3,57,0,0,0,4,1,0
ACC-14352,Starter,Monthly,1,24,27.6,3.8,37.8,11,2,23.4,6,1,10,0,0,0,1
ACC-14353,Enterprise,Annual,21,25,567.0,17.3,59.9,0,0,11.2,-7,0,0,0,1,0,0
ACC-14354,Growth,Monthly,20,3,179.0,11.2,52.6,4,2,29.2,14,0,0,1,5,0,0
ACC-14355,Growth,Monthly,8,43,131.0,15.3,71.1,2,2,13.0,83,0,0,1,3,0,0
ACC-14356,Starter,Annual,2,1,29.1,21.3,72.6,6,2,3.0,30,0,10,1,0,1,0
ACC-14357,Growth,Monthly,12,10,147.0,3.2,81.1,4,1,27.1,13,0,0,0,2,0,0
ACC-14358,Growth,Monthly,19,1,145.3,1.7,52.3,0,2,1.4,18,0,30,0,1,0,0
ACC-14359,Starter,Annual,7,13,30.8,15.4,82.7,8,2,57.1,-31,0,30,1,1,0,0
ACC-14360,Starter,Annual,1,10,27.6,0.0,62.6,2,2,36.8,23,1,10,1,2,0,0
ACC-14361,Growth,Annual,6,18,113.1,9.6,84.9,2,0,66.0,38,1,10,1,4,1,0
ACC-14362,Growth,Annual,5,26,119.0,8.6,88.0,0,2,5.7,45,0,0,1,0,0,0
ACC-14363,Growth,Annual,13,26,151.0,14.2,55.4,11,1,13.1,24,0,0,1,1,1,0
ACC-14364,Starter,Monthly,2,23,32.0,8.0,40.2,5,2,4.3,4,1,0,0,3,0,0
ACC-14365,Growth,Monthly,6,2,123.0,15.0,59.5,4,1,11.0,62,0,0,1,1,0,0
ACC-14366,Starter,Annual,4,10,26.3,5.6,76.8,7,5,5.6,17,0,30,0,3,0,0
ACC-14367,Starter,Monthly,6,30,38.0,4.5,21.9,3,0,38.3,-4,1,0,0,4,0,0
ACC-14368,Starter,Annual,2,19,32.0,12.1,44.1,5,0,2.6,3,0,0,1,2,0,0
ACC-14369,Starter,Annual,3,21,33.5,12.6,70.0,2,1,5.1,18,0,0,1,0,0,0
ACC-14370,Starter,Monthly,6,5,38.0,13.8,2.0,0,3,6.1,20,0,0,1,1,0,0
ACC-14371,Starter,Annual,1,7,27.6,20.9,32.2,5,1,26.8,11,0,10,1,1,0,0
ACC-14372,Starter,Monthly,1,56,30.5,19.7,41.5,1,3,19.9,41,1,0,1,2,0,0
ACC-14373,Starter,Monthly,1,34,30.5,14.7,53.2,8,1,2.9,27,0,0,1,3,0,0
ACC-14374,Growth,Annual,13,3,141.1,16.9,47.9,4,1,18.6,61,1,10,0,3,0,0
ACC-14375,Growth,Monthly,5,14,109.1,13.6,48.3,2,2,37.5,33,0,10,1,3,0,1
ACC-14376,Starter,Monthly,4,12,35.0,19.1,25.7,6,0,12.0,18,0,0,1,3,0,0
ACC-14377,Growth,Monthly,13,11,151.0,14.2,93.9,1,4,18.9,12,0,0,0,1,0,0
ACC-14378,Starter,Annual,1,11,24.7,8.7,41.6,9,4,15.2,16,0,20,0,1,0,0
ACC-14379,Growth,Annual,9,19,135.0,7.5,13.1,4,1,8.9,-8,0,0,0,3,1,0
ACC-14380,Starter,Annual,2,61,26.2,18.9,80.0,10,0,1.0,22,0,20,1,1,1,0
ACC-14381,Starter,Annual,3,37,30.6,10.9,37.9,1,1,4.1,47,1,10,0,3,0,0
ACC-14382,Growth,Monthly,6,37,103.2,23.5,28.3,3,1,58.8,57,0,20,1,1,1,1
ACC-14383,Growth,Annual,5,22,99.2,5.4,69.9,1,0,8.8,36,0,20,1,0,0,0
ACC-14384,Enterprise,Annual,22,1,575.0,19.5,43.6,0,1,7.1,100,0,0,1,2,0,0
ACC-14385,Growth,Monthly,5,10,119.0,9.4,58.7,19,1,19.0,41,0,0,1,1,0,0
ACC-14386,Enterprise,Monthly,17,13,535.0,14.4,41.1,8,0,46.8,-31,0,0,1,1,0,0
ACC-14387,Starter,Annual,1,33,30.5,4.2,44.8,2,1,7.2,45,0,0,1,3,0,0
ACC-14388,Starter,Annual,6,46,38.0,1.0,33.2,2,1,5.0,70,0,0,1,0,0,0
ACC-14389,Starter,Annual,1,11,27.6,20.9,28.3,1,1,46.4,21,0,10,1,0,0,0
ACC-14390,Starter,Annual,1,6,27.6,9.4,100.0,0,0,29.7,-21,0,10,1,2,0,0
ACC-14391,Growth,Monthly,13,7,141.1,17.9,36.8,1,1,24.3,-33,1,10,0,2,0,0
ACC-14392,Growth,Annual,23,16,191.0,8.1,22.8,1,1,16.3,27,1,0,1,2,0,0
ACC-14393,Starter,Monthly,1,6,30.5,17.9,79.9,7,1,11.1,-5,0,0,1,1,0,1
ACC-14394,Enterprise,Monthly,60,43,879.0,9.4,60.9,5,0,20.3,23,1,0,0,1,1,0
ACC-14395,Growth,Annual,6,10,123.0,4.7,55.4,5,4,4.9,17,0,0,1,0,0,0
ACC-14396,Starter,Monthly,3,83,33.5,15.9,44.3,8,2,34.0,81,0,0,1,4,0,0
ACC-14397,Starter,Annual,3,2,30.6,17.7,46.1,2,0,10.8,59,0,10,1,0,0,0
ACC-14398,Starter,Monthly,6,4,32.2,15.8,48.5,3,1,28.1,10,0,20,1,3,0,0
ACC-14399,Starter,Monthly,3,13,33.5,11.1,80.0,1,1,33.4,15,0,0,1,1,0,0
ACC-14400,Starter,Monthly,7,36,39.5,1.5,49.5,5,3,1.6,63,0,0,0,2,0,0
ACC-14401,Growth,Monthly,10,8,129.1,5.6,80.2,16,3,22.5,34,1,10,1,2,0,0
ACC-14402,Starter,Monthly,2,33,32.0,7.8,53.8,12,0,7.2,41,1,0,0,2,0,0
ACC-14403,Starter,Monthly,6,10,38.0,10.5,50.5,5,2,8.9,71,0,0,0,5,1,0
ACC-14404,Enterprise,Annual,37,35,615.2,18.8,32.5,6,1,26.4,3,0,20,1,4,1,0
ACC-14405,Growth,Monthly,14,6,155.0,11.3,100.0,29,3,63.1,63,0,0,0,4,0,1
ACC-14406,Enterprise,Monthly,43,11,703.1,0.0,55.3,4,1,32.6,16,0,10,1,2,0,0
ACC-14407,Starter,Monthly,8,6,41.0,0.0,55.0,12,2,6.9,-49,0,0,1,4,0,0
ACC-14408,Starter,Annual,1,4,30.5,7.8,95.9,4,3,24.6,-11,0,0,1,1,0,0
ACC-14409,Growth,Monthly,9,10,105.3,8.9,64.2,0,3,7.9,-2,0,30,1,2,0,0
ACC-14410,Starter,Annual,4,7,32.1,14.1,66.6,16,1,11.6,77,0,10,1,2,0,0
ACC-14411,Starter,Annual,3,28,33.5,3.3,56.3,1,1,2.6,26,1,0,1,5,0,0
ACC-14412,Growth,Monthly,9,25,105.3,3.7,38.0,7,0,36.0,19,0,30,0,1,0,0
ACC-14413,Growth,Monthly,10,8,139.0,14.7,81.8,2,2,20.8,82,1,0,1,6,0,0
ACC-14414,Starter,Annual,2,88,32.0,20.0,23.8,14,3,39.8,3,0,0,1,2,0,0
ACC-14415,Growth,Annual,4,66,85.3,0.2,33.5,1,1,5.1,16,0,30,0,0,0,0
ACC-14416,Starter,Annual,4,45,29.2,7.4,37.9,1,0,2.8,31,0,20,1,0,0,0
ACC-14417,Starter,Monthly,4,16,35.0,18.7,60.5,3,1,33.8,28,1,0,1,2,0,0
ACC-14418,Starter,Monthly,1,10,27.6,17.6,54.7,4,1,42.2,42,0,10,1,0,0,0
ACC-14419,Starter,Monthly,2,7,32.0,6.4,14.0,10,3,3.8,49,0,0,0,1,1,1
ACC-14420,Starter,Monthly,4,1,35.0,19.0,100.0,9,3,20.5,1,0,0,1,3,0,0
ACC-14421,Enterprise,Monthly,32,18,615.1,12.3,71.7,2,1,3.6,-36,1,10,1,1,0,0
ACC-14422,Growth,Annual,10,15,139.0,16.0,44.2,3,2,1.0,44,0,0,1,0,1,0
ACC-14423,Growth,Monthly,11,18,123.2,7.8,64.5,5,2,15.6,-35,0,20,0,4,0,0
ACC-14424,Starter,Annual,1,15,30.5,13.8,64.8,5,1,60.0,41,0,0,1,2,0,0
ACC-14425,Starter,Annual,1,3,30.5,5.0,47.7,12,1,17.9,56,0,0,0,0,0,1
ACC-14426,Starter,Monthly,3,21,33.5,8.7,63.7,4,1,11.2,69,0,0,1,4,0,0
ACC-14427,Starter,Annual,3,8,24.8,10.2,63.9,13,2,6.6,25,1,30,0,4,0,0
ACC-14428,Starter,Monthly,3,13,27.7,12.8,79.0,1,1,6.6,100,0,20,1,2,0,0
ACC-14429,Growth,Annual,5,8,99.2,26.4,56.5,12,0,6.1,-19,0,20,0,0,1,0
ACC-14430,Growth,Monthly,13,1,121.3,27.4,62.1,2,2,4.7,81,0,30,1,2,0,0
ACC-14431,Growth,Monthly,5,38,119.0,9.7,50.4,9,2,1.4,3,0,0,1,0,0,0
ACC-14432,Growth,Annual,11,3,143.0,20.9,45.5,5,2,28.3,31,0,0,0,0,0,0
ACC-14433,Enterprise,Monthly,37,16,695.0,5.3,38.1,13,2,7.6,35,0,0,1,1,0,0
ACC-14434,Starter,Annual,7,39,39.5,14.4,37.3,2,3,3.4,77,0,0,1,2,0,0
ACC-14435,Starter,Monthly,8,5,41.0,7.9,44.8,7,3,18.5,-8,0,0,1,2,0,1
ACC-14436,Starter,Monthly,2,10,23.3,9.3,49.8,11,2,54.5,100,0,30,1,4,0,0
ACC-14437,Growth,Monthly,9,9,115.2,28.0,77.1,9,0,23.3,-45,0,20,1,3,0,0
ACC-14438,Enterprise,Monthly,27,2,615.0,9.7,46.7,5,2,4.3,27,0,0,0,1,0,0
ACC-14439,Starter,Monthly,1,10,30.5,8.1,47.7,7,2,10.7,50,0,0,1,3,1,0
ACC-14440,Enterprise,Annual,49,12,671.3,6.0,48.6,1,4,34.9,66,0,30,1,0,0,0
ACC-14441,Growth,Annual,9,1,125.1,7.4,53.9,1,3,1.0,-20,0,10,1,3,0,0
ACC-14442,Starter,Annual,2,12,32.0,3.5,92.4,2,0,8.2,-39,0,0,0,2,0,0
ACC-14443,Starter,Annual,3,2,33.5,13.3,46.7,11,1,9.8,76,0,0,0,3,0,0
ACC-14444,Starter,Monthly,6,40,38.0,13.2,67.3,1,0,12.1,39,1,0,1,0,0,0
ACC-14445,Enterprise,Annual,28,19,623.0,14.0,62.7,2,0,16.4,-37,0,0,1,2,0,0
ACC-14446,Starter,Monthly,2,1,26.2,11.9,56.4,15,1,13.6,12,0,20,1,3,0,0
ACC-14447,Growth,Annual,5,32,119.0,8.6,33.9,8,2,3.6,4,0,0,0,1,0,0
ACC-14448,Starter,Monthly,3,8,33.5,8.1,66.5,8,0,10.8,70,0,0,1,1,0,0
ACC-14449,Growth,Annual,10,5,139.0,13.0,12.6,4,0,9.2,17,0,0,1,1,0,0
ACC-14450,Starter,Annual,5,5,36.5,11.7,32.5,7,1,53.0,24,0,0,1,2,0,0
ACC-14451,Growth,Annual,4,16,105.1,8.2,43.1,5,0,27.2,21,1,10,1,2,0,0
ACC-14452,Growth,Annual,3,2,111.0,10.3,50.1,0,6,40.2,88,1,0,1,0,0,0
ACC-14453,Growth,Annual,9,1,135.0,21.2,56.8,5,3,24.7,62,0,0,1,4,0,0
ACC-14454,Enterprise,Annual,28,18,623.0,23.8,85.6,4,0,1.2,54,0,0,0,2,0,0
ACC-14455,Starter,Monthly,3,72,33.5,10.7,68.9,1,1,12.9,37,0,0,1,4,0,0
ACC-14456,Growth,Monthly,11,12,143.0,7.6,58.7,3,1,30.1,37,0,0,0,2,0,0
ACC-14457,Starter,Monthly,2,10,29.1,11.7,47.6,14,3,17.9,-2,0,10,1,2,0,0
ACC-14458,Starter,Monthly,3,53,24.8,18.8,47.8,10,2,28.4,60,0,30,1,1,0,0
ACC-14459,Growth,Monthly,3,5,101.1,11.7,30.0,15,1,65.4,17,0,10,1,5,0,0
ACC-14460,Starter,Monthly,1,5,30.5,14.1,8.6,8,3,5.7,-15,0,0,0,3,1,1
ACC-14461,Growth,Monthly,3,42,101.1,8.1,26.9,6,0,82.0,25,0,10,0,2,0,0
ACC-14462,Enterprise,Annual,35,19,679.0,5.0,80.8,1,2,2.6,30,0,0,1,1,1,0
ACC-14463,Starter,Annual,9,1,42.5,16.6,39.3,1,0,50.5,77,0,0,1,4,0,0
ACC-14464,Growth,Monthly,12,20,117.3,13.2,43.5,2,3,4.3,60,0,30,1,0,0,0
ACC-14465,Starter,Monthly,5,31,27.8,15.9,77.5,2,0,25.4,-5,0,30,0,2,1,0
ACC-14466,Starter,Monthly,4,6,29.2,1.7,2.0,6,1,30.6,66,0,20,1,1,0,0
ACC-14467,Starter,Monthly,1,9,30.5,23.0,42.1,13,0,33.3,-61,0,0,1,0,0,0
ACC-14468,Enterprise,Annual,21,4,527.1,13.5,30.8,13,2,11.5,45,0,10,1,3,0,0
ACC-14469,Enterprise,Monthly,41,18,727.0,1.2,61.5,7,3,3.7,6,0,0,1,2,0,0
ACC-14470,Enterprise,Monthly,33,20,543.3,17.9,67.3,5,1,31.8,-19,0,30,1,0,0,0
ACC-14471,Enterprise,Annual,47,1,775.0,9.8,67.6,2,0,20.7,-11,0,0,1,1,0,0
ACC-14472,Starter,Annual,13,20,45.6,12.2,88.2,17,2,6.0,81,0,10,0,5,0,0
ACC-14473,Starter,Monthly,4,19,35.0,9.1,67.2,7,1,10.0,46,0,0,0,2,0,0
ACC-14474,Growth,Annual,5,1,119.0,11.4,60.5,5,2,7.1,43,0,0,0,1,0,0
ACC-14475,Growth,Monthly,12,15,147.0,11.7,100.0,1,1,49.3,64,1,0,1,4,0,0
ACC-14476,Starter,Monthly,1,17,30.5,2.0,8.2,10,0,32.6,22,1,0,1,2,0,0
ACC-14477,Starter,Monthly,4,10,29.2,17.2,100.0,3,0,42.8,78,0,20,1,2,0,0
ACC-14478,Growth,Monthly,5,42,99.2,12.7,93.3,14,2,1.1,22,1,20,1,1,0,0
ACC-14479,Growth,Monthly,7,7,127.0,14.7,51.7,1,2,21.6,-80,0,0,1,1,0,0
ACC-14480,Starter,Monthly,1,1,30.5,16.9,39.4,0,1,6.2,86,0,0,1,3,0,0
ACC-14481,Growth,Annual,10,20,139.0,12.7,40.5,3,2,27.6,-73,0,0,1,1,0,0
ACC-14482,Growth,Annual,4,17,115.0,14.0,48.7,0,0,44.3,21,0,0,1,0,0,0
ACC-14483,Growth,Monthly,8,81,121.1,3.2,81.3,0,1,29.0,56,0,10,1,3,0,0
ACC-14484,Starter,Monthly,3,5,33.5,7.0,2.0,8,4,48.4,-52,0,0,1,2,0,0
ACC-14485,Growth,Annual,12,9,147.0,12.5,99.2,2,2,10.2,25,1,0,1,3,0,0
ACC-14486,Starter,Monthly,5,11,36.5,13.1,55.0,6,1,19.6,24,0,0,1,4,0,0
ACC-14487,Starter,Annual,6,36,32.2,14.4,80.9,5,2,12.9,62,0,20,1,2,0,0
ACC-14488,Growth,Annual,9,10,105.3,20.4,27.9,1,0,35.4,47,0,30,1,2,0,0
ACC-14489,Growth,Monthly,11,27,143.0,11.4,70.9,3,2,16.6,-17,0,0,0,1,0,0
ACC-14490,Starter,Monthly,5,3,33.6,14.2,63.5,0,1,24.7,7,0,10,1,6,0,0
ACC-14491,Growth,Monthly,2,9,87.2,12.4,67.4,3,1,19.9,-8,0,20,1,1,0,1
ACC-14492,Growth,Monthly,9,3,135.0,10.5,39.8,1,2,39.6,-35,0,0,1,1,0,0
ACC-14493,Growth,Monthly,14,54,155.0,10.7,46.6,1,2,15.0,7,0,0,1,2,0,0
ACC-14494,Growth,Annual,4,4,115.0,7.3,27.8,2,0,2.3,82,0,0,0,1,0,0
ACC-14495,Growth,Monthly,10,10,139.0,11.3,71.8,0,3,59.5,46,0,0,1,1,0,0
ACC-14496,Growth,Monthly,14,2,155.0,10.7,84.5,9,1,16.2,45,0,0,1,1,0,0
ACC-14497,Starter,Monthly,1,46,30.5,11.1,61.2,1,1,30.5,-12,0,0,1,1,0,0
ACC-14498,Starter,Monthly,5,18,27.8,1.5,2.0,6,0,22.7,-38,0,30,1,5,0,0
ACC-14499,Starter,Monthly,7,59,30.8,11.4,84.8,11,1,11.3,50,1,30,1,3,0,0
ACC-14500,Growth,Monthly,11,1,123.2,6.7,57.6,15,4,60.4,65,0,20,1,5,0,0
ACC-14501,Growth,Monthly,4,3,95.2,11.6,2.0,5,1,26.4,36,0,20,0,7,0,0
ACC-14502,Starter,Annual,3,9,30.6,5.4,17.5,9,0,5.3,57,0,10,1,1,0,0
ACC-14503,Starter,Monthly,4,17,32.1,12.3,31.8,4,3,109.5,18,0,10,1,2,0,0
ACC-14504,Growth,Annual,8,7,111.2,10.2,55.0,4,0,177.9,32,0,20,0,2,0,0
ACC-14505,Starter,Monthly,5,22,36.5,8.2,32.5,5,0,6.8,5,0,0,1,1,0,0
ACC-14506,Growth,Monthly,6,3,103.2,13.7,35.4,7,2,84.2,44,0,20,0,2,0,0
ACC-14507,Starter,Monthly,1,17,24.7,14.3,75.1,7,2,19.2,23,1,20,0,2,0,1
ACC-14508,Growth,Annual,8,9,121.1,11.7,81.1,9,1,4.1,51,0,10,1,0,0,0
ACC-14509,Enterprise,Monthly,44,13,671.2,15.4,75.9,6,0,76.6,57,0,20,1,4,0,0
ACC-14510,Starter,Monthly,4,15,35.0,9.5,19.0,13,3,2.1,18,0,0,0,0,0,1
ACC-14511,Growth,Monthly,10,1,139.0,14.4,75.7,7,1,20.3,48,0,0,1,3,1,0
ACC-14512,Starter,Monthly,1,46,27.6,11.7,44.5,16,0,36.3,6,0,10,1,3,0,0
ACC-14513,Growth,Monthly,27,28,207.0,6.0,98.2,8,0,35.4,93,0,0,1,1,1,0
ACC-14514,Growth,Annual,10,11,139.0,7.2,60.7,8,4,1.0,79,0,0,1,1,0,0
ACC-14515,Starter,Monthly,5,14,27.8,19.0,81.8,12,0,11.1,40,0,30,1,4,0,0
ACC-14516,Growth,Annual,10,1,119.2,21.5,67.2,6,2,1.9,3,1,20,1,3,0,1
ACC-14517,Enterprise,Monthly,35,12,679.0,16.3,64.5,1,3,6.0,39,0,0,1,4,0,0
ACC-14518,Starter,Annual,7,10,39.5,8.5,46.9,1,0,55.6,-12,0,0,1,1,0,0
ACC-14519,Starter,Annual,4,8,35.0,20.6,81.6,2,0,43.2,44,0,0,0,3,0,0
ACC-14520,Enterprise,Monthly,26,30,487.3,15.7,75.5,10,1,21.5,-45,0,30,1,4,0,0
ACC-14521,Growth,Annual,2,4,77.3,14.0,47.7,0,0,45.7,-8,0,30,1,1,0,0
ACC-14522,Enterprise,Annual,44,3,751.0,23.1,45.3,1,1,7.6,43,0,0,1,1,0,0
ACC-14523,Growth,Monthly,10,13,139.0,6.8,39.3,1,0,35.2,79,0,0,1,2,0,0
ACC-14524,Growth,Monthly,15,21,149.1,16.6,73.0,0,1,23.1,43,0,10,0,0,0,0
ACC-14525,Starter,Annual,1,1,27.6,7.1,60.2,10,0,26.5,19,0,10,1,2,0,0
ACC-14526,Growth,Monthly,12,14,147.0,8.4,61.3,2,1,1.8,-4,0,0,1,2,0,0
ACC-14527,Enterprise,Monthly,39,6,711.0,27.6,47.1,8,2,8.6,12,0,0,1,2,0,0
ACC-14528,Growth,Annual,10,25,119.2,15.0,87.1,1,1,1.0,-32,1,20,1,4,0,0
ACC-14529,Starter,Monthly,1,11,30.5,23.1,22.2,3,3,3.3,16,0,0,1,1,0,0
ACC-14530,Starter,Annual,3,32,33.5,15.3,72.2,1,2,6.3,100,0,0,1,2,0,0
ACC-14531,Starter,Annual,4,9,29.2,14.4,76.6,0,1,17.6,34,0,20,0,4,0,0
ACC-14532,Starter,Annual,2,32,29.1,8.2,48.0,6,0,28.5,45,0,10,0,1,0,0
ACC-14533,Starter,Monthly,1,23,27.6,17.9,23.1,4,1,2.3,-35,1,10,1,1,1,0
ACC-14534,Growth,Monthly,12,32,137.1,12.2,63.4,3,0,1.1,79,1,10,1,7,0,0
ACC-14535,Growth,Monthly,23,30,191.0,12.5,81.3,0,0,43.0,83,0,0,0,2,0,0
ACC-14536,Starter,Monthly,6,12,32.2,10.4,94.0,5,5,2.8,38,0,20,1,1,0,0
ACC-14537,Growth,Monthly,11,8,143.0,11.4,69.5,9,1,11.9,52,0,0,1,3,0,0
ACC-14538,Starter,Monthly,6,26,38.0,12.1,41.5,0,3,2.4,7,0,0,1,0,0,0
ACC-14539,Starter,Monthly,4,8,35.0,12.7,70.3,3,0,15.3,20,0,0,1,2,0,0
ACC-14540,Starter,Monthly,8,2,41.0,11.7,66.0,2,1,2.2,100,0,0,1,1,0,0
ACC-14541,Growth,Annual,2,35,107.0,2.7,62.1,13,0,28.7,14,0,0,1,4,0,0
ACC-14542,Starter,Annual,3,9,33.5,15.3,35.5,2,1,1.8,94,0,0,1,4,0,0
ACC-14543,Starter,Annual,2,3,32.0,11.3,68.2,17,1,11.2,100,1,0,0,1,0,0
ACC-14544,Starter,Annual,2,19,26.2,0.0,65.3,11,3,10.9,45,0,20,0,2,1,0
ACC-14545,Growth,Monthly,15,40,159.0,2.5,100.0,1,0,50.7,26,0,0,0,2,0,0
ACC-14546,Starter,Annual,4,36,26.3,9.2,56.9,4,1,11.2,-16,0,30,0,1,1,0
ACC-14547,Growth,Annual,13,15,141.1,19.7,92.3,6,0,1.5,49,0,10,1,1,0,0
ACC-14548,Growth,Monthly,9,2,115.2,15.6,85.6,5,3,15.7,31,0,20,1,0,0,0
ACC-14549,Growth,Monthly,5,21,99.2,7.9,56.1,7,5,25.8,26,1,20,0,2,0,1
ACC-14550,Enterprise,Monthly,32,17,655.0,10.9,82.2,3,2,8.2,13,1,0,0,2,0,0
ACC-14551,Starter,Monthly,1,4,24.7,18.6,37.8,14,4,18.8,41,0,20,1,2,0,0
ACC-14552,Starter,Monthly,3,42,33.5,8.3,50.8,2,1,2.6,46,0,0,1,4,0,0
ACC-14553,Enterprise,Monthly,43,2,743.0,5.5,43.2,1,4,11.1,29,0,0,1,1,0,0
ACC-14554,Growth,Annual,7,8,127.0,17.3,51.5,23,2,3.6,71,0,0,1,2,0,0
ACC-14555,Growth,Monthly,17,2,167.0,18.7,10.9,6,5,6.4,29,0,0,1,4,0,0
ACC-14556,Growth,Monthly,13,44,151.0,8.4,94.6,6,4,20.5,25,0,0,1,4,0,0
ACC-14557,Growth,Annual,7,1,97.3,14.9,48.3,10,2,28.0,-9,0,30,0,2,0,0
ACC-14558,Enterprise,Monthly,15,10,479.1,11.8,72.3,3,2,7.5,23,0,10,1,4,0,0
ACC-14559,Enterprise,Annual,31,36,647.0,8.5,60.4,3,2,91.7,28,1,0,1,4,0,0
ACC-14560,Growth,Monthly,5,5,119.0,19.0,49.0,18,2,6.7,-56,0,0,0,3,0,0
ACC-14561,Starter,Annual,1,2,30.5,8.0,26.9,3,3,3.3,48,0,0,1,2,0,0
ACC-14562,Enterprise,Monthly,53,2,743.2,16.5,34.9,0,4,40.4,62,0,20,1,6,0,0
ACC-14563,Starter,Monthly,1,9,30.5,12.4,49.8,2,2,21.0,100,0,0,1,1,0,0
ACC-14564,Starter,Monthly,2,10,26.2,11.0,44.6,12,1,22.8,-3,0,20,0,3,0,0
ACC-14565,Enterprise,Annual,29,23,631.0,8.7,33.6,1,3,31.6,26,0,0,1,2,0,0
ACC-14566,Starter,Annual,8,5,41.0,6.1,39.9,8,2,151.6,46,1,0,1,0,0,0
ACC-14567,Starter,Monthly,6,22,38.0,10.5,65.1,2,2,6.7,28,1,0,1,3,0,0
ACC-14568,Starter,Annual,3,96,24.8,8.9,74.3,8,1,15.9,4,0,30,1,1,0,0
ACC-14569,Enterprise,Monthly,29,36,591.1,12.6,29.3,4,2,24.4,-21,0,10,0,3,0,0
ACC-14570,Growth,Annual,8,18,131.0,4.8,35.6,6,2,3.2,33,1,0,1,0,0,0
ACC-14571,Growth,Annual,11,51,133.1,11.1,59.7,2,4,7.3,73,0,10,1,4,0,0
ACC-14572,Starter,Monthly,3,85,30.6,14.4,51.4,1,3,7.3,30,0,10,1,1,0,0
ACC-14573,Growth,Monthly,18,15,141.3,8.0,46.9,0,1,7.9,28,0,30,1,3,0,0
ACC-14574,Growth,Annual,13,6,151.0,16.4,75.3,10,2,25.3,44,1,0,1,4,0,0
ACC-14575,Starter,Annual,2,44,32.0,17.1,59.1,7,1,18.0,56,0,0,1,1,0,0
ACC-14576,Starter,Annual,1,33,30.5,4.8,19.3,2,2,25.2,41,0,0,1,0,0,0
ACC-14577,Starter,Annual,4,2,35.0,7.4,37.4,11,0,14.4,-13,0,0,1,2,0,0
ACC-14578,Enterprise,Monthly,26,50,607.0,4.0,18.5,11,1,62.2,46,0,0,1,2,0,0
ACC-14579,Growth,Annual,13,8,151.0,14.5,51.1,1,4,14.7,8,0,0,1,1,0,0
ACC-14580,Enterprise,Monthly,36,7,647.1,12.8,25.8,8,1,18.5,5,1,10,0,1,0,1
ACC-14581,Starter,Annual,2,8,26.2,2.4,16.3,2,0,7.1,-8,1,20,1,1,0,0
ACC-14582,Growth,Monthly,7,7,127.0,8.1,9.8,4,1,1.2,27,0,0,0,4,0,0
ACC-14583,Growth,Monthly,15,13,159.0,13.8,98.7,3,0,33.8,11,0,0,1,3,0,0
ACC-14584,Growth,Monthly,11,16,113.3,12.7,25.0,6,2,38.8,20,0,30,0,1,0,1
ACC-14585,Enterprise,Monthly,18,10,543.0,19.3,48.1,3,0,38.1,-5,0,0,1,0,0,0
ACC-14586,Starter,Monthly,3,10,33.5,5.1,56.3,0,0,32.4,61,0,0,1,3,1,0
ACC-14587,Starter,Annual,4,24,35.0,11.9,57.6,7,1,6.3,16,0,0,1,4,0,0
ACC-14588,Growth,Annual,10,1,139.0,6.0,68.7,19,2,17.1,5,0,0,1,3,0,0
ACC-14589,Growth,Monthly,3,53,101.1,12.7,53.9,7,0,33.7,-29,0,10,1,2,0,0
ACC-14590,Growth,Annual,11,23,123.2,10.9,45.0,5,3,19.6,89,0,20,0,2,0,0
ACC-14591,Starter,Annual,1,22,30.5,13.6,59.8,1,1,63.7,-24,0,0,0,1,0,0
ACC-14592,Growth,Monthly,14,10,155.0,9.5,59.6,6,4,22.6,40,0,0,1,2,1,1
ACC-14593,Starter,Monthly,1,61,27.6,16.6,56.1,6,0,16.5,53,0,10,1,4,0,0
ACC-14594,Starter,Annual,1,1,24.7,7.7,69.1,6,3,107.6,16,0,20,1,1,0,0
ACC-14595,Growth,Annual,10,1,119.2,5.9,41.2,13,2,15.3,45,0,20,1,1,0,0
ACC-14596,Growth,Monthly,7,29,117.1,13.4,50.6,8,3,68.2,47,0,10,1,1,0,0
ACC-14597,Starter,Annual,5,24,30.7,23.1,25.8,9,3,1.0,59,0,20,1,5,0,0
ACC-14598,Starter,Monthly,4,6,35.0,2.9,49.6,2,2,16.0,51,0,0,0,1,0,0
ACC-14599,Starter,Monthly,1,16,30.5,5.1,41.0,2,0,6.8,19,0,0,1,7,0,0
ACC-14600,Starter,Monthly,2,14,32.0,13.4,78.2,1,4,10.1,16,0,0,1,1,0,0
ACC-14601,Growth,Monthly,4,13,115.0,18.8,22.8,9,2,1.8,100,0,0,0,1,0,0
ACC-14602,Enterprise,Annual,27,16,615.0,13.8,44.5,7,1,6.1,68,0,0,1,4,0,0
ACC-14603,Starter,Annual,1,91,30.5,8.4,43.5,3,2,16.9,6,0,0,0,4,0,0
ACC-14604,Growth,Monthly,5,79,109.1,14.5,69.8,1,2,25.6,42,0,10,0,0,0,0
ACC-14605,Enterprise,Monthly,41,72,727.0,15.1,26.9,11,0,48.2,44,0,0,1,1,1,0
ACC-14606,Growth,Annual,13,14,121.3,7.9,55.1,3,1,5.3,29,0,30,1,2,0,0
ACC-14607,Starter,Annual,1,7,27.6,16.9,56.7,1,1,31.7,91,0,10,0,1,0,0
ACC-14608,Enterprise,Annual,28,15,543.2,11.8,75.3,1,2,1.0,26,1,20,0,4,0,0
ACC-14609,Starter,Annual,1,18,30.5,1.5,36.2,15,0,44.9,27,0,0,1,5,0,0
ACC-14610,Starter,Monthly,3,7,30.6,11.2,26.2,1,0,18.1,59,1,10,0,2,1,1
ACC-14611,Starter,Annual,3,18,33.5,8.6,65.5,3,3,37.4,-3,0,0,0,0,0,0
ACC-14612,Growth,Monthly,4,18,115.0,19.8,24.3,6,0,5.9,12,0,0,1,4,0,0
ACC-14613,Starter,Monthly,3,42,30.6,4.0,43.5,3,3,9.3,81,1,10,1,1,0,0
ACC-14614,Starter,Monthly,3,5,30.6,9.1,49.8,4,1,2.0,29,0,10,0,2,0,0
ACC-14615,Starter,Monthly,4,22,35.0,13.5,68.5,10,3,1.6,2,0,0,0,2,0,0
ACC-14616,Growth,Annual,16,11,163.0,26.5,21.1,43,3,35.0,36,1,0,0,1,0,1
ACC-14617,Enterprise,Annual,25,3,599.0,23.7,48.5,4,1,7.0,35,0,0,0,4,0,0
ACC-14618,Starter,Monthly,2,7,29.1,11.7,55.6,3,2,8.7,77,0,10,1,1,0,0
ACC-14619,Enterprise,Monthly,16,1,527.0,14.1,36.1,3,0,15.1,68,0,0,1,5,0,0
ACC-14620,Enterprise,Monthly,29,7,551.2,15.6,47.1,3,0,22.2,37,0,20,0,1,0,0
ACC-14621,Growth,Monthly,11,1,143.0,5.9,74.6,4,1,1.0,88,0,0,1,1,0,0
ACC-14622,Starter,Annual,2,47,26.2,12.1,43.8,2,3,17.1,75,0,20,1,1,0,0
ACC-14623,Growth,Annual,6,2,113.1,20.1,47.0,4,4,18.8,43,0,10,1,1,1,0
ACC-14624,Enterprise,Annual,34,31,551.3,12.8,74.5,17,1,38.0,0,0,30,1,1,1,0
ACC-14625,Growth,Annual,12,43,147.0,23.7,50.2,2,2,3.4,93,0,0,0,2,0,0
ACC-14626,Starter,Annual,3,11,30.6,9.3,84.4,6,2,12.0,74,0,10,1,2,0,0
ACC-14627,Growth,Monthly,15,1,159.0,11.5,19.0,4,1,12.9,-12,0,0,1,2,0,0
ACC-14628,Growth,Monthly,15,16,159.0,11.5,49.0,8,2,37.6,9,0,0,1,1,0,0
ACC-14629,Growth,Monthly,3,5,111.0,4.2,72.1,4,3,9.0,-17,0,0,1,3,0,0
ACC-14630,Starter,Monthly,2,3,32.0,18.6,39.2,1,0,1.7,-8,0,0,1,3,0,0
ACC-14631,Starter,Annual,9,15,39.6,10.0,49.8,12,1,18.4,74,1,10,0,4,0,0
ACC-14632,Growth,Monthly,17,8,147.2,13.5,82.8,7,2,21.7,33,0,20,0,1,1,1
ACC-14633,Enterprise,Monthly,24,24,591.0,8.4,38.0,4,1,17.5,7,0,0,1,4,0,0
ACC-14634,Starter,Monthly,3,16,24.8,22.4,65.6,11,2,13.5,56,0,30,1,2,0,0
ACC-14635,Enterprise,Annual,42,32,735.0,19.4,71.4,22,1,4.8,59,0,0,1,1,0,0
ACC-14636,Starter,Monthly,2,1,32.0,12.4,56.7,3,1,15.5,77,0,0,1,3,0,0
ACC-14637,Growth,Annual,11,5,143.0,4.7,55.9,3,2,1.0,51,0,0,1,1,0,0
ACC-14638,Growth,Annual,7,15,97.3,16.5,32.5,8,0,16.7,52,1,30,1,3,0,1
ACC-14639,Growth,Monthly,12,38,147.0,18.5,71.1,4,1,13.4,1,1,0,1,3,1,0
ACC-14640,Enterprise,Monthly,27,30,615.0,6.4,27.4,1,0,61.0,33,0,0,1,2,0,0
ACC-14641,Starter,Annual,7,20,36.6,11.1,63.6,3,1,7.7,29,1,10,1,5,0,0
ACC-14642,Enterprise,Monthly,28,15,583.1,12.5,43.6,10,1,1.0,-52,0,10,1,0,0,0
ACC-14643,Starter,Annual,5,18,36.5,18.5,46.3,7,2,28.6,43,0,0,1,2,0,0
ACC-14644,Growth,Monthly,5,4,99.2,11.1,50.6,12,1,3.7,-30,0,20,1,2,0,0
ACC-14645,Growth,Monthly,6,16,123.0,17.8,66.0,1,1,15.7,55,0,0,0,2,0,0
ACC-14646,Growth,Annual,8,12,131.0,7.4,89.4,2,1,4.8,16,0,0,0,4,1,0
ACC-14647,Starter,Annual,3,9,33.5,5.7,57.4,1,3,15.5,17,0,0,1,0,1,0
ACC-14648,Enterprise,Annual,23,39,583.0,23.0,39.2,21,1,17.4,12,0,0,1,2,0,0
ACC-14649,Starter,Annual,1,32,21.8,4.1,23.3,1,0,21.7,9,0,30,1,4,0,0
ACC-14650,Starter,Annual,3,1,33.5,7.5,80.5,5,0,9.3,22,0,0,1,0,0,0
ACC-14651,Growth,Annual,16,76,153.1,16.7,58.9,6,1,1.3,62,0,10,1,1,0,0
ACC-14652,Growth,Annual,8,5,101.3,8.8,49.9,6,2,18.2,-8,0,30,1,2,0,0
ACC-14653,Growth,Monthly,7,4,107.2,8.7,56.3,7,3,40.0,30,0,20,1,1,0,0
ACC-14654,Starter,Monthly,3,52,33.5,10.8,71.9,4,0,14.9,100,1,0,1,1,0,0
ACC-14655,Starter,Annual,4,11,35.0,0.0,46.0,1,0,5.8,6,0,0,1,4,0,0
ACC-14656,Growth,Monthly,12,29,137.1,18.7,40.3,7,0,10.7,29,0,10,1,3,0,0
ACC-14657,Growth,Monthly,7,6,127.0,13.1,26.2,2,0,15.5,59,0,0,1,2,0,0
ACC-14658,Starter,Monthly,4,37,35.0,7.1,31.3,0,0,1.8,100,0,0,1,1,0,0
ACC-14659,Growth,Monthly,12,32,127.2,1.7,47.4,1,0,16.8,84,0,20,1,2,0,0
ACC-14660,Growth,Monthly,6,13,113.1,3.8,78.6,2,3,2.3,25,0,10,0,2,0,0
ACC-14661,Growth,Monthly,14,22,125.3,2.4,43.8,3,4,3.9,44,0,30,1,1,0,0
ACC-14662,Growth,Annual,9,60,105.3,13.4,60.7,12,2,10.0,23,0,30,1,2,0,0
ACC-14663,Growth,Monthly,14,11,155.0,13.4,79.7,5,0,32.1,68,0,0,1,4,0,0
ACC-14664,Growth,Monthly,6,12,113.1,15.7,63.4,4,2,34.7,26,0,10,1,2,0,0
ACC-14665,Growth,Monthly,7,23,117.1,16.4,98.4,1,1,6.6,90,0,10,0,4,0,0
ACC-14666,Starter,Monthly,5,9,36.5,15.8,56.5,19,1,15.4,-38,0,0,1,2,0,1
ACC-14667,Growth,Monthly,6,59,113.1,21.2,51.5,14,0,2.0,51,1,10,1,4,0,0
ACC-14668,Growth,Annual,10,1,139.0,19.2,46.6,10,1,121.6,56,0,0,1,2,0,0
ACC-14669,Growth,Monthly,11,9,123.2,17.8,98.8,2,1,21.2,-58,0,20,1,1,0,0
ACC-14670,Starter,Annual,5,23,27.8,13.4,81.8,5,1,5.1,-27,0,30,1,4,0,0
ACC-14671,Enterprise,Monthly,20,10,559.0,16.3,22.9,3,1,46.0,76,0,0,1,1,0,0
ACC-14672,Growth,Monthly,5,5,109.1,9.5,100.0,3,1,8.6,48,0,10,0,2,0,0
ACC-14673,Starter,Monthly,2,10,29.1,10.7,66.0,0,3,6.4,58,0,10,1,4,0,0
ACC-14674,Starter,Monthly,3,38,33.5,22.3,57.8,1,0,7.1,89,0,0,1,3,0,0
ACC-14675,Enterprise,Annual,34,14,671.0,8.7,66.4,19,2,13.3,18,0,0,1,1,0,0
ACC-14676,Starter,Annual,4,7,29.2,8.2,33.9,6,2,1.0,88,0,20,0,2,0,0
ACC-14677,Enterprise,Annual,33,20,663.0,9.8,59.3,0,2,21.1,100,0,0,1,1,0,0
ACC-14678,Growth,Monthly,5,17,99.2,8.7,48.2,10,4,59.0,74,0,20,1,1,0,0
ACC-14679,Growth,Monthly,11,15,133.1,9.2,47.1,1,2,33.8,45,0,10,0,4,0,0
ACC-14680,Starter,Monthly,2,9,29.1,13.5,76.1,7,2,33.3,28,0,10,1,0,0,0
ACC-14681,Starter,Annual,1,1,30.5,13.7,49.2,6,0,29.7,37,0,0,1,3,0,0
ACC-14682,Enterprise,Monthly,22,17,495.2,17.5,57.2,0,1,8.8,36,0,20,1,4,0,0
ACC-14683,Starter,Annual,5,10,36.5,25.1,62.2,5,3,4.2,31,0,0,0,3,0,0
ACC-14684,Growth,Monthly,13,10,121.3,9.8,75.8,0,0,7.5,-9,0,30,1,1,0,0
ACC-14685,Starter,Monthly,7,5,39.5,11.6,82.9,0,3,3.8,45,1,0,0,2,0,1
ACC-14686,Starter,Monthly,2,5,32.0,1.0,55.3,0,2,38.1,38,0,0,1,1,1,0
ACC-14687,Starter,Monthly,2,28,32.0,4.2,46.7,2,4,10.9,78,0,0,0,1,0,0
ACC-14688,Growth,Annual,5,12,119.0,11.1,96.9,10,1,33.4,50,0,0,1,1,0,0
ACC-14689,Enterprise,Monthly,29,2,551.2,14.8,2.0,3,0,6.9,4,1,20,1,4,0,0
ACC-14690,Starter,Annual,1,1,30.5,14.9,74.1,6,2,3.1,-8,1,0,1,2,0,0
ACC-14691,Starter,Monthly,2,5,26.2,15.7,51.8,1,2,40.9,30,0,20,0,0,0,1
ACC-14692,Starter,Annual,3,12,30.6,19.5,67.6,16,1,32.1,0,0,10,1,1,0,0
ACC-14693,Growth,Monthly,7,17,117.1,22.2,55.9,4,0,16.2,35,1,10,1,2,1,0
ACC-14694,Starter,Annual,3,3,27.7,10.5,83.2,0,2,2.6,6,0,20,1,4,0,0
ACC-14695,Enterprise,Annual,52,10,815.0,7.2,64.2,5,1,8.2,75,0,0,0,1,0,0
ACC-14696,Growth,Annual,3,1,111.0,15.9,23.7,1,0,1.2,50,0,0,1,2,0,0
ACC-14697,Growth,Monthly,10,1,119.2,17.6,22.7,1,1,45.7,65,0,20,0,1,0,0
ACC-14698,Starter,Annual,1,36,30.5,12.8,50.3,6,0,5.5,24,0,0,1,1,0,0
ACC-14699,Enterprise,Monthly,26,19,607.0,10.9,68.4,2,0,14.8,37,0,0,1,1,0,0
ACC-14700,Starter,Monthly,4,27,32.1,9.0,83.8,1,1,56.9,62,0,10,0,5,0,0
ACC-14701,Starter,Monthly,4,4,35.0,11.7,40.3,5,0,19.5,43,1,0,1,1,0,0
ACC-14702,Growth,Monthly,10,7,129.1,16.1,6.3,2,1,19.5,55,1,10,1,1,0,0
ACC-14703,Growth,Annual,4,11,115.0,8.0,64.5,1,1,35.8,6,0,0,0,0,1,0
ACC-14704,Starter,Monthly,1,19,30.5,7.2,55.9,3,2,23.6,60,0,0,1,1,0,0
ACC-14705,Starter,Monthly,2,14,32.0,15.6,58.2,0,2,13.3,10,0,0,1,1,1,0
ACC-14706,Growth,Annual,11,14,143.0,6.9,30.8,14,1,2.6,100,0,0,0,1,1,0
ACC-14707,Starter,Monthly,6,3,38.0,12.9,81.2,4,0,13.7,37,0,0,1,3,0,0
ACC-14708,Growth,Annual,11,12,143.0,12.6,37.0,0,3,4.0,69,0,0,1,4,0,0
ACC-14709,Growth,Monthly,5,31,119.0,12.0,61.8,2,1,13.5,15,0,0,1,1,0,0
ACC-14710,Starter,Monthly,6,13,38.0,8.1,61.1,19,2,1.0,22,0,0,1,2,0,0
ACC-14711,Growth,Monthly,14,4,145.1,22.4,67.1,4,1,8.7,21,0,10,1,3,0,0
ACC-14712,Starter,Annual,3,10,33.5,14.4,38.6,3,3,1.1,-32,0,0,1,4,0,0
ACC-14713,Growth,Annual,5,25,119.0,8.9,34.7,2,2,3.1,-62,0,0,1,5,0,0
ACC-14714,Growth,Annual,7,3,97.3,14.0,73.8,3,1,23.7,20,0,30,1,2,0,0
ACC-14715,Starter,Monthly,4,16,35.0,23.0,67.2,1,2,74.9,-36,0,0,0,3,0,0
ACC-14716,Growth,Monthly,19,61,175.0,12.5,62.4,8,2,16.6,40,0,0,1,2,0,0
ACC-14717,Enterprise,Monthly,48,9,703.2,21.2,79.8,4,2,3.7,24,0,20,1,0,0,0
ACC-14718,Starter,Monthly,2,1,32.0,5.1,62.5,8,1,9.4,-69,0,0,1,3,0,0
ACC-14719,Enterprise,Monthly,28,18,623.0,6.9,46.9,2,2,5.3,11,0,0,1,5,0,0
ACC-14720,Starter,Annual,2,1,32.0,0.0,66.4,0,2,1.0,29,0,0,1,1,0,0
ACC-14721,Starter,Monthly,1,4,30.5,23.9,64.9,20,0,48.9,79,0,0,1,2,0,0
ACC-14722,Starter,Monthly,2,1,29.1,1.8,65.5,4,2,15.6,14,0,10,1,2,0,0
ACC-14723,Starter,Annual,1,3,30.5,13.0,35.6,0,0,3.2,-27,0,0,1,3,0,0
ACC-14724,Starter,Annual,4,35,32.1,22.4,33.5,1,1,27.4,-32,0,10,1,3,1,0
ACC-14725,Starter,Monthly,3,24,33.5,17.8,74.4,3,0,3.8,12,0,0,1,4,0,0
ACC-14726,Enterprise,Monthly,34,8,591.2,14.3,51.7,7,2,4.6,-4,0,20,1,2,1,0
ACC-14727,Growth,Monthly,4,41,95.2,19.7,12.2,3,3,18.4,23,0,20,1,4,0,0
ACC-14728,Growth,Monthly,5,20,119.0,8.0,24.8,10,2,11.1,36,0,0,1,1,0,0
ACC-14729,Starter,Annual,3,11,30.6,15.1,26.0,2,0,45.0,49,0,10,1,0,0,0
ACC-14730,Starter,Monthly,3,1,27.7,11.3,78.5,0,1,18.2,50,0,20,1,0,0,0
ACC-14731,Starter,Annual,2,24,32.0,11.2,53.9,0,1,4.0,9,1,0,1,1,0,0
ACC-14732,Growth,Annual,4,8,105.1,13.1,55.8,12,1,12.9,52,0,10,1,2,0,0
ACC-14733,Enterprise,Annual,33,6,543.3,19.1,47.2,25,0,25.9,-23,1,30,1,2,0,0
ACC-14734,Starter,Monthly,1,6,30.5,21.4,31.7,1,1,18.3,35,0,0,1,0,0,0
ACC-14735,Starter,Monthly,1,1,27.6,10.4,71.7,0,2,7.7,37,0,10,1,3,0,0
ACC-14736,Growth,Annual,5,24,99.2,5.5,69.4,15,0,9.8,34,0,20,1,3,0,0
ACC-14737,Starter,Monthly,5,3,33.6,7.1,39.5,1,1,21.9,-6,0,10,0,2,0,0
ACC-14738,Starter,Monthly,6,13,29.3,23.7,85.8,2,1,14.6,-2,0,30,1,1,0,0
ACC-14739,Growth,Monthly,15,1,139.2,20.9,71.4,10,2,1.5,53,0,20,1,4,0,0
ACC-14740,Growth,Monthly,8,18,101.3,5.5,36.2,37,3,15.9,15,0,30,1,1,0,0
ACC-14741,Starter,Annual,3,8,33.5,22.0,48.7,4,2,12.1,51,0,0,0,1,0,0
ACC-14742,Starter,Monthly,2,18,29.1,7.7,46.9,1,4,33.7,9,0,10,1,3,0,0
ACC-14743,Enterprise,Monthly,40,2,719.0,16.0,61.9,11,1,2.4,100,0,0,1,2,0,0
ACC-14744,Starter,Monthly,4,6,32.1,7.7,23.6,3,0,1.0,20,0,10,1,5,0,0
ACC-14745,Starter,Monthly,8,2,41.0,25.0,39.5,2,1,34.4,72,0,0,1,0,0,0
ACC-14746,Starter,Annual,1,19,30.5,8.6,72.5,4,0,4.7,100,1,0,0,0,0,0
ACC-14747,Starter,Annual,4,2,35.0,5.7,20.1,12,0,1.0,69,1,0,0,2,1,0
ACC-14748,Starter,Monthly,2,17,32.0,9.3,50.6,2,0,5.0,18,0,0,1,1,0,0
ACC-14749,Growth,Monthly,8,3,131.0,27.8,28.0,3,1,43.4,27,0,0,1,1,0,0
ACC-14750,Starter,Monthly,2,52,26.2,13.6,75.1,4,1,3.8,-86,0,20,1,0,0,0
ACC-14751,Starter,Annual,2,10,29.1,5.8,62.6,11,0,7.7,-52,0,10,1,0,0,0
ACC-14752,Growth,Monthly,6,2,123.0,7.3,22.7,7,2,18.9,29,1,0,1,0,0,1
ACC-14753,Growth,Annual,12,1,147.0,1.5,32.1,9,0,4.0,10,0,0,1,5,0,0
ACC-14754,Enterprise,Monthly,18,7,463.2,15.2,55.3,7,2,20.7,-9,0,20,1,4,0,0
ACC-14755,Enterprise,Annual,57,40,775.2,4.5,4.2,5,2,24.5,31,0,20,0,2,0,0
ACC-14756,Starter,Monthly,1,3,24.7,18.6,30.8,1,3,5.3,9,0,20,1,1,0,0
ACC-14757,Growth,Annual,14,28,125.3,16.7,36.9,11,2,2.0,-4,0,30,1,2,0,0
ACC-14758,Growth,Monthly,8,10,111.2,11.4,83.3,6,3,10.3,65,0,20,1,0,0,0
ACC-14759,Enterprise,Annual,54,29,791.1,19.4,42.3,7,3,24.0,-15,0,10,1,1,0,0
ACC-14760,Growth,Monthly,5,37,119.0,17.6,69.5,9,2,33.6,54,0,0,1,0,0,0
ACC-14761,Enterprise,Monthly,27,96,615.0,12.9,44.6,2,1,1.0,38,0,0,1,4,0,0
ACC-14762,Growth,Annual,1,1,103.0,7.4,71.4,3,1,15.4,78,0,0,1,6,0,0
ACC-14763,Starter,Monthly,4,29,29.2,14.5,20.9,5,3,6.0,13,0,20,1,1,0,0
ACC-14764,Growth,Annual,7,1,127.0,14.4,39.1,3,1,10.8,-17,0,0,1,2,0,0
ACC-14765,Enterprise,Annual,46,7,687.2,14.9,52.6,2,2,15.0,8,0,20,1,1,0,0
ACC-14766,Enterprise,Monthly,35,19,679.0,12.5,58.9,9,1,26.6,29,0,0,1,3,0,0
ACC-14767,Starter,Monthly,2,11,32.0,14.0,62.1,8,0,1.0,65,1,0,1,1,0,0
ACC-14768,Growth,Monthly,15,15,159.0,13.8,59.2,11,1,3.7,58,0,0,1,4,0,0
ACC-14769,Starter,Monthly,2,61,32.0,20.2,66.1,7,1,19.2,22,0,0,1,6,0,0
ACC-14770,Starter,Monthly,1,31,30.5,4.4,54.7,2,1,11.6,27,0,0,1,2,0,0
ACC-14771,Starter,Annual,4,8,32.1,6.0,58.8,2,0,4.7,54,1,10,1,3,0,0
ACC-14772,Starter,Monthly,7,16,36.6,12.5,32.7,5,1,1.3,67,0,10,0,0,0,0
ACC-14773,Growth,Monthly,14,1,155.0,7.4,19.4,11,0,49.3,41,0,0,1,2,1,0
ACC-14774,Starter,Monthly,1,11,21.8,13.3,30.4,3,0,9.0,40,0,30,0,0,0,0
ACC-14775,Growth,Monthly,19,17,175.0,5.3,17.9,9,1,10.6,38,0,0,1,2,0,0
ACC-14776,Starter,Monthly,9,23,39.6,6.3,59.9,2,3,1.0,39,0,10,1,2,0,0
ACC-14777,Starter,Annual,4,42,32.1,24.4,75.7,2,1,26.8,39,0,10,0,2,0,0
ACC-14778,Starter,Annual,1,6,24.7,10.6,34.1,8,1,97.0,-5,0,20,1,2,0,0
ACC-14779,Starter,Monthly,6,42,35.1,5.0,77.2,7,1,76.6,-27,0,10,1,0,0,0
ACC-14780,Starter,Annual,2,19,32.0,11.3,64.9,1,2,7.5,-1,0,0,1,3,0,0
ACC-14781,Starter,Monthly,1,1,27.6,18.2,42.8,11,2,65.0,14,0,10,1,2,0,0
ACC-14782,Growth,Annual,12,9,127.2,19.2,47.3,9,0,10.5,53,0,20,0,2,0,0
ACC-14783,Starter,Annual,4,12,29.2,3.2,79.5,10,1,9.8,21,0,20,1,1,0,0
ACC-14784,Starter,Annual,3,8,33.5,7.4,3.9,4,1,35.6,37,0,0,1,2,0,0
ACC-14785,Starter,Monthly,4,2,35.0,13.3,79.5,2,1,31.4,32,0,0,0,1,0,0
ACC-14786,Enterprise,Monthly,39,14,671.1,11.8,74.7,11,3,12.9,47,0,10,0,4,0,0
ACC-14787,Enterprise,Monthly,23,3,463.3,2.4,42.0,5,2,11.9,15,0,30,0,3,0,1
ACC-14788,Growth,Annual,26,44,193.1,3.4,53.0,16,1,69.1,5,0,10,1,1,0,0
ACC-14789,Starter,Monthly,3,36,33.5,5.6,90.8,2,0,10.5,-28,0,0,1,1,0,0
ACC-14790,Starter,Annual,2,12,29.1,1.4,26.2,22,1,39.6,42,0,10,1,3,0,0
ACC-14791,Enterprise,Monthly,46,1,767.0,9.2,51.0,3,1,27.4,-75,0,0,1,1,0,0
ACC-14792,Starter,Annual,2,14,32.0,19.2,69.2,3,2,2.3,36,0,0,1,0,0,0
ACC-14793,Starter,Monthly,7,16,39.5,8.0,59.6,2,3,3.5,61,0,0,1,3,0,0
ACC-14794,Starter,Monthly,4,39,35.0,18.5,56.1,20,2,1.0,25,0,0,0,0,0,0
ACC-14795,Starter,Monthly,3,1,30.6,12.2,95.0,0,1,1.0,43,0,10,1,0,0,0
ACC-14796,Starter,Monthly,1,21,24.7,10.9,30.6,4,1,18.5,15,0,20,0,3,1,0
ACC-14797,Growth,Monthly,4,15,115.0,2.0,31.6,3,4,1.6,30,0,0,0,4,0,0
ACC-14798,Starter,Annual,4,3,35.0,19.0,2.0,1,0,2.9,24,1,0,0,2,0,0
ACC-14799,Growth,Monthly,22,2,187.0,12.7,31.3,7,2,5.6,54,0,0,0,3,0,0
ACC-14800,Starter,Monthly,4,21,26.3,2.4,40.4,14,1,16.1,20,1,30,1,0,0,0
ACC-14801,Starter,Annual,3,7,27.7,14.3,62.0,2,0,5.2,-12,0,20,0,3,0,0
ACC-14802,Enterprise,Monthly,28,96,623.0,8.5,76.1,4,1,10.1,41,0,0,1,1,0,0
ACC-14803,Starter,Annual,5,40,33.6,12.4,33.8,5,3,8.7,26,0,10,0,1,0,0
ACC-14804,Growth,Annual,10,15,129.1,13.4,51.9,3,1,10.1,6,0,10,0,1,0,0
ACC-14805,Growth,Monthly,15,18,149.1,19.3,85.7,15,2,52.9,53,0,10,0,4,0,0
ACC-14806,Starter,Monthly,2,3,23.3,5.2,50.9,4,2,69.9,100,0,30,1,0,0,0
ACC-14807,Enterprise,Monthly,30,40,599.1,15.4,66.4,24,1,1.5,46,0,10,1,5,0,0
ACC-14808,Starter,Annual,2,11,32.0,20.0,79.7,2,2,2.3,58,0,0,1,3,0,0
ACC-14809,Enterprise,Monthly,36,13,647.1,27.1,34.5,0,0,1.1,35,0,10,1,2,0,0
ACC-14810,Starter,Annual,2,37,32.0,18.3,30.1,5,1,9.8,80,0,0,0,3,1,0
ACC-14811,Enterprise,Annual,48,1,783.0,14.2,90.7,10,0,38.1,53,0,0,1,2,0,0
ACC-14812,Starter,Monthly,1,12,27.6,13.7,67.7,3,4,32.2,11,0,10,0,4,0,0
ACC-14813,Growth,Annual,4,18,115.0,21.3,25.8,1,1,8.8,51,0,0,1,3,0,0
ACC-14814,Growth,Annual,12,3,137.1,10.3,31.8,8,2,27.8,45,0,10,0,4,0,0
ACC-14815,Enterprise,Monthly,53,1,743.2,16.8,50.6,2,1,77.2,16,0,20,0,3,0,0
ACC-14816,Enterprise,Annual,28,14,623.0,25.2,85.7,9,1,4.3,74,0,0,1,5,0,0
ACC-14817,Growth,Annual,19,14,175.0,11.3,76.6,2,4,66.4,-14,0,0,1,1,0,0
ACC-14818,Enterprise,Monthly,30,7,639.0,0.0,78.5,5,2,29.5,43,0,0,1,1,0,0
ACC-14819,Starter,Monthly,5,39,27.8,6.8,45.4,13,1,2.4,15,0,30,0,3,0,0
ACC-14820,Starter,Monthly,9,6,42.5,13.8,54.8,1,0,31.6,-26,0,0,0,6,0,0
ACC-14821,Starter,Monthly,2,13,23.3,7.0,37.4,10,0,2.2,34,0,30,1,0,0,0
ACC-14822,Starter,Annual,1,4,21.8,9.9,45.9,2,0,1.0,16,0,30,1,3,0,0
ACC-14823,Starter,Monthly,4,1,35.0,10.2,30.3,6,0,28.9,10,1,0,1,1,0,0
ACC-14824,Growth,Annual,4,10,115.0,15.4,35.8,2,4,45.1,-7,0,0,1,1,0,0
ACC-14825,Starter,Monthly,10,13,41.1,6.3,39.0,1,2,10.2,100,0,10,0,0,0,1
ACC-14826,Growth,Monthly,9,26,135.0,8.5,51.8,7,0,1.0,-56,0,0,1,1,0,0
ACC-14827,Starter,Annual,1,11,30.5,20.4,64.3,5,2,18.2,-46,0,0,0,4,1,0
ACC-14828,Starter,Annual,2,6,32.0,9.1,91.7,3,1,5.3,48,0,0,1,2,0,0
ACC-14829,Growth,Monthly,17,17,167.0,16.4,47.0,0,2,15.7,46,0,0,0,4,0,1
ACC-14830,Growth,Monthly,6,9,123.0,12.1,67.9,4,1,7.7,-19,0,0,1,3,0,0
ACC-14831,Growth,Monthly,11,5,133.1,11.9,51.1,1,2,19.5,9,0,10,1,2,0,0
ACC-14832,Growth,Monthly,5,43,119.0,16.4,76.2,3,1,6.0,52,1,0,1,4,0,0
ACC-14833,Starter,Monthly,5,14,27.8,0.8,27.4,5,1,3.2,20,0,30,0,1,0,0
ACC-14834,Growth,Monthly,22,4,187.0,14.7,43.2,17,1,27.9,58,0,0,1,2,0,0
ACC-14835,Starter,Annual,2,20,23.3,15.3,69.6,4,2,15.5,28,0,30,1,3,0,0
ACC-14836,Starter,Monthly,4,29,32.1,17.1,67.8,1,2,7.6,12,0,10,1,4,1,0
ACC-14837,Starter,Annual,3,26,30.6,9.7,68.2,18,1,19.8,-21,0,10,0,5,1,0
ACC-14838,Starter,Annual,2,16,23.3,12.0,86.0,0,2,6.8,28,0,30,1,4,0,0
ACC-14839,Starter,Monthly,1,13,24.7,0.0,16.9,6,1,9.1,8,0,20,0,3,0,0
ACC-14840,Enterprise,Annual,27,27,615.0,8.0,27.4,2,2,9.4,65,1,0,0,3,0,0
ACC-14841,Enterprise,Monthly,27,22,575.1,13.1,67.3,9,0,5.1,63,0,10,1,0,0,0
ACC-14842,Starter,Annual,3,15,33.5,20.8,72.9,2,3,11.6,21,0,0,0,2,0,0
ACC-14843,Starter,Monthly,1,19,30.5,23.1,69.4,3,2,33.8,29,0,0,1,1,1,0
ACC-14844,Starter,Monthly,1,3,30.5,9.9,100.0,9,1,70.8,17,1,0,1,1,0,0
ACC-14845,Starter,Annual,2,1,32.0,17.2,34.9,14,0,5.0,11,0,0,0,1,0,0
ACC-14846,Enterprise,Monthly,37,48,695.0,11.1,63.1,1,0,55.9,-7,0,0,1,4,0,0
ACC-14847,Starter,Annual,1,49,30.5,2.3,53.4,2,0,6.5,32,0,0,1,2,0,0
ACC-14848,Growth,Annual,15,28,159.0,15.6,68.7,0,2,12.7,20,0,0,1,5,0,0
ACC-14849,Starter,Monthly,3,8,33.5,23.0,63.3,12,1,2.1,82,0,0,1,3,0,0
ACC-14850,Enterprise,Monthly,22,3,455.3,9.7,43.6,18,0,18.7,18,1,30,1,2,0,1
ACC-14851,Starter,Monthly,1,8,24.7,6.6,63.5,2,0,14.3,100,0,20,1,1,0,0
ACC-14852,Growth,Annual,6,23,123.0,12.4,56.8,3,1,22.7,93,0,0,0,3,0,0
ACC-14853,Starter,Annual,1,7,27.6,11.3,57.8,3,1,18.3,5,0,10,1,6,1,0
ACC-14854,Growth,Monthly,18,29,161.1,27.7,79.9,3,1,79.7,27,0,10,1,1,0,0
ACC-14855,Starter,Monthly,5,20,30.7,18.0,100.0,3,2,29.4,-24,0,20,1,3,0,0
ACC-14856,Starter,Annual,2,18,29.1,12.8,12.9,4,0,67.3,15,0,10,1,1,0,0
ACC-14857,Enterprise,Monthly,26,48,607.0,0.0,83.4,1,0,14.9,43,0,0,0,1,0,0
ACC-14858,Enterprise,Annual,31,40,607.1,11.1,69.1,0,3,6.6,37,0,10,1,6,0,0
ACC-14859,Enterprise,Annual,26,22,607.0,23.1,38.7,8,2,15.2,2,0,0,1,2,0,0
ACC-14860,Growth,Annual,24,4,185.1,12.5,47.0,11,2,12.6,27,0,10,1,5,1,0
ACC-14861,Growth,Monthly,17,50,157.1,16.9,74.4,10,1,11.1,48,0,10,0,1,0,0
ACC-14862,Starter,Monthly,1,5,30.5,14.4,56.1,6,2,10.3,26,1,0,1,2,0,0
ACC-14863,Starter,Monthly,8,8,41.0,9.1,53.9,21,2,33.4,77,0,0,0,1,0,0
ACC-14864,Starter,Monthly,10,32,44.0,22.1,39.9,0,1,27.0,27,0,0,0,1,0,0
ACC-14865,Growth,Annual,9,4,115.2,13.1,38.3,2,0,20.6,-26,0,20,0,1,0,1
ACC-14866,Starter,Monthly,5,18,27.8,7.8,33.8,2,3,20.7,-26,1,30,1,1,0,0
ACC-14867,Starter,Annual,6,11,38.0,12.1,43.8,3,1,9.4,17,0,0,1,3,0,0
ACC-14868,Growth,Monthly,16,18,153.1,20.6,52.2,10,1,11.5,-12,0,10,1,0,0,0
ACC-14869,Growth,Monthly,11,57,143.0,3.1,62.8,3,2,3.3,-27,0,0,1,3,0,0
ACC-14870,Starter,Monthly,2,30,32.0,13.6,36.9,4,0,17.3,15,0,0,1,3,0,0
ACC-14871,Starter,Annual,2,6,32.0,12.4,71.6,6,1,3.0,58,0,0,0,4,0,0
ACC-14872,Starter,Monthly,1,1,27.6,2.8,35.0,11,4,49.4,14,1,10,0,4,0,1
ACC-14873,Starter,Monthly,8,61,32.3,16.6,71.9,6,2,10.7,42,0,30,0,1,0,0
ACC-14874,Starter,Annual,3,16,27.7,13.5,35.9,3,1,1.0,80,0,20,0,2,0,0
ACC-14875,Growth,Monthly,9,3,135.0,17.3,99.4,7,2,1.0,43,0,0,0,3,0,1
ACC-14876,Growth,Monthly,15,18,149.1,18.8,69.3,4,1,22.6,-3,0,10,1,2,0,0
ACC-14877,Growth,Monthly,12,1,117.3,11.7,73.5,5,1,18.9,29,0,30,1,1,0,0
ACC-14878,Starter,Monthly,3,4,33.5,8.7,51.2,2,1,29.4,15,0,0,0,3,0,1
ACC-14879,Growth,Annual,10,18,139.0,3.5,68.4,0,1,27.7,48,0,0,0,5,0,0
ACC-14880,Starter,Monthly,2,9,32.0,8.1,27.5,3,2,1.0,37,0,0,1,0,0,0
ACC-14881,Growth,Monthly,14,7,145.1,12.1,33.5,2,1,3.7,20,0,10,1,5,0,0
ACC-14882,Growth,Monthly,5,19,99.2,6.2,48.2,1,0,7.9,33,0,20,0,2,0,0
ACC-14883,Starter,Annual,1,36,30.5,15.5,88.4,1,3,1.3,19,0,0,0,5,0,0
ACC-14884,Starter,Monthly,1,20,30.5,6.6,77.1,24,3,3.9,-26,0,0,0,3,0,1
ACC-14885,Enterprise,Annual,21,11,567.0,1.4,5.8,2,0,17.4,-38,0,0,0,4,0,0
ACC-14886,Starter,Monthly,3,19,30.6,8.5,33.3,4,1,12.2,61,0,10,1,0,1,0
ACC-14887,Growth,Monthly,12,21,147.0,13.1,53.1,5,1,39.4,66,1,0,1,2,0,0
ACC-14888,Starter,Annual,3,27,33.5,4.4,82.6,5,0,5.1,37,0,0,1,1,0,0
ACC-14889,Growth,Monthly,10,7,139.0,6.7,60.4,0,2,15.3,63,1,0,0,2,0,0
ACC-14890,Starter,Annual,4,2,35.0,8.2,2.0,9,2,39.6,90,0,0,0,2,0,1
ACC-14891,Starter,Monthly,1,21,24.7,9.0,29.2,8,1,1.2,14,1,20,0,1,0,1
ACC-14892,Growth,Annual,15,2,159.0,13.8,70.8,23,1,40.8,4,0,0,0,2,1,1
ACC-14893,Starter,Monthly,2,11,32.0,15.8,59.5,1,1,8.4,56,0,0,1,5,0,0
ACC-14894,Starter,Annual,3,5,30.6,9.2,58.0,5,5,39.3,79,0,10,0,5,0,0
ACC-14895,Starter,Monthly,6,7,38.0,5.8,79.5,10,1,22.9,6,0,0,1,1,0,0
ACC-14896,Starter,Monthly,1,11,30.5,12.8,47.4,1,6,22.3,82,1,0,0,5,0,0
ACC-14897,Starter,Monthly,2,41,32.0,15.1,70.4,9,1,1.0,17,0,0,1,3,0,0
ACC-14898,Starter,Monthly,4,21,26.3,21.7,91.1,2,2,56.7,38,0,30,1,1,0,0
ACC-14899,Enterprise,Monthly,38,3,703.0,18.9,59.9,2,2,11.3,17,0,0,1,2,0,0
ACC-14900,Starter,Monthly,1,38,27.6,4.4,35.3,17,2,2.3,39,0,10,1,4,0,0
ACC-14901,Growth,Monthly,12,12,127.2,11.2,45.6,2,0,29.1,-7,0,20,0,6,0,0
ACC-14902,Starter,Annual,4,4,29.2,14.7,35.1,5,1,40.3,66,0,20,0,2,0,0
ACC-14903,Starter,Annual,1,13,30.5,6.9,5.7,3,2,53.0,-27,0,0,1,0,0,0
ACC-14904,Enterprise,Annual,44,4,751.0,9.9,37.6,0,0,14.1,-3,0,0,1,0,0,0
ACC-14905,Starter,Monthly,5,8,36.5,16.0,69.0,18,3,10.3,75,0,0,0,3,0,0
ACC-14906,Enterprise,Monthly,31,29,647.0,13.5,55.2,1,1,17.5,100,0,0,0,1,0,0
ACC-14907,Starter,Monthly,8,19,41.0,12.0,84.9,2,3,7.0,12,0,0,1,3,0,0
ACC-14908,Growth,Annual,5,12,119.0,8.1,58.2,3,1,10.0,84,0,0,1,4,0,0
ACC-14909,Growth,Monthly,13,5,151.0,3.3,74.4,4,0,15.5,75,1,0,0,5,0,0
ACC-14910,Enterprise,Monthly,30,6,559.2,10.1,16.3,1,0,34.8,44,0,20,1,2,0,0
ACC-14911,Growth,Annual,10,69,139.0,11.5,45.4,6,0,38.4,13,1,0,1,0,1,0
ACC-14912,Growth,Monthly,15,8,129.3,3.2,49.1,4,1,2.8,79,0,30,1,3,0,0
ACC-14913,Starter,Annual,3,17,33.5,12.3,36.8,2,2,2.9,23,0,0,0,4,0,0
ACC-14914,Starter,Annual,1,12,27.6,14.4,88.6,7,3,4.1,46,0,10,0,1,0,0
ACC-14915,Enterprise,Monthly,32,1,575.2,7.8,12.5,4,1,18.1,-46,0,20,0,1,0,0
ACC-14916,Starter,Monthly,5,52,30.7,14.4,52.5,11,2,4.5,16,0,20,1,0,0,0
ACC-14917,Starter,Monthly,8,2,35.2,13.7,79.9,12,3,19.0,9,0,20,1,3,0,0
ACC-14918,Growth,Annual,7,19,127.0,10.2,71.8,24,1,25.8,34,1,0,0,2,0,1
ACC-14919,Starter,Monthly,3,30,33.5,9.5,46.6,0,1,39.1,19,0,0,1,1,0,0
ACC-14920,Enterprise,Annual,44,25,671.2,10.0,35.2,3,1,40.4,12,0,20,1,2,0,0
ACC-14921,Growth,Monthly,7,30,117.1,6.9,79.0,4,0,4.8,30,0,10,0,2,0,0
ACC-14922,Growth,Monthly,12,24,147.0,14.1,43.5,2,2,7.5,3,0,0,0,3,0,0
ACC-14923,Enterprise,Monthly,31,11,647.0,6.9,36.7,15,1,4.0,-28,0,0,1,5,0,0
ACC-14924,Starter,Annual,4,41,32.1,7.3,77.0,1,0,22.8,14,0,10,0,0,0,0
ACC-14925,Starter,Monthly,1,44,24.7,15.0,61.8,3,3,23.2,22,0,20,1,0,0,0
ACC-14926,Growth,Annual,5,10,119.0,10.5,47.3,1,2,1.0,56,1,0,1,1,0,0
ACC-14927,Starter,Monthly,4,12,26.3,12.4,62.2,7,1,3.6,23,0,30,1,4,0,0
ACC-14928,Growth,Monthly,4,12,115.0,1.7,64.8,7,0,8.2,44,0,0,1,1,0,0
ACC-14929,Enterprise,Annual,50,6,759.1,8.9,53.8,12,4,4.6,5,1,10,1,3,0,0
ACC-14930,Starter,Annual,6,2,38.0,22.1,58.4,3,2,16.0,29,0,0,0,3,0,0
ACC-14931,Starter,Monthly,9,5,36.7,1.3,7.4,9,0,1.0,-31,0,20,0,3,0,0
ACC-14932,Enterprise,Monthly,14,33,511.0,22.5,52.7,5,3,35.0,8,0,0,0,4,0,0
ACC-14933,Starter,Annual,5,14,36.5,13.6,40.9,10,1,12.6,-65,0,0,1,2,0,0
ACC-14934,Growth,Monthly,13,34,121.3,8.8,37.4,1,1,18.0,-12,0,30,1,1,0,0
ACC-14935,Starter,Monthly,6,25,35.1,10.8,39.9,4,1,17.3,-15,0,10,1,4,0,0
ACC-14936,Enterprise,Annual,37,8,695.0,19.4,44.1,1,2,12.0,52,0,0,1,0,0,0
ACC-14937,Growth,Monthly,13,4,151.0,0.0,48.5,9,1,16.8,42,0,0,1,1,0,0
ACC-14938,Growth,Monthly,7,15,127.0,20.5,58.7,1,0,1.6,67,0,0,0,3,0,0
ACC-14939,Growth,Monthly,10,49,139.0,13.6,38.9,0,2,9.7,-16,0,0,1,3,0,0
ACC-14940,Starter,Annual,1,33,27.6,18.1,66.4,16,2,24.7,59,1,10,1,1,0,0
ACC-14941,Starter,Annual,4,26,35.0,1.5,71.2,4,1,9.1,10,0,0,1,2,0,0
ACC-14942,Growth,Monthly,3,26,111.0,10.6,71.0,25,1,5.9,93,0,0,1,0,0,0
ACC-14943,Starter,Monthly,3,14,33.5,0.0,75.6,4,1,16.7,24,0,0,1,3,0,0
ACC-14944,Growth,Monthly,8,3,131.0,19.2,42.5,5,0,12.9,86,0,0,1,2,0,0
ACC-14945,Enterprise,Annual,46,6,687.2,6.1,49.0,8,2,15.2,100,0,20,1,5,0,0
ACC-14946,Growth,Monthly,7,16,127.0,6.0,60.4,2,1,63.6,45,0,0,1,1,0,0
ACC-14947,Growth,Annual,16,7,133.3,0.4,45.7,1,2,3.3,92,0,30,1,1,0,0
ACC-14948,Growth,Monthly,4,27,95.2,14.7,29.5,6,2,19.2,18,1,20,0,5,0,1
ACC-14949,Growth,Annual,5,8,109.1,12.4,43.9,4,1,1.0,76,0,10,0,3,0,0
ACC-14950,Starter,Monthly,2,2,29.1,7.5,91.0,11,1,20.8,28,0,10,0,2,0,0
ACC-14951,Starter,Annual,1,27,27.6,13.6,38.7,0,1,4.4,50,1,10,1,3,0,0
ACC-14952,Starter,Monthly,4,22,35.0,7.3,37.5,5,5,32.9,48,0,0,1,1,0,0
ACC-14953,Growth,Monthly,11,5,143.0,1.4,43.0,1,2,6.3,24,0,0,0,1,0,0
ACC-14954,Growth,Annual,10,71,139.0,9.8,67.3,6,1,10.3,-22,0,0,0,1,0,0
ACC-14955,Growth,Annual,6,9,113.1,21.9,62.7,9,4,14.5,-17,0,10,1,0,0,0
ACC-14956,Starter,Monthly,1,21,27.6,17.8,70.5,2,2,18.8,71,0,10,1,1,0,0
ACC-14957,Growth,Annual,8,43,131.0,14.7,100.0,4,1,7.1,37,0,0,1,3,0,0
ACC-14958,Starter,Monthly,1,3,30.5,13.5,73.1,3,0,3.4,64,1,0,1,2,0,0
ACC-14959,Growth,Annual,6,38,123.0,9.8,74.8,8,3,20.2,12,1,0,1,2,0,0
ACC-14960,Growth,Monthly,10,22,139.0,16.4,100.0,5,3,11.7,18,0,0,1,7,0,0
ACC-14961,Starter,Monthly,3,3,24.8,15.4,65.8,1,3,1.2,17,0,30,1,3,0,0
ACC-14962,Starter,Monthly,4,20,26.3,11.5,46.4,23,1,15.4,-28,0,30,0,3,0,0
ACC-14963,Growth,Monthly,4,37,115.0,13.2,48.3,15,0,12.6,18,0,0,1,3,0,0
ACC-14964,Growth,Annual,21,29,163.2,2.4,78.2,5,1,14.4,19,0,20,0,2,0,0
ACC-14965,Starter,Monthly,2,26,32.0,9.1,27.5,9,1,2.3,30,0,0,1,4,0,0
ACC-14966,Enterprise,Monthly,33,3,623.1,4.8,12.2,0,3,12.8,21,0,10,0,3,0,1
ACC-14967,Growth,Monthly,11,4,143.0,4.7,36.9,1,4,27.3,78,0,0,0,3,0,0
ACC-14968,Enterprise,Annual,34,14,631.1,14.8,73.0,9,5,2.8,10,0,10,1,1,0,0
ACC-14969,Starter,Monthly,1,16,27.6,4.4,68.0,1,0,19.5,59,0,10,0,3,0,0
ACC-14970,Growth,Monthly,5,52,119.0,16.6,51.5,0,1,3.9,41,0,0,0,0,0,0
ACC-14971,Enterprise,Annual,38,11,703.0,18.2,78.5,6,1,7.4,31,0,0,0,3,0,0
ACC-14972,Growth,Monthly,11,6,143.0,11.6,68.4,0,2,9.0,56,0,0,1,5,0,0
ACC-14973,Growth,Annual,4,4,85.3,8.4,62.6,1,0,28.8,18,0,30,0,5,0,0
ACC-14974,Starter,Annual,3,1,33.5,18.2,54.6,1,0,5.1,12,1,0,1,2,0,0
ACC-14975,Starter,Monthly,4,1,29.2,15.3,74.7,5,2,6.1,17,1,20,1,1,0,1
ACC-14976,Starter,Annual,1,15,30.5,19.2,71.6,7,3,40.8,37,0,0,1,5,0,0
ACC-14977,Starter,Annual,2,3,29.1,5.5,49.0,1,2,27.2,-34,0,10,0,3,0,0
ACC-14978,Starter,Monthly,1,34,30.5,10.4,72.9,4,0,14.1,24,1,0,1,2,0,0
ACC-14979,Starter,Monthly,2,16,32.0,10.7,40.6,0,2,7.6,54,0,0,1,4,0,0
ACC-14980,Enterprise,Annual,14,36,431.2,13.3,60.2,2,1,31.4,29,1,20,1,1,0,0
ACC-14981,Starter,Monthly,4,10,35.0,15.7,63.8,1,3,16.5,34,0,0,1,2,0,0
ACC-14982,Growth,Annual,11,16,123.2,12.8,47.6,1,1,8.0,46,0,20,0,1,0,0
ACC-14983,Growth,Monthly,13,13,151.0,20.0,58.0,2,2,7.6,33,0,0,0,7,0,0
ACC-14984,Growth,Monthly,13,78,141.1,9.8,68.4,10,1,12.2,-27,1,10,1,2,0,0
ACC-14985,Starter,Monthly,11,29,45.5,5.7,31.2,18,1,59.4,81,0,0,1,1,0,0
ACC-14986,Growth,Monthly,12,16,137.1,8.0,59.0,7,4,20.6,100,0,10,1,1,0,0
ACC-14987,Growth,Monthly,11,17,123.2,7.3,100.0,0,1,22.7,83,0,20,0,1,0,0
ACC-14988,Growth,Annual,7,5,127.0,9.3,36.8,6,0,9.8,23,0,0,1,1,0,0
ACC-14989,Growth,Annual,11,24,123.2,10.4,77.7,8,2,75.1,-1,0,20,1,3,0,0
ACC-14990,Enterprise,Annual,32,73,615.1,10.6,52.9,1,1,10.5,83,0,10,1,3,0,0
ACC-14991,Growth,Annual,8,2,131.0,13.4,81.0,2,1,1.0,35,0,0,0,3,0,0
ACC-14992,Starter,Annual,4,18,29.2,9.2,39.1,3,0,32.3,63,0,20,1,3,0,0
ACC-14993,Growth,Monthly,12,13,147.0,18.3,55.1,2,0,14.4,-5,0,0,1,0,0,0
ACC-14994,Starter,Annual,3,34,27.7,0.4,100.0,4,2,3.3,48,1,20,1,1,1,0
ACC-14995,Enterprise,Monthly,31,1,647.0,0.0,51.2,1,0,1.0,44,0,0,1,3,1,0
ACC-14996,Starter,Annual,1,3,27.6,18.0,68.9,4,4,97.0,78,0,10,1,4,0,0
ACC-14997,Starter,Annual,4,1,32.1,17.5,68.1,8,2,20.8,59,0,10,0,1,1,1
ACC-14998,Growth,Monthly,10,3,139.0,19.4,10.4,4,4,12.5,36,0,0,1,1,0,0
ACC-14999,Growth,Monthly,3,22,91.2,15.8,64.8,1,1,8.1,96,0,20,1,1,0,0
ACC-15000,Starter,Monthly,1,3,30.5,12.0,27.8,10,3,1.5,21,1,0,1,5,0,0
ACC-15001,Growth,Monthly,5,18,99.2,10.4,68.9,3,0,20.7,84,1,20,0,3,0,0
ACC-15002,Enterprise,Monthly,22,36,535.1,2.4,57.6,3,1,9.2,50,0,10,1,1,0,0
ACC-15003,Starter,Monthly,1,1,30.5,12.9,30.5,3,1,91.5,56,0,0,1,3,0,0
ACC-15004,Enterprise,Monthly,34,1,671.0,3.4,28.8,2,0,2.3,100,0,0,1,2,0,0
ACC-15005,Starter,Annual,3,83,27.7,26.8,53.4,6,0,5.7,-45,0,20,1,1,0,0
ACC-15006,Growth,Annual,14,20,155.0,5.8,100.0,1,0,10.3,-19,0,0,0,2,0,0
ACC-15007,Growth,Annual,13,3,141.1,11.5,90.7,9,1,31.9,71,0,10,1,0,0,0
ACC-15008,Starter,Annual,2,7,32.0,21.0,62.9,4,1,30.0,62,0,0,1,2,0,0
ACC-15009,Starter,Monthly,3,76,33.5,9.8,66.3,13,0,5.6,34,0,0,1,3,0,0
ACC-15010,Starter,Monthly,10,5,38.2,9.8,68.2,17,0,9.0,69,0,20,1,1,0,0
ACC-15011,Growth,Annual,23,25,191.0,0.0,43.2,3,3,1.2,-9,0,0,0,2,0,0
ACC-15012,Growth,Annual,6,5,103.2,4.1,39.8,1,1,9.5,98,0,20,0,3,0,0
ACC-15013,Growth,Monthly,10,9,139.0,15.4,73.7,4,2,3.7,79,0,0,1,3,0,0
ACC-15014,Starter,Annual,2,38,32.0,22.0,41.8,2,0,50.4,89,1,0,0,0,0,0
ACC-15015,Starter,Annual,2,1,23.3,6.7,86.7,3,0,33.0,-25,0,30,1,1,0,1
ACC-15016,Starter,Annual,5,7,36.5,13.2,25.2,3,0,3.6,67,1,0,0,2,0,0
ACC-15017,Starter,Annual,3,12,30.6,28.3,35.2,4,0,13.5,30,0,10,1,1,0,0
ACC-15018,Growth,Monthly,17,18,167.0,15.4,86.1,4,3,63.6,100,1,0,1,0,0,0
ACC-15019,Enterprise,Annual,58,1,863.0,17.9,48.7,6,1,10.6,39,0,0,0,1,0,0
ACC-15020,Growth,Annual,6,10,123.0,7.4,52.3,0,0,11.9,-1,0,0,1,3,0,0
ACC-15021,Starter,Monthly,3,8,27.7,21.3,69.2,2,1,8.4,50,0,20,1,1,0,0
ACC-15022,Enterprise,Annual,8,1,463.0,7.8,80.5,1,1,13.6,-29,1,0,1,1,0,0
ACC-15023,Growth,Monthly,5,8,109.1,6.8,68.4,7,0,18.2,67,0,10,1,0,0,0
ACC-15024,Enterprise,Monthly,12,48,495.0,20.9,61.3,11,3,1.9,15,0,0,0,2,0,0
ACC-15025,Growth,Monthly,5,6,99.2,8.2,72.6,8,3,1.9,24,1,20,1,5,0,0
ACC-15026,Starter,Monthly,1,16,24.7,12.0,64.0,22,2,29.3,39,0,20,1,0,1,1
ACC-15027,Starter,Monthly,2,6,29.1,21.8,78.9,0,0,81.2,19,0,10,1,2,0,0
ACC-15028,Growth,Annual,10,2,109.3,6.5,100.0,4,0,13.5,87,0,30,1,2,0,0
ACC-15029,Starter,Monthly,8,6,38.1,10.6,66.1,14,2,39.5,20,1,10,1,2,0,1
ACC-15030,Starter,Monthly,2,11,26.2,8.3,36.1,2,2,40.6,48,0,20,1,2,0,0
ACC-15031,Growth,Monthly,4,6,95.2,10.0,77.9,10,3,9.2,50,0,20,0,6,0,0
ACC-15032,Growth,Monthly,9,18,115.2,12.2,51.8,5,0,8.0,31,0,20,1,2,0,0
ACC-15033,Growth,Annual,13,54,151.0,20.0,62.4,23,2,26.2,2,0,0,0,2,0,0
ACC-15034,Starter,Annual,3,1,27.7,21.9,63.1,3,2,48.3,-50,0,20,1,2,0,1
ACC-15035,Starter,Annual,2,23,32.0,12.9,42.2,3,1,38.4,69,0,0,1,2,0,0
ACC-15036,Growth,Annual,10,1,139.0,7.6,46.8,1,3,7.7,-6,0,0,0,5,0,0
ACC-15037,Enterprise,Monthly,24,1,591.0,16.1,4.2,1,0,8.8,100,0,0,1,0,0,0
ACC-15038,Growth,Annual,27,3,197.1,12.0,52.8,12,4,26.7,8,0,10,0,4,0,0
ACC-15039,Enterprise,Annual,30,12,639.0,12.2,67.3,3,4,7.6,74,0,0,0,2,0,1
ACC-15040,Growth,Monthly,6,1,123.0,5.8,55.3,6,0,38.2,35,0,0,0,1,0,0
ACC-15041,Growth,Annual,7,23,117.1,2.3,44.9,8,1,14.2,85,0,10,1,1,0,0
ACC-15042,Starter,Annual,1,1,30.5,11.9,63.3,3,0,6.9,43,0,0,1,1,0,0
ACC-15043,Growth,Annual,14,12,155.0,5.6,34.3,18,3,6.7,47,0,0,1,3,0,0
ACC-15044,Growth,Monthly,15,20,149.1,8.8,31.7,17,2,30.6,-10,0,10,0,5,0,0
ACC-15045,Growth,Annual,12,5,137.1,20.9,66.6,7,1,2.7,57,0,10,1,1,0,0
ACC-15046,Growth,Monthly,12,16,117.3,11.6,67.8,32,0,53.7,63,0,30,1,1,0,0
ACC-15047,Growth,Monthly,2,5,87.2,18.6,66.2,0,2,10.7,36,1,20,1,2,0,0
ACC-15048,Starter,Monthly,1,4,30.5,13.8,48.4,0,3,37.1,69,0,0,1,2,0,0
ACC-15049,Growth,Monthly,11,31,143.0,15.5,79.1,0,2,31.4,44,0,0,1,0,0,0
ACC-15050,Starter,Monthly,3,7,30.6,8.7,30.3,17,0,30.2,73,0,10,0,2,0,0
ACC-15051,Growth,Monthly,7,30,127.0,18.9,48.5,6,2,22.4,34,0,0,1,2,0,0
ACC-15052,Starter,Annual,3,4,24.8,13.9,71.5,16,0,13.8,69,0,30,0,0,0,0
ACC-15053,Starter,Annual,5,8,36.5,10.4,73.9,1,1,9.9,39,0,0,1,3,0,0
ACC-15054,Starter,Annual,2,2,29.1,13.9,38.0,0,0,17.4,100,0,10,1,1,0,0
ACC-15055,Growth,Monthly,20,12,169.1,7.7,100.0,5,1,15.0,18,0,10,1,5,0,0
ACC-15056,Starter,Monthly,1,9,21.8,10.2,52.1,1,0,8.6,27,1,30,0,1,0,0
ACC-15057,Starter,Annual,1,1,21.8,11.7,56.9,12,1,13.6,7,0,30,0,1,1,1
ACC-15058,Growth,Monthly,14,11,125.3,8.8,76.5,3,1,9.1,16,0,30,0,4,0,0
ACC-15059,Starter,Annual,1,1,21.8,21.4,89.1,9,1,21.5,12,0,30,1,1,0,0
ACC-15060,Enterprise,Annual,30,33,639.0,9.5,56.4,4,4,36.0,100,0,0,1,0,0,0
ACC-15061,Enterprise,Monthly,12,12,495.0,24.5,80.8,5,1,30.9,100,0,0,1,4,1,0
ACC-15062,Growth,Annual,15,21,159.0,12.4,45.0,7,1,8.3,26,0,0,0,0,0,0
ACC-15063,Starter,Annual,6,31,32.2,10.6,91.7,2,2,14.2,80,0,20,0,4,0,0
ACC-15064,Growth,Monthly,6,1,113.1,9.0,55.8,18,3,1.0,24,0,10,0,0,0,1
ACC-15065,Starter,Monthly,6,7,35.1,14.5,61.9,3,1,40.8,45,0,10,0,2,0,0
ACC-15066,Growth,Monthly,8,1,131.0,17.4,47.4,3,3,5.6,84,1,0,1,1,0,1
ACC-15067,Starter,Monthly,4,1,35.0,0.0,59.8,7,0,11.6,22,0,0,1,3,0,0
ACC-15068,Enterprise,Monthly,37,1,695.0,12.0,38.9,6,3,3.3,-5,1,0,1,3,0,0
ACC-15069,Starter,Monthly,9,12,39.6,0.1,53.6,33,1,22.7,47,1,10,1,1,0,1
ACC-15070,Growth,Monthly,16,11,163.0,17.9,55.4,11,2,15.8,2,0,0,1,2,0,0
ACC-15071,Growth,Annual,16,1,153.1,18.0,31.8,2,0,9.1,31,0,10,1,1,0,0
ACC-15072,Growth,Monthly,12,5,147.0,12.2,42.4,1,1,15.3,41,0,0,1,5,0,0
ACC-15073,Starter,Monthly,2,5,32.0,13.3,8.8,1,1,3.7,54,0,0,1,4,0,0
ACC-15074,Enterprise,Monthly,15,6,519.0,3.4,27.7,3,3,29.9,54,0,0,1,2,0,0
ACC-15075,Growth,Monthly,23,18,161.3,8.7,54.7,4,2,6.2,41,0,30,0,2,0,0
ACC-15076,Growth,Monthly,10,21,129.1,8.3,76.1,6,0,19.1,60,0,10,1,1,0,1
ACC-15077,Starter,Monthly,1,7,27.6,9.3,47.1,12,1,45.9,85,0,10,0,0,0,0
ACC-15078,Growth,Monthly,6,28,113.1,17.2,54.3,27,2,1.0,60,0,10,0,3,0,0
ACC-15079,Starter,Annual,3,10,33.5,19.7,80.6,3,1,9.8,67,0,0,1,5,0,0
ACC-15080,Starter,Annual,3,13,33.5,15.7,73.3,5,2,2.9,-1,0,0,1,1,0,0
ACC-15081,Starter,Monthly,1,3,24.7,10.1,73.0,6,0,47.9,38,0,20,1,0,0,0
ACC-15082,Growth,Monthly,6,5,93.3,7.5,57.6,5,0,8.9,45,0,30,1,1,0,0
ACC-15083,Starter,Annual,6,23,38.0,12.5,44.2,1,0,4.8,100,0,0,0,3,0,0
ACC-15084,Starter,Annual,1,68,30.5,13.8,63.7,1,1,22.6,-47,0,0,0,1,0,0
ACC-15085,Growth,Monthly,13,22,151.0,10.7,83.2,13,0,15.7,61,0,0,1,3,0,0
ACC-15086,Growth,Annual,3,1,111.0,8.0,94.8,7,1,34.0,49,0,0,0,2,0,0
ACC-15087,Starter,Monthly,1,3,27.6,15.7,100.0,7,2,28.0,56,0,10,1,3,0,0
ACC-15088,Growth,Monthly,10,11,139.0,16.3,88.7,10,2,73.5,-18,0,0,0,3,0,0
ACC-15089,Starter,Annual,4,24,26.3,4.1,56.0,1,0,1.9,37,0,30,1,4,0,0
ACC-15090,Starter,Annual,1,3,30.5,9.7,28.5,3,0,1.7,96,0,0,1,4,0,0
ACC-15091,Starter,Annual,2,25,32.0,16.7,68.2,2,2,47.6,-10,1,0,1,2,0,0
ACC-15092,Growth,Monthly,13,15,121.3,17.9,79.1,6,1,62.3,55,0,30,1,2,1,0
ACC-15093,Starter,Monthly,3,27,30.6,12.4,2.0,1,1,10.4,10,0,10,1,1,0,0
ACC-15094,Starter,Monthly,3,15,33.5,14.2,22.5,7,0,12.2,89,0,0,1,0,0,0
ACC-15095,Starter,Monthly,5,17,36.5,13.5,44.9,3,4,9.2,59,0,0,1,6,0,0
ACC-15096,Growth,Annual,4,5,115.0,17.7,38.1,3,1,30.1,47,0,0,0,2,0,0
ACC-15097,Starter,Annual,1,23,21.8,5.3,19.6,10,3,29.5,4,0,30,0,1,0,0
ACC-15098,Starter,Annual,3,33,33.5,13.6,63.4,3,1,5.0,25,0,0,1,0,0,0
ACC-15099,Starter,Annual,2,37,23.3,6.7,82.3,2,3,9.7,17,0,30,1,1,0,0
ACC-15100,Starter,Monthly,2,1,32.0,18.5,50.9,11,2,4.8,-1,0,0,1,3,0,0
ACC-15101,Growth,Annual,12,18,117.3,5.6,18.5,7,0,1.0,25,0,30,0,0,0,0
ACC-15102,Growth,Annual,13,82,131.2,14.5,59.5,3,0,1.2,-38,1,20,0,4,0,0
ACC-15103,Starter,Monthly,2,16,32.0,6.7,30.6,4,3,3.2,55,0,0,0,2,0,0
ACC-15104,Starter,Annual,1,3,30.5,16.5,32.8,3,0,1.0,15,0,0,1,3,0,0
ACC-15105,Starter,Monthly,5,38,27.8,14.6,76.1,5,1,11.0,5,1,30,1,5,0,0
ACC-15106,Starter,Annual,2,6,29.1,13.4,81.4,1,1,1.3,-20,0,10,1,2,0,0
ACC-15107,Starter,Monthly,4,1,29.2,23.8,48.6,13,2,37.6,45,0,20,1,1,0,0
ACC-15108,Growth,Monthly,5,10,109.1,7.8,71.1,5,3,24.9,98,1,10,1,3,0,0
ACC-15109,Enterprise,Annual,18,2,543.0,17.6,31.4,3,3,30.6,19,0,0,0,2,0,0
ACC-15110,Enterprise,Annual,44,2,671.2,19.0,66.6,5,4,19.2,78,0,20,1,1,0,0
ACC-15111,Enterprise,Monthly,58,11,783.2,17.6,46.6,1,3,21.8,50,1,20,1,4,0,0
ACC-15112,Growth,Monthly,11,17,133.1,7.9,25.8,0,0,2.4,24,0,10,1,1,0,0
ACC-15113,Growth,Monthly,7,42,117.1,10.6,35.0,5,3,1.2,98,0,10,0,2,0,0
ACC-15114,Starter,Monthly,2,22,32.0,8.4,64.0,0,1,90.6,-30,0,0,0,0,0,0
ACC-15115,Growth,Annual,22,33,157.3,10.2,22.4,6,2,9.3,35,0,30,1,1,0,0
ACC-15116,Growth,Annual,10,10,139.0,7.0,48.8,10,0,1.1,18,0,0,1,3,0,0
ACC-15117,Growth,Monthly,10,7,129.1,9.8,78.5,27,4,3.5,41,0,10,1,0,0,1
ACC-15118,Growth,Annual,9,16,135.0,20.8,44.2,9,3,41.5,-10,0,0,1,3,0,0
ACC-15119,Starter,Monthly,3,21,30.6,10.1,21.1,22,2,4.6,58,0,10,1,2,0,0
ACC-15120,Starter,Annual,3,15,33.5,12.6,48.9,0,1,12.6,-27,0,0,1,1,0,0
ACC-15121,Enterprise,Monthly,52,6,815.0,7.6,69.9,5,0,22.0,53,1,0,1,4,0,0
ACC-15122,Starter,Monthly,2,8,32.0,11.9,26.5,1,0,67.6,12,0,0,0,0,0,0
ACC-15123,Growth,Annual,7,11,127.0,17.0,81.1,2,1,1.0,46,0,0,1,0,0,0
ACC-15124,Enterprise,Monthly,58,1,863.0,14.9,71.8,8,3,13.4,5,0,0,1,1,0,0
ACC-15125,Growth,Annual,12,38,147.0,20.5,62.7,2,4,110.6,0,0,0,1,1,0,0
ACC-15126,Growth,Annual,13,13,141.1,4.7,67.7,1,1,2.6,86,0,10,1,3,0,0
ACC-15127,Starter,Monthly,9,25,42.5,7.5,57.8,3,1,2.6,90,0,0,1,3,0,0
ACC-15128,Starter,Monthly,8,3,41.0,9.5,62.4,1,2,1.8,-10,0,0,1,2,0,0
ACC-15129,Enterprise,Annual,15,15,439.2,21.1,56.6,1,4,14.2,36,0,20,1,4,0,0
ACC-15130,Growth,Annual,14,47,155.0,13.8,74.4,1,4,8.6,57,0,0,1,0,0,0
ACC-15131,Growth,Monthly,6,4,123.0,3.5,83.4,2,1,25.2,28,0,0,1,2,0,0
ACC-15132,Starter,Monthly,1,8,30.5,18.6,36.9,12,1,16.9,29,0,0,1,2,0,0
ACC-15133,Starter,Annual,2,9,32.0,12.7,39.6,2,7,17.4,55,0,0,1,1,0,0
ACC-15134,Enterprise,Monthly,42,9,655.2,17.3,46.4,2,0,14.3,49,0,20,1,2,1,0
ACC-15135,Starter,Monthly,2,17,32.0,21.5,41.6,1,0,96.7,14,0,0,1,1,0,0
ACC-15136,Growth,Monthly,9,9,125.1,6.1,79.9,0,1,15.5,48,0,10,1,1,0,0
ACC-15137,Starter,Annual,1,20,30.5,21.5,22.0,1,1,1.5,21,0,0,0,4,0,0
ACC-15138,Growth,Annual,4,12,115.0,11.6,66.9,8,0,7.8,18,0,0,1,4,0,0
ACC-15139,Enterprise,Annual,27,3,575.1,9.5,85.5,21,4,30.3,4,0,10,1,2,0,0
ACC-15140,Growth,Annual,9,53,125.1,12.9,42.3,8,2,19.8,4,0,10,1,2,0,0
ACC-15141,Starter,Annual,7,5,39.5,4.8,87.4,12,2,23.0,39,0,0,0,2,0,0
ACC-15142,Growth,Monthly,12,15,147.0,11.9,80.5,9,1,51.0,-24,0,0,0,5,0,0
ACC-15143,Growth,Annual,7,1,97.3,10.5,47.3,2,4,11.7,-25,0,30,1,2,0,0
ACC-15144,Starter,Monthly,3,45,33.5,6.4,73.0,8,0,1.0,24,0,0,0,3,0,0
ACC-15145,Enterprise,Annual,58,47,823.1,8.1,36.8,8,3,92.3,30,0,10,1,3,0,0
ACC-15146,Growth,Monthly,17,8,157.1,18.8,30.8,2,0,12.1,-7,0,10,1,4,0,0
ACC-15147,Enterprise,Monthly,42,2,735.0,10.9,44.8,15,2,2.1,91,0,0,0,2,0,0
ACC-15148,Growth,Annual,13,26,151.0,6.1,84.7,37,0,15.9,4,0,0,1,4,0,0
ACC-15149,Starter,Annual,1,5,30.5,14.7,44.9,5,1,17.8,7,1,0,1,3,1,0
ACC-15150,Starter,Monthly,2,22,23.3,16.6,55.9,2,1,16.6,4,0,30,0,2,0,0
ACC-15151,Starter,Annual,1,44,21.8,12.0,32.9,3,0,67.0,63,0,30,0,2,0,0
ACC-15152,Enterprise,Monthly,52,16,815.0,4.6,74.1,5,0,7.7,89,0,0,1,2,0,0
ACC-15153,Growth,Monthly,20,36,179.0,0.0,73.3,0,2,1.0,-4,0,0,1,0,0,0
ACC-15154,Growth,Annual,3,5,111.0,6.6,39.5,2,0,50.5,59,0,0,1,0,0,0
ACC-15155,Starter,Monthly,5,43,30.7,18.3,4.0,0,3,4.2,39,0,20,1,0,0,0
ACC-15156,Starter,Annual,3,5,33.5,17.8,47.0,6,0,27.7,3,0,0,1,2,0,0
ACC-15157,Growth,Monthly,7,5,127.0,7.2,64.7,6,1,4.6,39,0,0,0,3,1,0
ACC-15158,Growth,Annual,13,38,141.1,10.6,54.7,5,2,35.3,-16,0,10,1,1,0,0
ACC-15159,Starter,Annual,4,15,29.2,16.2,56.8,1,1,47.4,21,0,20,1,0,0,0
ACC-15160,Growth,Monthly,7,29,127.0,11.2,62.7,17,1,2.2,-5,0,0,1,1,0,0
ACC-15161,Starter,Monthly,2,29,32.0,17.6,43.8,5,1,3.2,18,0,0,0,0,0,0
ACC-15162,Starter,Annual,1,19,24.7,11.4,27.4,5,2,51.9,32,1,20,1,2,0,0
ACC-15163,Growth,Annual,28,4,211.0,14.9,71.3,5,3,29.5,82,0,0,1,3,0,0
ACC-15164,Starter,Monthly,1,21,27.6,10.1,35.5,4,1,1.0,32,0,10,0,0,0,0
ACC-15165,Enterprise,Monthly,33,1,663.0,7.3,28.6,17,1,4.0,-5,1,0,1,2,0,1
ACC-15166,Starter,Monthly,8,4,38.1,19.0,66.0,6,2,10.6,31,0,10,1,4,0,0
ACC-15167,Starter,Monthly,2,19,32.0,3.0,30.7,4,1,39.9,-43,0,0,1,2,0,0
ACC-15168,Starter,Monthly,3,43,33.5,8.4,37.0,9,3,3.3,60,0,0,1,2,0,0
ACC-15169,Growth,Monthly,3,27,101.1,11.4,89.8,2,2,25.8,2,0,10,1,3,1,0
ACC-15170,Starter,Annual,2,7,26.2,17.2,89.9,1,0,1.7,96,0,20,0,3,0,0
ACC-15171,Growth,Annual,6,31,103.2,6.7,81.2,3,2,12.6,62,0,20,0,2,0,0
ACC-15172,Starter,Annual,2,61,32.0,12.8,71.7,0,1,26.1,34,0,0,0,1,0,0
ACC-15173,Starter,Annual,4,7,26.3,3.7,80.4,2,1,1.3,20,1,30,1,3,0,0
ACC-15174,Starter,Annual,1,4,30.5,14.6,98.2,3,1,4.6,15,0,0,1,2,0,0
ACC-15175,Growth,Monthly,8,4,131.0,22.9,79.1,5,2,31.4,17,0,0,1,0,0,0
ACC-15176,Enterprise,Annual,25,9,519.2,0.2,60.5,5,1,3.6,30,0,20,1,2,0,0
ACC-15177,Starter,Annual,5,1,36.5,7.6,74.2,3,2,22.0,16,0,0,1,2,0,0
ACC-15178,Growth,Annual,10,12,139.0,17.0,44.8,3,1,20.6,49,1,0,0,2,0,0
ACC-15179,Enterprise,Monthly,44,24,671.2,29.7,58.2,0,0,14.7,81,0,20,0,4,0,0
ACC-15180,Starter,Annual,1,14,30.5,15.5,59.2,13,3,4.5,34,0,0,1,2,0,0
ACC-15181,Growth,Annual,14,63,155.0,7.6,52.0,2,1,10.8,69,0,0,1,2,0,0
ACC-15182,Starter,Annual,2,11,23.3,11.1,48.1,3,3,19.4,-16,1,30,1,2,0,0
ACC-15183,Enterprise,Monthly,30,1,639.0,4.6,83.3,0,1,42.7,42,1,0,1,1,0,0
ACC-15184,Growth,Annual,2,11,107.0,16.8,34.0,19,0,32.0,33,0,0,1,3,0,0
ACC-15185,Enterprise,Annual,31,48,567.2,18.3,58.3,4,1,18.7,-19,0,20,1,2,0,0
ACC-15186,Growth,Monthly,7,2,107.2,20.4,26.6,0,3,5.2,21,0,20,0,1,1,0
ACC-15187,Starter,Annual,2,5,29.1,10.0,10.8,2,2,4.9,60,0,10,1,0,0,0
ACC-15188,Enterprise,Monthly,46,23,727.1,7.2,81.3,13,2,33.6,-64,0,10,1,6,0,0
ACC-15189,Starter,Annual,1,6,24.7,21.0,83.3,3,5,21.8,23,1,20,1,0,0,0
ACC-15190,Starter,Annual,3,26,30.6,20.3,44.3,7,4,8.9,14,0,10,0,5,0,0
ACC-15191,Growth,Monthly,9,10,105.3,6.1,56.1,6,1,71.1,39,0,30,1,4,0,0
ACC-15192,Growth,Monthly,17,29,167.0,9.7,48.6,4,1,44.1,62,0,0,1,2,0,0
ACC-15193,Enterprise,Annual,30,14,639.0,16.7,48.7,11,2,22.3,54,0,0,1,2,0,0
ACC-15194,Starter,Monthly,2,2,32.0,10.5,44.3,0,0,9.2,64,0,0,1,5,0,0
ACC-15195,Growth,Monthly,5,9,119.0,12.2,65.1,15,2,7.4,71,0,0,1,3,0,0
ACC-15196,Growth,Annual,3,7,91.2,3.2,46.6,8,1,56.1,17,0,20,0,3,0,0
ACC-15197,Starter,Monthly,1,30,30.5,5.3,64.1,12,0,11.7,-55,0,0,1,2,0,0
ACC-15198,Starter,Monthly,2,18,29.1,11.5,91.7,0,4,32.2,54,0,10,0,4,0,0
ACC-15199,Starter,Annual,2,27,32.0,7.8,63.6,1,1,56.2,-5,0,0,1,3,0,0
ACC-15200,Starter,Monthly,1,8,30.5,5.1,57.7,1,1,13.5,40,0,0,1,3,1,0
ACC-15201,Enterprise,Monthly,28,21,623.0,10.1,42.4,5,0,21.2,-20,0,0,1,1,0,0
ACC-15202,Growth,Annual,18,1,141.3,6.7,54.7,1,1,1.8,4,0,30,0,6,0,0
ACC-15203,Growth,Annual,7,1,127.0,12.2,18.3,16,1,21.1,50,0,0,1,3,1,1
ACC-15204,Enterprise,Annual,48,6,783.0,18.0,88.9,8,1,4.8,14,1,0,1,3,0,0
ACC-15205,Starter,Annual,2,27,29.1,10.2,33.9,10,1,22.2,-28,0,10,1,1,0,0
ACC-15206,Growth,Annual,6,14,123.0,9.4,12.8,5,3,2.1,-17,0,0,1,3,0,0
ACC-15207,Starter,Monthly,4,9,35.0,18.4,52.7,6,0,13.7,69,0,0,1,0,0,0
ACC-15208,Enterprise,Monthly,48,41,783.0,16.4,62.8,1,2,14.7,18,0,0,1,0,0,0
ACC-15209,Starter,Monthly,1,12,30.5,16.8,84.1,14,1,13.2,18,0,0,1,2,0,0
ACC-15210,Enterprise,Monthly,28,17,623.0,0.0,60.4,6,0,28.3,9,0,0,0,2,0,1
ACC-15211,Starter,Annual,3,77,30.6,9.3,75.4,3,2,28.1,-23,0,10,1,0,0,0
ACC-15212,Starter,Annual,2,13,32.0,8.6,75.5,13,5,24.5,21,1,0,1,1,0,0
ACC-15213,Growth,Monthly,8,28,131.0,7.0,73.3,12,0,20.0,73,0,0,1,3,0,0
ACC-15214,Starter,Annual,6,10,38.0,18.3,30.1,0,0,47.0,3,0,0,1,2,0,0
ACC-15215,Growth,Monthly,25,1,199.0,8.7,66.2,16,1,17.1,-36,0,0,0,3,0,0
ACC-15216,Starter,Monthly,4,32,35.0,3.7,24.5,3,3,8.6,57,0,0,1,5,0,0
ACC-15217,Growth,Annual,19,52,155.2,13.5,98.9,3,0,1.2,33,0,20,1,1,0,0
ACC-15218,Starter,Monthly,1,10,30.5,12.0,70.3,1,0,15.3,37,0,0,0,3,0,0
ACC-15219,Starter,Monthly,3,13,33.5,6.5,41.3,13,0,5.2,43,0,0,1,2,0,0
ACC-15220,Starter,Monthly,4,10,35.0,18.1,63.3,5,1,9.8,-31,0,0,1,1,0,0
ACC-15221,Growth,Monthly,13,96,141.1,15.2,32.8,14,1,1.0,26,0,10,1,3,0,0
ACC-15222,Starter,Annual,7,42,39.5,15.2,20.8,9,0,20.5,38,0,0,1,2,0,0
ACC-15223,Starter,Annual,2,1,32.0,14.9,74.3,14,0,43.6,28,0,0,1,4,0,0
ACC-15224,Starter,Monthly,2,27,23.3,18.5,33.4,18,0,7.9,28,0,30,1,2,0,0
ACC-15225,Starter,Monthly,3,17,30.6,11.1,51.0,13,0,32.7,70,0,10,1,1,1,1
ACC-15226,Growth,Annual,11,1,133.1,4.6,59.5,1,0,2.7,45,0,10,0,4,0,0
ACC-15227,Enterprise,Annual,30,11,559.2,10.8,51.0,0,1,25.7,52,0,20,1,1,0,0
ACC-15228,Starter,Monthly,2,3,32.0,2.1,32.4,6,0,1.7,25,1,0,1,2,0,1
ACC-15229,Growth,Monthly,17,37,147.2,5.6,56.3,1,1,6.0,-60,0,20,1,0,0,0
ACC-15230,Growth,Annual,9,1,125.1,21.7,58.3,12,0,8.9,19,0,10,1,3,0,0
ACC-15231,Starter,Annual,1,37,30.5,5.4,74.2,18,1,3.4,29,0,0,1,4,0,0
ACC-15232,Growth,Monthly,11,51,143.0,5.0,100.0,1,1,4.1,23,0,0,1,1,1,0
ACC-15233,Starter,Annual,1,1,27.6,16.0,11.5,2,1,24.0,27,0,10,1,1,0,0
ACC-15234,Growth,Monthly,23,23,191.0,17.2,37.4,6,2,2.0,37,0,0,1,2,0,0
ACC-15235,Starter,Monthly,1,14,30.5,2.0,59.9,8,0,54.3,63,0,0,1,3,0,0
ACC-15236,Growth,Monthly,22,56,157.3,13.5,77.2,4,4,29.3,0,0,30,1,3,0,0
ACC-15237,Growth,Annual,16,29,163.0,8.7,62.6,3,2,8.8,23,0,0,0,2,0,0
ACC-15238,Starter,Monthly,4,21,35.0,14.0,79.7,2,2,19.8,84,0,0,1,2,0,0
ACC-15239,Starter,Monthly,1,47,27.6,10.2,22.4,7,1,25.4,-27,1,10,0,3,0,0
ACC-15240,Enterprise,Monthly,73,3,983.0,3.8,48.0,8,3,18.1,20,0,0,1,0,0,1
ACC-15241,Starter,Annual,3,8,24.8,9.1,87.2,2,1,19.3,-46,0,30,0,4,1,0
ACC-15242,Growth,Monthly,6,33,113.1,15.8,36.1,2,1,49.5,21,0,10,1,4,0,0
ACC-15243,Enterprise,Monthly,29,2,591.1,23.7,2.0,4,2,42.6,34,0,10,1,2,0,0
ACC-15244,Growth,Monthly,6,49,113.1,14.3,37.0,4,2,49.0,-34,0,10,1,4,0,0
ACC-15245,Growth,Annual,10,25,109.3,9.7,64.6,11,0,43.3,37,0,30,1,3,1,0
ACC-15246,Growth,Monthly,12,10,147.0,4.9,53.4,3,0,23.1,6,0,0,1,1,0,0
ACC-15247,Enterprise,Monthly,45,7,679.2,11.0,26.7,23,4,13.5,68,0,20,1,3,0,0
ACC-15248,Growth,Monthly,25,3,199.0,9.7,39.1,2,1,13.4,47,0,0,1,2,0,0
ACC-15249,Growth,Annual,10,2,129.1,13.8,25.7,7,3,29.5,11,0,10,1,3,0,0
ACC-15250,Starter,Monthly,8,10,38.1,11.6,28.3,9,1,51.5,23,0,10,1,3,0,0
ACC-15251,Enterprise,Annual,23,33,543.1,14.9,35.7,6,4,1.8,84,0,10,0,0,0,0
ACC-15252,Growth,Annual,5,14,119.0,9.8,57.3,3,2,41.9,26,0,0,0,1,0,0
ACC-15253,Starter,Annual,4,11,32.1,22.3,2.5,2,1,37.9,-17,0,10,0,1,0,0
ACC-15254,Enterprise,Monthly,22,7,535.1,15.5,85.0,6,1,1.8,-10,0,10,1,3,0,0
ACC-15255,Growth,Annual,12,3,127.2,7.8,52.7,6,2,21.4,23,0,20,1,2,0,0
ACC-15256,Starter,Monthly,10,83,35.3,18.0,30.7,2,0,71.4,69,0,30,0,1,0,0
ACC-15257,Growth,Monthly,9,1,135.0,5.1,33.6,2,0,38.2,13,0,0,1,4,0,0
ACC-15258,Starter,Annual,3,7,30.6,6.9,41.0,12,3,1.3,-8,0,10,1,1,0,0
ACC-15259,Enterprise,Monthly,15,26,519.0,7.2,55.1,10,3,51.9,30,0,0,0,3,1,0
ACC-15260,Starter,Monthly,1,13,30.5,20.0,58.3,1,2,3.8,41,0,0,0,3,0,0
ACC-15261,Growth,Monthly,11,7,143.0,10.9,50.7,16,1,1.5,48,0,0,0,2,1,1
ACC-15262,Growth,Annual,10,89,139.0,8.2,38.4,6,1,5.2,-30,0,0,1,4,0,0
ACC-15263,Starter,Monthly,3,17,33.5,13.0,54.8,4,2,13.2,41,0,0,1,1,0,0
ACC-15264,Enterprise,Annual,53,6,823.0,15.3,9.4,1,1,33.8,39,0,0,1,3,0,0
ACC-15265,Growth,Annual,3,34,111.0,21.5,28.3,8,2,6.2,15,0,0,1,2,0,0
ACC-15266,Starter,Annual,6,3,38.0,3.0,40.1,15,0,9.9,70,1,0,0,2,0,0
ACC-15267,Growth,Monthly,8,11,101.3,19.6,25.5,0,0,3.0,46,0,30,1,4,0,0
ACC-15268,Enterprise,Annual,22,33,575.0,0.0,50.2,4,0,6.9,0,1,0,1,2,0,0
ACC-15269,Starter,Monthly,1,74,30.5,17.4,25.6,13,2,46.5,46,0,0,1,1,0,0
ACC-15270,Starter,Monthly,3,9,30.6,19.0,92.7,18,1,22.8,-36,0,10,1,2,0,0
ACC-15271,Starter,Monthly,2,3,32.0,19.3,22.9,0,4,22.4,13,1,0,0,1,0,0
ACC-15272,Starter,Monthly,3,15,33.5,15.4,88.2,9,1,5.7,16,0,0,1,1,0,0
ACC-15273,Growth,Monthly,18,52,141.3,5.6,10.9,2,1,3.2,53,0,30,1,2,0,0
ACC-15274,Growth,Monthly,9,20,135.0,16.5,99.1,5,2,43.7,100,0,0,1,2,0,0
ACC-15275,Starter,Monthly,2,17,32.0,5.6,67.8,9,1,57.5,20,0,0,1,1,0,0
ACC-15276,Starter,Monthly,7,7,36.6,6.4,72.4,5,1,1.1,81,0,10,1,2,0,0
ACC-15277,Starter,Annual,3,17,33.5,9.3,25.0,1,2,15.1,78,0,0,0,4,1,0
ACC-15278,Enterprise,Annual,58,39,783.2,9.8,47.9,5,4,11.6,-17,0,20,1,1,0,0
ACC-15279,Starter,Annual,3,8,33.5,13.4,49.3,1,0,26.8,77,0,0,1,4,0,0
ACC-15280,Enterprise,Monthly,25,5,599.0,7.8,52.8,3,0,7.2,5,0,0,1,2,0,0
ACC-15281,Growth,Monthly,14,12,145.1,14.0,83.0,5,2,19.4,30,0,10,1,4,0,0
ACC-15282,Starter,Annual,1,8,21.8,3.8,70.2,29,2,1.7,100,0,30,1,1,0,1
ACC-15283,Enterprise,Monthly,22,11,575.0,12.2,51.4,8,1,34.6,48,0,0,1,3,0,0
ACC-15284,Growth,Annual,4,2,115.0,10.4,77.0,2,1,5.5,7,0,0,1,1,0,0
ACC-15285,Growth,Monthly,3,7,111.0,18.1,81.0,13,2,7.5,46,0,0,0,1,0,0
ACC-15286,Enterprise,Annual,44,32,751.0,18.7,42.5,2,1,9.5,-24,1,0,1,0,0,0
ACC-15287,Starter,Monthly,2,9,29.1,11.0,41.9,3,2,4.6,67,0,10,1,2,0,0
ACC-15288,Starter,Monthly,1,62,30.5,0.2,100.0,6,1,33.1,7,0,0,0,1,0,0
ACC-15289,Growth,Annual,15,22,149.1,3.2,49.7,3,0,1.4,-56,0,10,1,3,0,0
ACC-15290,Starter,Monthly,1,8,24.7,18.7,40.9,8,1,54.2,17,0,20,1,3,0,0
ACC-15291,Starter,Monthly,2,5,29.1,11.1,51.6,6,2,53.4,12,0,10,1,2,0,0
ACC-15292,Starter,Monthly,3,21,27.7,22.5,78.6,7,2,35.1,47,1,20,0,2,0,1
ACC-15293,Starter,Annual,1,6,30.5,17.4,70.8,3,0,60.8,-10,0,0,1,4,0,0
ACC-15294,Growth,Monthly,7,47,117.1,13.5,52.2,0,0,28.6,42,0,10,1,1,0,0
ACC-15295,Starter,Monthly,1,2,24.7,12.8,68.5,12,1,16.5,6,0,20,1,2,0,0
ACC-15296,Growth,Monthly,5,1,119.0,5.1,60.5,0,1,25.6,28,0,0,1,4,0,0
ACC-15297,Growth,Monthly,15,4,149.1,8.2,51.9,4,1,1.0,67,0,10,0,0,0,1
ACC-15298,Starter,Annual,3,17,33.5,14.5,48.4,2,1,23.1,68,0,0,1,2,0,0
ACC-15299,Starter,Monthly,11,32,42.6,9.9,58.3,2,0,1.0,75,0,10,0,1,0,0
ACC-15300,Growth,Monthly,8,3,121.1,14.8,45.8,2,3,43.7,3,0,10,0,3,0,0
ACC-15301,Starter,Monthly,12,16,47.0,18.2,56.6,2,1,45.4,40,0,0,0,7,0,0
ACC-15302,Growth,Monthly,7,3,127.0,10.9,53.9,19,1,2.4,42,0,0,0,2,0,0
ACC-15303,Enterprise,Monthly,20,15,479.2,9.4,23.1,21,4,22.8,74,0,20,1,0,0,0
ACC-15304,Starter,Monthly,1,1,30.5,6.6,43.4,5,2,22.1,19,0,0,1,1,0,0
ACC-15305,Growth,Monthly,15,15,149.1,17.0,49.3,4,0,13.8,-22,1,10,1,2,0,0
ACC-15306,Growth,Annual,13,13,141.1,16.5,95.9,0,2,1.0,60,0,10,0,2,0,0
ACC-15307,Starter,Monthly,7,1,33.7,25.1,51.5,10,1,2.4,77,1,20,1,1,0,0
ACC-15308,Enterprise,Annual,19,21,551.0,13.1,61.0,1,0,21.5,41,0,0,0,0,0,0
ACC-15309,Enterprise,Monthly,27,15,615.0,11.4,100.0,1,1,15.1,-8,0,0,1,1,0,0
ACC-15310,Starter,Monthly,1,18,27.6,14.8,20.3,3,3,1.0,100,0,10,1,1,0,0
ACC-15311,Growth,Monthly,9,14,125.1,10.3,21.2,3,1,14.6,34,0,10,0,3,0,1
ACC-15312,Enterprise,Monthly,27,23,535.2,6.7,37.9,1,0,37.8,7,0,20,1,5,0,0
ACC-15313,Enterprise,Annual,28,13,623.0,12.5,47.7,1,1,44.2,68,0,0,1,0,0,0
ACC-15314,Growth,Annual,9,46,135.0,14.7,49.9,29,0,23.9,88,0,0,0,5,0,0
ACC-15315,Growth,Annual,9,52,125.1,15.1,43.8,8,0,21.7,-26,0,10,1,1,0,0
ACC-15316,Starter,Annual,1,23,30.5,14.7,27.9,5,1,29.3,49,0,0,1,0,0,0
ACC-15317,Enterprise,Monthly,29,44,631.0,18.4,76.4,2,3,2.9,75,0,0,1,2,0,0
ACC-15318,Starter,Monthly,4,46,35.0,15.1,45.0,3,0,4.2,26,0,0,1,2,0,0
ACC-15319,Growth,Annual,15,5,139.2,13.6,81.1,6,0,13.3,35,1,20,1,2,0,0
ACC-15320,Starter,Annual,2,92,32.0,4.4,32.6,9,0,12.0,25,0,0,1,3,0,0
ACC-15321,Starter,Monthly,1,6,24.7,13.5,98.1,18,1,4.1,84,0,20,0,4,0,0
ACC-15322,Starter,Monthly,1,1,30.5,11.0,18.4,1,0,22.7,-9,0,0,1,2,0,0
ACC-15323,Enterprise,Monthly,12,59,455.1,5.3,54.7,1,1,27.0,21,1,10,1,2,0,0
ACC-15324,Starter,Annual,2,5,32.0,15.0,33.0,5,2,6.3,100,0,0,0,0,0,0
ACC-15325,Growth,Monthly,7,16,127.0,15.1,55.8,17,2,7.5,8,0,0,1,2,0,0
ACC-15326,Starter,Monthly,4,64,35.0,14.6,33.5,4,1,6.0,-24,0,0,1,1,0,0
ACC-15327,Starter,Monthly,8,1,35.2,15.3,7.8,6,2,6.5,30,0,20,1,3,0,1
ACC-15328,Starter,Annual,2,6,29.1,12.7,37.8,2,2,9.1,68,0,10,0,9,0,0
ACC-15329,Growth,Monthly,16,17,143.2,10.5,90.1,10,1,11.6,29,0,20,1,2,0,0
ACC-15330,Starter,Annual,1,26,27.6,22.6,33.0,6,3,13.2,13,0,10,1,1,0,0
ACC-15331,Starter,Monthly,5,30,33.6,12.9,66.2,3,0,13.3,48,0,10,0,5,0,0
ACC-15332,Starter,Annual,4,39,35.0,0.0,55.1,5,2,19.2,100,0,0,1,1,0,0
ACC-15333,Starter,Annual,4,3,35.0,0.0,45.0,7,2,8.4,21,0,0,0,1,0,0
ACC-15334,Enterprise,Monthly,28,8,623.0,19.2,100.0,1,1,14.0,100,0,0,1,3,0,0
ACC-15335,Enterprise,Monthly,29,23,631.0,1.0,48.1,3,4,14.1,44,0,0,1,1,0,0
ACC-15336,Starter,Monthly,3,23,33.5,8.7,58.7,2,2,2.0,0,0,0,0,2,0,0
ACC-15337,Growth,Monthly,7,7,127.0,4.7,56.9,19,1,19.9,88,0,0,1,3,0,0
ACC-15338,Enterprise,Annual,43,7,703.1,10.2,89.7,0,0,6.5,18,0,10,0,0,0,0
ACC-15339,Starter,Monthly,3,7,27.7,14.3,22.0,0,0,1.0,-25,0,20,1,4,0,0
ACC-15340,Growth,Monthly,3,40,91.2,8.0,100.0,3,0,20.8,40,0,20,1,3,0,0
ACC-15341,Enterprise,Monthly,34,43,631.1,7.1,88.4,5,4,1.0,14,0,10,1,2,0,0
ACC-15342,Starter,Monthly,4,1,35.0,16.4,63.7,2,0,11.7,94,0,0,1,3,0,0
ACC-15343,Starter,Annual,4,7,35.0,27.8,68.6,12,3,19.4,44,0,0,1,1,1,0
ACC-15344,Enterprise,Monthly,33,9,583.2,15.2,50.0,1,1,131.2,11,1,20,1,3,0,0
ACC-15345,Growth,Annual,9,73,135.0,6.5,58.3,3,1,14.5,60,0,0,0,1,0,0
ACC-15346,Starter,Annual,2,52,29.1,17.2,64.2,4,1,7.7,30,1,10,1,3,0,0
ACC-15347,Starter,Monthly,1,18,24.7,22.5,35.0,1,0,13.5,41,0,20,1,0,0,0
ACC-15348,Starter,Monthly,4,1,35.0,18.4,88.4,2,1,4.4,-53,0,0,1,1,0,0
ACC-15349,Growth,Annual,3,4,101.1,2.7,59.9,18,1,11.5,-10,1,10,1,4,0,0
ACC-15350,Growth,Monthly,12,10,127.2,15.2,58.1,4,1,41.3,38,0,20,1,2,0,0
ACC-15351,Enterprise,Monthly,31,58,647.0,9.2,35.9,12,1,2.9,-15,0,0,1,4,0,0
ACC-15352,Starter,Monthly,3,2,33.5,12.3,80.7,2,0,15.1,9,0,0,1,1,0,0
ACC-15353,Growth,Monthly,5,28,99.2,9.8,54.0,6,1,19.4,62,0,20,1,2,0,0
ACC-15354,Growth,Annual,11,4,113.3,16.5,43.4,9,4,7.5,48,0,30,0,3,0,0
ACC-15355,Starter,Monthly,5,13,36.5,9.9,31.1,3,0,26.6,71,0,0,0,4,0,0
ACC-15356,Starter,Monthly,4,26,35.0,20.5,51.4,6,1,21.8,30,0,0,1,1,0,0
ACC-15357,Enterprise,Annual,17,21,495.1,12.0,29.3,12,2,12.5,6,0,10,1,2,0,0
ACC-15358,Enterprise,Annual,33,27,663.0,10.7,62.6,1,2,20.4,79,0,0,0,1,0,0
ACC-15359,Growth,Monthly,3,30,111.0,15.4,72.0,3,3,36.7,32,0,0,1,0,0,0
ACC-15360,Growth,Annual,9,7,115.2,14.1,46.4,10,2,18.3,-7,0,20,1,4,0,0
ACC-15361,Starter,Monthly,2,8,29.1,15.6,60.2,2,2,16.8,87,0,10,0,1,0,0
ACC-15362,Growth,Annual,18,30,161.1,11.2,81.8,5,1,19.4,32,0,10,1,0,0,0
ACC-15363,Growth,Monthly,10,1,129.1,20.0,51.2,3,0,22.5,64,0,10,1,2,0,0
ACC-15364,Growth,Monthly,4,13,105.1,17.9,52.7,7,0,10.3,40,0,10,1,0,0,0
ACC-15365,Enterprise,Annual,40,46,599.3,11.9,55.1,7,0,36.3,64,0,30,0,1,0,0
ACC-15366,Growth,Monthly,10,39,129.1,16.9,45.3,5,4,51.5,53,0,10,1,0,0,0
ACC-15367,Starter,Annual,2,29,32.0,10.4,47.3,18,1,19.4,19,0,0,1,3,0,0
ACC-15368,Growth,Monthly,13,1,151.0,15.4,38.1,1,2,43.6,17,0,0,1,2,0,0
ACC-15369,Starter,Annual,2,39,32.0,17.0,64.4,11,1,27.3,55,0,0,1,2,0,0
ACC-15370,Starter,Annual,1,44,30.5,13.5,53.4,4,0,11.0,34,0,0,1,3,0,0
ACC-15371,Starter,Monthly,1,20,24.7,7.1,68.2,7,1,13.7,30,0,20,0,3,0,0
ACC-15372,Starter,Annual,7,6,39.5,4.8,77.5,2,1,16.9,15,0,0,1,0,0,0
ACC-15373,Growth,Monthly,8,12,131.0,13.8,31.9,1,1,56.0,21,0,0,0,2,0,0
ACC-15374,Growth,Annual,5,26,89.3,7.7,36.6,9,1,20.9,-23,0,30,1,3,0,0
ACC-15375,Growth,Monthly,13,30,151.0,18.3,70.2,2,0,14.2,48,0,0,1,1,0,0
ACC-15376,Growth,Annual,16,8,163.0,2.9,49.4,3,1,2.6,8,0,0,0,2,1,0
ACC-15377,Starter,Monthly,6,7,38.0,19.9,56.8,0,1,22.0,34,0,0,0,4,1,0
ACC-15378,Growth,Monthly,21,24,183.0,12.3,56.8,6,1,16.2,28,0,0,0,0,0,0
ACC-15379,Starter,Monthly,2,21,32.0,6.9,34.1,7,1,56.3,37,0,0,1,5,0,0
ACC-15380,Starter,Monthly,3,13,33.5,9.3,66.1,14,1,8.4,31,0,0,1,2,0,0
ACC-15381,Growth,Annual,10,10,139.0,10.8,60.5,13,1,31.7,46,0,0,1,4,0,0
ACC-15382,Starter,Annual,4,19,35.0,14.9,32.8,7,1,6.6,-1,0,0,1,4,0,0
ACC-15383,Starter,Annual,2,1,23.3,4.6,51.4,2,2,3.8,27,0,30,1,0,0,0
ACC-15384,Growth,Monthly,8,1,131.0,6.2,52.6,3,3,1.0,31,0,0,1,2,0,0
ACC-15385,Growth,Monthly,11,15,143.0,10.1,71.4,3,2,45.2,0,0,0,0,2,0,0
ACC-15386,Starter,Monthly,2,4,26.2,11.8,80.8,1,2,11.8,-4,0,20,1,1,0,0
ACC-15387,Enterprise,Annual,50,27,719.2,16.3,54.8,18,1,6.6,10,0,20,1,2,0,0
ACC-15388,Growth,Annual,15,27,129.3,13.6,18.0,10,1,10.3,36,0,30,1,2,0,0
ACC-15389,Enterprise,Monthly,49,22,751.1,9.7,71.0,1,0,24.9,-8,1,10,1,8,0,0
ACC-15390,Starter,Monthly,5,42,36.5,13.4,100.0,18,1,10.0,63,0,0,1,4,0,0
ACC-15391,Growth,Monthly,9,3,125.1,13.0,70.8,11,0,5.1,9,0,10,1,0,1,0
ACC-15392,Enterprise,Annual,20,5,519.1,10.5,49.0,15,1,1.8,30,0,10,1,1,0,0
ACC-15393,Growth,Annual,10,5,129.1,12.7,63.8,2,3,19.4,53,0,10,1,5,0,0
ACC-15394,Growth,Annual,29,27,215.0,0.0,72.6,2,0,72.0,-22,0,0,1,4,0,0
ACC-15395,Starter,Monthly,1,13,24.7,17.6,57.5,4,0,20.1,78,0,20,1,2,0,0
ACC-15396,Starter,Annual,1,5,27.6,15.3,83.9,2,2,58.7,-1,0,10,1,3,0,0
ACC-15397,Growth,Annual,9,3,125.1,21.0,30.1,4,3,42.1,76,0,10,0,4,1,0
ACC-15398,Starter,Monthly,2,40,32.0,7.1,46.1,0,1,3.4,48,0,0,1,5,0,0
ACC-15399,Enterprise,Monthly,49,21,791.0,15.4,65.1,13,0,42.2,-33,0,0,0,2,0,0
ACC-15400,Starter,Monthly,5,14,36.5,0.6,70.4,1,1,1.0,25,0,0,1,1,0,0
ACC-15401,Enterprise,Monthly,31,61,607.1,1.4,43.0,4,0,14.3,3,0,10,1,1,0,0
ACC-15402,Enterprise,Annual,54,34,831.0,10.6,45.0,16,0,14.8,87,0,0,1,1,1,0
ACC-15403,Starter,Monthly,5,4,27.8,8.5,40.3,10,1,26.0,37,0,30,1,2,0,0
ACC-15404,Starter,Annual,2,13,32.0,18.3,38.6,9,1,28.2,-38,0,0,1,1,0,0
ACC-15405,Enterprise,Monthly,35,12,599.2,19.1,66.4,6,4,5.3,74,1,20,0,4,0,1
ACC-15406,Enterprise,Monthly,17,33,535.0,19.7,54.2,3,0,42.7,49,0,0,1,0,0,0
ACC-15407,Starter,Monthly,5,3,36.5,15.6,83.5,4,1,3.9,45,0,0,1,0,0,0
ACC-15408,Starter,Monthly,2,11,32.0,15.8,30.9,1,1,65.1,31,1,0,1,0,1,0
ACC-15409,Growth,Monthly,7,18,127.0,4.3,51.5,0,3,84.2,-20,0,0,1,0,0,0
ACC-15410,Growth,Monthly,11,52,143.0,20.4,71.2,11,1,23.9,85,1,0,1,2,0,0
ACC-15411,Starter,Monthly,1,41,30.5,19.5,62.6,3,3,20.9,22,0,0,1,2,0,0
ACC-15412,Growth,Monthly,10,14,139.0,3.7,30.8,0,1,77.5,80,0,0,1,1,0,0
ACC-15413,Starter,Monthly,2,17,32.0,14.8,80.3,7,1,5.5,31,0,0,1,1,0,0
ACC-15414,Starter,Monthly,1,34,30.5,8.7,57.1,7,2,20.6,23,0,0,0,1,0,0
ACC-15415,Starter,Monthly,5,25,36.5,23.1,97.2,2,2,10.4,-31,0,0,1,1,1,0
ACC-15416,Starter,Annual,3,38,30.6,6.1,52.1,3,3,3.7,5,0,10,1,4,0,0
ACC-15417,Starter,Monthly,2,41,32.0,12.6,80.5,5,1,2.7,76,0,0,1,5,0,0
ACC-15418,Growth,Annual,8,32,131.0,13.1,47.1,5,2,24.1,55,1,0,0,0,0,0
ACC-15419,Starter,Monthly,2,1,32.0,11.7,49.8,4,0,5.2,48,0,0,1,0,0,0
ACC-15420,Starter,Annual,2,7,29.1,24.9,65.9,3,1,18.3,51,0,10,1,3,0,0
ACC-15421,Starter,Monthly,4,9,26.3,22.1,17.6,0,4,5.4,30,0,30,1,3,0,0
ACC-15422,Enterprise,Annual,38,20,583.3,2.2,10.6,0,3,12.1,14,1,30,1,5,0,0
ACC-15423,Starter,Monthly,1,7,30.5,14.9,40.1,4,2,27.1,2,1,0,1,2,0,0
ACC-15424,Starter,Annual,3,7,30.6,11.9,26.4,1,2,15.0,14,0,10,1,4,0,0
ACC-15425,Growth,Monthly,2,9,107.0,17.0,5.4,17,1,41.0,35,0,0,1,2,0,0
ACC-15426,Enterprise,Monthly,43,56,743.0,13.3,71.3,6,2,14.9,3,0,0,1,0,0,0
ACC-15427,Starter,Annual,6,10,35.1,7.1,37.6,5,1,4.3,31,0,10,1,6,0,0
ACC-15428,Growth,Monthly,4,3,115.0,5.8,47.4,3,2,45.5,33,0,0,0,4,0,0
ACC-15429,Growth,Monthly,9,1,115.2,9.6,58.1,2,2,10.8,24,0,20,1,1,0,0
ACC-15430,Growth,Monthly,13,5,151.0,11.3,66.1,1,2,40.4,-28,0,0,1,3,0,0
ACC-15431,Starter,Annual,7,50,39.5,13.2,61.2,0,1,5.3,-7,1,0,1,3,0,0
ACC-15432,Growth,Annual,5,56,99.2,8.6,59.4,6,0,20.2,24,0,20,0,4,0,0
ACC-15433,Starter,Monthly,2,14,32.0,22.2,65.3,9,2,3.6,-45,0,0,1,3,0,0
ACC-15434,Growth,Annual,9,19,135.0,15.2,44.0,12,0,1.7,66,0,0,1,2,0,0
ACC-15435,Growth,Monthly,3,29,101.1,17.2,39.3,8,0,136.2,75,0,10,1,1,0,0
ACC-15436,Starter,Monthly,4,1,29.2,11.2,4.0,14,0,1.0,60,0,20,1,6,0,0
ACC-15437,Growth,Annual,11,8,143.0,5.8,69.0,24,1,17.9,40,0,0,0,1,0,1
ACC-15438,Starter,Annual,10,19,44.0,17.3,39.9,20,1,1.0,-13,0,0,0,2,0,1
ACC-15439,Growth,Annual,21,41,183.0,6.0,98.6,5,2,16.0,41,0,0,1,0,0,0
ACC-15440,Growth,Monthly,10,23,139.0,0.0,71.2,2,0,2.1,79,0,0,0,1,0,0
ACC-15441,Starter,Monthly,1,8,27.6,15.4,75.9,1,1,31.0,-10,0,10,1,2,0,0
ACC-15442,Starter,Monthly,4,43,35.0,7.5,70.5,31,1,6.9,100,0,0,1,3,1,0
ACC-15443,Enterprise,Monthly,19,20,511.1,10.0,66.7,2,1,8.4,59,0,10,1,1,1,0
ACC-15444,Starter,Monthly,1,32,27.6,16.2,65.5,0,1,5.8,-7,1,10,1,2,1,0
ACC-15445,Starter,Annual,2,9,26.2,6.4,67.5,3,1,2.4,-5,0,20,0,0,0,0
ACC-15446,Starter,Annual,4,1,32.1,2.4,58.8,8,0,13.9,12,0,10,1,1,0,0
ACC-15447,Growth,Monthly,11,3,113.3,19.3,41.4,13,1,11.9,28,0,30,1,2,0,0
ACC-15448,Growth,Monthly,8,47,121.1,11.7,29.1,4,1,15.5,17,0,10,1,6,0,0
ACC-15449,Starter,Annual,1,1,30.5,19.5,64.3,2,1,19.7,-68,0,0,1,0,0,0
ACC-15450,Starter,Monthly,4,16,26.3,15.8,83.4,9,3,1.9,-16,0,30,1,5,0,0
ACC-15451,Starter,Annual,1,9,30.5,15.9,52.2,4,1,10.7,30,0,0,0,2,0,1
ACC-15452,Starter,Monthly,2,10,32.0,13.0,58.3,1,1,18.0,37,0,0,1,2,0,0
ACC-15453,Starter,Monthly,3,9,30.6,13.0,26.0,13,0,7.8,62,0,10,1,1,0,0
ACC-15454,Growth,Annual,8,1,131.0,18.8,45.0,6,2,4.2,7,0,0,1,2,0,0
ACC-15455,Starter,Monthly,2,2,32.0,16.9,28.0,0,1,18.6,35,0,0,1,0,0,0
ACC-15456,Starter,Monthly,3,1,33.5,8.5,29.5,0,2,25.3,30,0,0,0,2,0,0
ACC-15457,Starter,Monthly,3,1,33.5,15.0,57.2,1,0,27.8,1,0,0,1,1,0,0
ACC-15458,Enterprise,Annual,34,2,551.3,8.3,53.7,10,2,7.9,52,0,30,0,1,1,0
ACC-15459,Enterprise,Annual,56,21,807.1,10.1,72.3,4,3,2.1,47,0,10,1,1,0,0
ACC-15460,Growth,Monthly,10,2,129.1,15.4,71.9,2,2,49.4,100,0,10,0,2,0,0
ACC-15461,Starter,Monthly,5,5,36.5,8.2,35.8,2,2,23.3,67,0,0,1,2,0,0
ACC-15462,Starter,Annual,2,19,32.0,12.9,12.4,4,0,59.3,-24,0,0,1,1,0,0
ACC-15463,Starter,Monthly,11,2,42.6,14.3,34.1,1,2,3.1,63,1,10,0,1,0,1
ACC-15464,Starter,Annual,3,43,33.5,10.0,39.4,6,1,21.4,-20,0,0,1,3,0,0
ACC-15465,Growth,Monthly,8,12,131.0,16.3,67.1,3,2,4.4,82,0,0,1,2,0,0
ACC-15466,Growth,Monthly,5,59,119.0,9.4,68.5,12,3,40.3,20,0,0,0,0,0,0
ACC-15467,Enterprise,Annual,27,4,575.1,17.7,54.0,8,1,14.7,41,0,10,0,2,0,0
ACC-15468,Growth,Monthly,8,1,121.1,12.8,71.3,0,0,15.2,76,1,10,1,5,0,0
ACC-15469,Starter,Annual,6,16,38.0,13.0,100.0,1,1,53.4,46,1,0,1,6,0,0
ACC-15470,Growth,Monthly,7,7,97.3,6.6,52.4,4,0,7.2,58,0,30,1,2,0,0
ACC-15471,Starter,Monthly,4,15,29.2,10.6,49.9,6,2,19.3,7,0,20,1,4,0,0
ACC-15472,Starter,Annual,1,12,30.5,13.2,36.5,8,2,3.1,-3,0,0,1,2,0,0
ACC-15473,Growth,Monthly,21,11,183.0,18.1,62.0,10,2,9.0,31,0,0,1,1,0,0
ACC-15474,Starter,Annual,3,34,27.7,10.1,80.0,0,0,4.3,53,1,20,1,3,0,0
ACC-15475,Starter,Monthly,2,4,32.0,18.1,44.0,0,2,4.5,26,0,0,1,4,0,0
ACC-15476,Starter,Annual,3,12,33.5,7.5,46.4,6,1,21.6,87,0,0,1,0,0,0
ACC-15477,Growth,Annual,13,10,141.1,14.0,43.5,8,2,6.8,50,0,10,1,2,0,0
ACC-15478,Growth,Monthly,13,20,141.1,9.0,29.7,9,1,5.8,19,0,10,1,4,0,0
ACC-15479,Starter,Annual,5,1,33.6,21.3,58.0,1,0,33.0,25,0,10,1,0,1,0
ACC-15480,Growth,Annual,3,14,111.0,20.2,58.7,21,0,12.8,11,0,0,1,3,0,0
ACC-15481,Starter,Monthly,1,12,30.5,13.7,54.1,2,1,9.6,47,1,0,1,2,0,0
ACC-15482,Starter,Monthly,2,65,32.0,8.8,95.5,2,1,33.8,16,0,0,1,0,0,0
ACC-15483,Growth,Monthly,17,25,167.0,2.9,63.8,1,1,13.4,37,0,0,1,1,0,0
ACC-15484,Growth,Monthly,15,3,139.2,14.3,30.4,0,1,33.7,84,0,20,1,2,0,0
ACC-15485,Enterprise,Monthly,37,13,575.3,13.2,68.9,10,2,7.7,46,0,30,0,3,0,0
ACC-15486,Starter,Monthly,3,28,33.5,17.1,47.5,0,0,65.4,28,0,0,0,0,0,0
ACC-15487,Growth,Monthly,10,13,139.0,3.2,47.8,4,1,51.5,22,0,0,1,1,0,0
ACC-15488,Growth,Annual,19,8,175.0,12.8,51.2,1,1,34.7,76,0,0,1,5,0,0
ACC-15489,Enterprise,Monthly,62,9,895.0,14.6,48.7,0,0,4.8,44,0,0,1,2,0,0
ACC-15490,Starter,Annual,2,8,29.1,6.6,60.9,16,3,26.0,57,0,10,1,1,0,0
ACC-15491,Growth,Monthly,17,1,167.0,12.7,100.0,10,2,34.0,10,0,0,0,2,0,0
ACC-15492,Growth,Monthly,7,24,127.0,7.6,46.9,3,0,9.0,-17,0,0,1,3,0,0
ACC-15493,Starter,Annual,1,17,24.7,7.0,57.0,4,0,3.0,75,0,20,0,1,0,0
ACC-15494,Growth,Monthly,7,6,117.1,8.8,60.2,12,3,6.3,67,0,10,0,5,0,0
ACC-15495,Starter,Monthly,5,18,36.5,10.4,43.7,10,0,17.6,-7,0,0,1,3,0,0
ACC-15496,Growth,Monthly,14,7,155.0,19.4,46.2,7,0,5.8,59,0,0,1,3,0,0
ACC-15497,Enterprise,Monthly,37,5,655.1,10.1,76.9,5,2,21.7,78,0,10,1,3,0,0
ACC-15498,Growth,Monthly,5,24,119.0,6.9,43.8,6,1,9.9,16,1,0,0,1,0,1
ACC-15499,Growth,Annual,5,30,119.0,16.9,35.5,3,0,5.1,28,0,0,0,6,0,0
ACC-15500,Growth,Monthly,12,18,137.1,18.2,94.2,5,3,19.0,97,0,10,1,6,0,0
ACC-15501,Starter,Annual,2,28,23.3,16.9,28.5,5,1,1.5,74,0,30,0,1,0,0
ACC-15502,Starter,Annual,2,8,32.0,20.2,74.4,12,1,19.6,4,0,0,1,3,0,0
ACC-15503,Growth,Monthly,13,1,151.0,13.2,50.6,1,1,73.3,8,0,0,1,2,0,0
ACC-15504,Starter,Monthly,1,17,24.7,12.9,28.3,2,0,24.9,22,0,20,1,3,0,0
ACC-15505,Starter,Annual,4,5,35.0,7.8,46.7,1,2,8.0,39,0,0,1,2,0,0
ACC-15506,Growth,Annual,8,27,131.0,20.4,50.0,5,2,46.3,49,0,0,1,3,0,0
ACC-15507,Starter,Monthly,1,8,27.6,11.4,19.1,7,2,15.0,-14,0,10,1,4,0,0
ACC-15508,Starter,Monthly,3,20,33.5,10.2,64.4,2,0,15.0,9,0,0,1,5,0,0
ACC-15509,Growth,Monthly,8,14,131.0,9.6,62.2,7,1,9.5,-35,0,0,0,3,0,1
ACC-15510,Starter,Monthly,7,31,39.5,15.8,47.3,6,1,1.1,57,0,0,1,1,0,0
ACC-15511,Enterprise,Monthly,45,32,759.0,12.5,65.4,2,0,6.3,32,0,0,1,3,0,0
ACC-15512,Enterprise,Annual,23,1,543.1,13.1,59.5,2,1,34.1,22,0,10,1,1,0,0
ACC-15513,Growth,Monthly,15,6,149.1,10.1,83.5,13,2,6.0,15,0,10,1,0,0,0
ACC-15514,Starter,Annual,1,37,30.5,10.8,31.3,5,1,10.6,24,0,0,0,3,0,0
ACC-15515,Growth,Annual,16,9,163.0,11.1,48.6,7,2,20.1,44,0,0,1,0,0,0
ACC-15516,Growth,Monthly,4,13,115.0,20.5,77.0,16,1,6.6,-12,0,0,0,2,1,0
ACC-15517,Growth,Monthly,4,4,115.0,1.2,66.9,1,0,33.4,4,0,0,1,1,0,0
ACC-15518,Starter,Annual,8,14,38.1,14.7,4.4,3,1,45.8,-6,0,10,1,3,0,0
ACC-15519,Growth,Annual,4,6,105.1,18.5,18.3,3,2,1.3,-60,1,10,1,3,0,0
ACC-15520,Growth,Annual,7,32,117.1,1.0,55.0,2,2,17.1,92,0,10,0,5,0,0
ACC-15521,Growth,Monthly,15,4,159.0,11.6,91.1,11,1,8.6,54,0,0,0,5,0,0
ACC-15522,Growth,Monthly,13,8,131.2,17.9,45.5,1,1,16.2,2,0,20,1,2,0,0
ACC-15523,Growth,Monthly,15,2,149.1,7.5,69.3,2,2,15.8,38,0,10,1,2,0,0
ACC-15524,Growth,Monthly,7,16,127.0,13.6,56.8,1,1,1.0,-11,0,0,1,4,0,0
ACC-15525,Starter,Annual,1,51,30.5,6.4,67.7,18,3,20.9,48,1,0,1,0,0,0
ACC-15526,Growth,Monthly,4,3,95.2,12.2,78.6,6,0,4.9,100,0,20,1,3,0,0
ACC-15527,Starter,Annual,1,1,30.5,19.7,75.8,8,2,16.4,63,0,0,1,3,0,0
ACC-15528,Starter,Monthly,4,10,32.1,22.2,75.0,1,1,45.1,-39,0,10,0,2,0,0
ACC-15529,Starter,Annual,1,25,30.5,13.5,41.5,1,1,4.3,-24,0,0,1,0,0,0
ACC-15530,Growth,Annual,12,66,147.0,4.3,51.7,10,2,6.3,-22,0,0,1,7,0,0
ACC-15531,Starter,Monthly,1,1,24.7,10.1,66.4,5,0,1.3,15,0,20,1,1,0,0
ACC-15532,Growth,Annual,6,28,123.0,1.1,65.6,0,2,13.5,28,0,0,1,3,0,0
ACC-15533,Growth,Monthly,6,8,113.1,10.2,68.1,5,1,40.8,79,0,10,1,3,0,0
ACC-15534,Starter,Monthly,3,3,33.5,17.8,16.1,4,2,15.7,-18,0,0,1,1,0,0
ACC-15535,Starter,Annual,3,4,33.5,3.8,81.3,1,1,8.7,31,0,0,0,4,0,0
ACC-15536,Starter,Annual,4,46,26.3,10.8,17.5,5,4,47.3,-62,0,30,1,1,0,0
ACC-15537,Enterprise,Monthly,37,30,695.0,7.1,38.5,1,3,15.2,-6,1,0,0,4,1,0
ACC-15538,Growth,Monthly,2,7,107.0,22.8,59.3,10,0,72.8,-17,0,0,1,0,0,0
ACC-15539,Growth,Annual,12,51,137.1,14.4,54.4,6,0,27.7,-45,0,10,1,1,1,0
ACC-15540,Starter,Annual,1,2,27.6,17.1,86.2,12,1,48.5,57,1,10,1,3,0,0
ACC-15541,Growth,Monthly,7,7,127.0,13.8,29.2,3,0,20.9,7,0,0,1,3,0,0
ACC-15542,Enterprise,Annual,20,19,519.1,16.6,47.0,4,4,90.9,36,0,10,1,1,0,0
ACC-15543,Growth,Monthly,7,96,107.2,18.5,11.7,9,0,14.9,-18,1,20,1,2,0,0
ACC-15544,Growth,Monthly,17,11,147.2,12.2,57.9,5,4,20.5,71,0,20,1,2,0,0
ACC-15545,Starter,Monthly,7,30,39.5,8.8,50.4,5,2,2.9,-3,0,0,1,5,0,0
ACC-15546,Starter,Monthly,4,45,35.0,6.4,27.7,5,3,55.2,69,0,0,1,1,0,0
ACC-15547,Starter,Annual,3,1,33.5,22.6,83.8,4,2,8.2,68,0,0,1,0,0,0
ACC-15548,Starter,Monthly,3,6,33.5,16.9,78.8,10,1,21.9,39,0,0,1,0,0,0
ACC-15549,Starter,Annual,4,2,35.0,0.0,56.6,4,2,8.9,42,0,0,0,3,0,0
ACC-15550,Starter,Monthly,4,27,35.0,10.5,80.0,14,1,43.3,-5,0,0,1,0,0,0
ACC-15551,Starter,Annual,2,15,23.3,14.5,53.0,10,0,2.3,-27,0,30,1,5,0,0
ACC-15552,Enterprise,Annual,17,2,535.0,22.0,70.7,7,1,46.4,37,0,0,1,4,0,0
ACC-15553,Growth,Annual,9,10,135.0,5.4,74.0,14,2,19.7,38,1,0,1,2,0,0
ACC-15554,Growth,Annual,15,13,159.0,14.6,31.5,5,1,62.7,17,0,0,1,1,1,0
ACC-15555,Growth,Monthly,2,22,97.1,9.6,64.5,10,3,14.0,1,0,10,1,3,0,0
ACC-15556,Starter,Annual,1,27,30.5,4.8,58.7,2,1,13.6,0,0,0,1,4,1,0
ACC-15557,Growth,Annual,2,2,107.0,20.1,32.5,0,3,8.9,-22,0,0,0,1,0,0
ACC-15558,Starter,Monthly,3,12,33.5,6.2,26.9,7,1,8.0,63,0,0,1,1,0,0
ACC-15559,Growth,Annual,13,3,151.0,17.8,66.0,2,0,2.6,6,0,0,0,2,0,0
ACC-15560,Starter,Monthly,1,25,27.6,2.4,48.8,6,0,7.9,-3,0,10,1,0,0,0
ACC-15561,Enterprise,Monthly,24,19,551.1,9.1,22.8,0,0,18.8,52,0,10,1,3,1,0
ACC-15562,Starter,Annual,9,23,42.5,15.4,67.7,19,3,1.8,12,0,0,1,0,0,0
ACC-15563,Starter,Monthly,4,1,35.0,16.3,75.6,4,1,4.1,9,0,0,1,3,0,0
ACC-15564,Enterprise,Annual,19,13,551.0,14.6,29.2,0,0,39.3,70,0,0,1,3,0,0
ACC-15565,Starter,Monthly,3,33,33.5,17.9,55.0,4,1,1.9,-10,0,0,0,1,0,0
ACC-15566,Growth,Monthly,13,22,121.3,10.3,88.4,9,0,5.5,-8,0,30,1,1,0,0
ACC-15567,Growth,Monthly,11,36,143.0,20.4,34.9,12,2,1.0,-36,0,0,1,0,0,0
ACC-15568,Growth,Monthly,4,4,115.0,14.1,92.6,4,2,25.4,29,0,0,1,0,0,0
ACC-15569,Enterprise,Annual,62,6,775.3,16.4,47.9,1,0,38.1,9,1,30,1,0,0,0
ACC-15570,Enterprise,Monthly,47,10,775.0,14.2,53.5,14,0,42.3,95,0,0,0,1,0,0
ACC-15571,Starter,Monthly,2,13,29.1,14.9,24.3,24,0,46.1,9,0,10,1,0,0,1
ACC-15572,Growth,Monthly,7,5,97.3,6.0,25.1,0,0,10.3,53,0,30,1,2,0,0
ACC-15573,Growth,Monthly,8,9,101.3,6.4,40.6,0,2,16.4,0,0,30,0,1,0,0
ACC-15574,Growth,Annual,17,21,137.3,8.8,74.5,5,0,22.6,59,0,30,0,2,0,0
ACC-15575,Starter,Monthly,1,19,24.7,15.1,100.0,5,4,49.2,81,0,20,1,1,0,0
ACC-15576,Growth,Annual,8,2,121.1,8.5,100.0,5,0,31.8,12,0,10,1,5,0,0
ACC-15577,Enterprise,Annual,30,76,639.0,10.2,52.3,2,0,13.4,24,0,0,1,3,0,0
ACC-15578,Enterprise,Annual,41,15,727.0,11.6,47.2,0,3,14.3,22,0,0,0,1,0,0
ACC-15579,Starter,Annual,4,12,35.0,20.5,33.3,5,2,8.2,39,0,0,1,4,0,0
ACC-15580,Starter,Monthly,3,62,24.8,15.6,79.5,1,2,1.0,65,0,30,0,3,0,0
ACC-15581,Starter,Monthly,4,3,35.0,3.2,39.0,3,2,3.1,8,0,0,0,2,0,0
ACC-15582,Growth,Annual,5,14,119.0,13.0,49.8,5,0,8.1,67,0,0,1,0,0,0
ACC-15583,Growth,Annual,20,29,169.1,10.2,65.9,1,1,18.6,37,0,10,1,2,0,0
ACC-15584,Growth,Annual,10,9,139.0,10.6,64.9,5,3,25.0,85,0,0,1,1,0,0
ACC-15585,Starter,Annual,7,24,36.6,12.0,41.6,8,3,44.3,42,0,10,0,0,0,0
ACC-15586,Starter,Monthly,4,41,32.1,18.8,52.9,0,1,16.2,-19,0,10,0,4,0,0
ACC-15587,Growth,Monthly,2,5,107.0,7.1,42.2,6,1,10.0,55,1,0,1,2,0,0
ACC-15588,Enterprise,Annual,29,5,631.0,13.2,36.7,4,0,23.5,30,0,0,1,1,0,0
ACC-15589,Growth,Annual,9,8,135.0,13.7,32.4,1,3,9.9,20,0,0,1,4,0,0
ACC-15590,Starter,Monthly,1,10,30.5,10.7,22.6,7,2,2.3,48,0,0,1,1,0,0
ACC-15591,Growth,Annual,19,2,175.0,8.2,63.0,2,3,1.0,3,1,0,0,5,0,1
ACC-15592,Starter,Monthly,1,5,30.5,7.5,49.7,1,1,24.6,23,0,0,0,3,0,1
ACC-15593,Enterprise,Monthly,23,37,503.2,9.5,30.0,2,0,45.9,12,0,20,1,2,0,0
ACC-15594,Starter,Annual,4,15,29.2,16.4,28.0,5,0,22.7,54,0,20,1,3,0,0
ACC-15595,Growth,Annual,10,6,139.0,9.8,27.6,5,1,1.0,19,0,0,1,4,0,0
ACC-15596,Starter,Monthly,2,52,32.0,11.4,41.5,1,0,5.0,35,0,0,1,1,0,0
ACC-15597,Growth,Monthly,7,27,127.0,5.1,79.8,17,1,58.5,36,0,0,0,1,0,0
ACC-15598,Growth,Monthly,17,8,137.3,9.2,40.0,2,1,24.7,47,0,30,1,1,0,0
ACC-15599,Growth,Annual,8,26,131.0,13.4,67.3,2,2,26.7,13,0,0,1,2,0,0
ACC-15600,Starter,Monthly,2,16,32.0,2.0,89.3,1,1,32.8,72,0,0,1,1,0,0
ACC-15601,Starter,Annual,3,21,33.5,18.3,58.7,1,1,48.7,66,0,0,1,1,0,0
ACC-15602,Starter,Annual,3,7,30.6,8.4,38.2,24,2,11.6,96,0,10,0,2,0,1
ACC-15603,Growth,Annual,6,4,113.1,22.6,53.0,7,2,11.2,-2,0,10,0,2,0,0
ACC-15604,Starter,Monthly,3,5,24.8,14.5,54.0,9,1,1.0,36,0,30,1,1,0,0
ACC-15605,Growth,Annual,23,2,171.2,1.0,93.0,3,3,55.3,-26,0,20,1,2,0,0
ACC-15606,Enterprise,Monthly,68,11,943.0,13.7,16.9,3,3,2.8,-9,1,0,0,1,0,1
ACC-15607,Enterprise,Monthly,31,9,567.2,10.1,79.5,26,3,12.0,56,0,20,0,4,0,0
ACC-15608,Starter,Monthly,5,1,27.8,13.7,16.7,1,3,18.3,26,0,30,1,3,0,0
ACC-15609,Growth,Monthly,4,35,115.0,21.7,72.9,2,0,101.4,-4,0,0,1,0,0,0
ACC-15610,Starter,Annual,1,21,30.5,16.2,46.0,1,2,10.2,57,0,0,1,1,0,0
ACC-15611,Growth,Monthly,12,11,147.0,10.6,95.2,2,2,22.1,42,0,0,1,1,1,0
ACC-15612,Growth,Monthly,7,61,107.2,3.6,69.8,7,0,61.0,-54,0,20,1,3,0,0
ACC-15613,Starter,Annual,1,51,21.8,17.2,67.6,2,2,16.9,69,0,30,1,1,0,0
ACC-15614,Starter,Monthly,9,2,33.8,15.1,34.3,13,2,15.3,32,0,30,1,0,0,0
ACC-15615,Growth,Annual,19,17,175.0,18.9,94.7,0,2,17.0,11,0,0,1,5,0,0
ACC-15616,Enterprise,Monthly,36,31,647.1,11.1,100.0,3,4,34.1,-17,0,10,1,2,0,0
ACC-15617,Starter,Monthly,8,3,38.1,13.8,99.3,12,1,1.0,46,0,10,1,3,0,0
ACC-15618,Growth,Annual,15,2,159.0,10.5,32.9,6,0,28.6,13,0,0,0,0,0,0
ACC-15619,Starter,Monthly,3,5,24.8,12.5,50.8,9,0,3.8,25,0,30,1,1,0,0
ACC-15620,Starter,Monthly,6,6,32.2,2.9,28.9,2,2,29.2,32,0,20,1,2,0,0
ACC-15621,Enterprise,Monthly,24,60,591.0,13.9,41.6,3,0,32.2,48,0,0,1,1,0,0
ACC-15622,Growth,Monthly,12,27,147.0,14.3,61.2,13,2,19.7,40,0,0,1,2,0,0
ACC-15623,Growth,Monthly,14,1,145.1,9.0,71.1,8,1,11.6,83,0,10,1,2,0,0
ACC-15624,Starter,Monthly,3,28,33.5,15.6,66.7,3,3,26.4,-32,0,0,0,2,0,0
ACC-15625,Growth,Monthly,10,3,139.0,17.2,17.1,1,1,1.0,10,0,0,1,0,0,0
ACC-15626,Starter,Annual,2,8,32.0,20.4,54.2,1,0,20.9,68,0,0,0,4,0,0
ACC-15627,Starter,Monthly,10,7,35.3,5.9,66.4,12,1,5.3,100,0,30,1,2,0,0
ACC-15628,Growth,Monthly,9,6,135.0,16.0,75.9,7,0,21.6,71,1,0,1,3,0,0
ACC-15629,Starter,Monthly,2,7,29.1,20.0,64.4,6,1,3.0,48,0,10,0,2,0,0
ACC-15630,Growth,Annual,13,25,141.1,9.9,65.8,9,1,4.0,61,0,10,1,0,0,0
ACC-15631,Growth,Annual,3,6,111.0,20.4,49.8,15,2,12.0,60,0,0,1,5,0,0
ACC-15632,Starter,Annual,1,29,30.5,7.6,61.0,9,3,15.1,10,0,0,1,1,0,0
ACC-15633,Starter,Annual,1,2,21.8,12.4,100.0,3,1,10.8,51,0,30,1,2,0,0
ACC-15634,Starter,Monthly,4,16,35.0,1.6,81.6,1,0,18.9,-4,0,0,1,6,0,0
ACC-15635,Starter,Monthly,3,36,24.8,0.8,63.0,8,0,1.1,35,0,30,0,3,0,0
ACC-15636,Growth,Annual,14,1,135.2,2.7,71.0,2,1,4.3,13,0,20,1,0,0,0
ACC-15637,Growth,Annual,6,18,123.0,20.5,56.7,9,0,1.0,47,0,0,0,2,1,0
ACC-15638,Starter,Monthly,6,13,38.0,7.3,56.6,2,1,16.7,12,0,0,0,4,0,0
ACC-15639,Starter,Monthly,6,7,38.0,7.4,75.9,1,2,23.5,33,0,0,1,6,0,0
ACC-15640,Growth,Annual,14,2,155.0,14.4,41.8,2,1,13.2,-5,0,0,0,1,0,1
ACC-15641,Growth,Annual,8,20,111.2,7.5,52.2,2,1,12.4,17,0,20,1,0,0,0
ACC-15642,Starter,Monthly,2,7,32.0,19.2,24.9,3,0,11.1,71,0,0,1,3,0,0
ACC-15643,Starter,Annual,5,7,30.7,23.2,72.1,2,1,8.2,-35,1,20,1,1,0,0
ACC-15644,Growth,Monthly,13,23,141.1,0.0,78.5,2,1,17.7,32,0,10,1,4,0,0
ACC-15645,Starter,Monthly,3,52,33.5,15.1,68.3,3,1,1.0,79,0,0,1,1,0,0
ACC-15646,Starter,Monthly,1,7,30.5,0.0,49.8,12,0,18.1,61,0,0,0,2,0,0
ACC-15647,Growth,Monthly,4,25,115.0,3.8,54.0,0,1,13.5,33,0,0,1,2,0,0
ACC-15648,Growth,Monthly,20,56,149.3,14.9,58.2,2,1,19.6,56,0,30,1,3,0,0
ACC-15649,Growth,Annual,18,2,171.0,6.3,79.1,5,1,38.5,4,0,0,0,3,0,0
ACC-15650,Growth,Monthly,12,14,147.0,13.6,77.8,12,0,35.3,56,0,0,1,1,0,0
ACC-15651,Growth,Monthly,5,1,109.1,12.2,23.4,2,1,32.9,73,1,10,1,0,0,0
ACC-15652,Starter,Monthly,3,31,30.6,2.1,35.7,3,1,10.6,38,1,10,1,3,0,0
ACC-15653,Starter,Monthly,1,6,30.5,15.9,64.6,10,2,9.9,65,0,0,1,3,1,0
ACC-15654,Starter,Annual,2,7,32.0,13.8,25.6,3,2,4.6,-6,1,0,0,0,0,1
ACC-15655,Starter,Annual,10,21,44.0,12.2,75.2,11,0,1.0,-11,0,0,1,4,0,0
ACC-15656,Growth,Annual,5,28,119.0,8.1,48.9,4,0,14.1,57,0,0,1,3,0,0
ACC-15657,Enterprise,Annual,46,9,767.0,14.3,70.6,5,1,73.6,100,0,0,1,1,0,0
ACC-15658,Enterprise,Monthly,29,20,631.0,4.2,55.8,5,0,27.9,33,0,0,0,2,0,0
ACC-15659,Growth,Monthly,8,56,121.1,6.0,52.8,1,2,15.9,61,0,10,1,3,0,0
ACC-15660,Starter,Annual,2,39,29.1,13.9,31.1,3,3,7.1,-73,0,10,0,4,0,0
ACC-15661,Starter,Annual,2,22,32.0,18.2,43.0,2,2,2.6,51,0,0,1,2,0,0
ACC-15662,Growth,Annual,15,52,139.2,9.1,52.5,7,1,6.1,13,0,20,0,4,0,0
ACC-15663,Growth,Annual,11,38,143.0,14.7,51.7,16,2,15.3,100,0,0,1,5,0,0
ACC-15664,Growth,Annual,9,24,125.1,13.2,70.9,1,3,19.6,57,0,10,0,4,0,0
ACC-15665,Growth,Monthly,9,45,115.2,14.5,40.9,1,1,9.1,33,0,20,1,4,0,0
ACC-15666,Growth,Monthly,8,31,131.0,7.8,54.3,4,0,2.2,11,0,0,0,4,0,0
ACC-15667,Growth,Annual,7,13,107.2,11.1,88.1,3,0,6.1,75,0,20,1,0,0,0
ACC-15668,Starter,Annual,9,13,39.6,11.8,73.1,0,2,5.9,76,0,10,1,1,0,0
ACC-15669,Growth,Monthly,11,1,123.2,21.0,57.3,15,1,15.3,2,0,20,1,2,0,0
ACC-15670,Enterprise,Monthly,44,1,711.1,5.4,22.9,17,2,2.2,71,0,10,1,3,0,0
ACC-15671,Starter,Monthly,3,25,33.5,3.6,24.8,11,0,6.8,66,1,0,1,2,0,0
ACC-15672,Growth,Monthly,5,15,119.0,30.0,69.0,2,0,8.4,40,0,0,1,2,0,0
ACC-15673,Starter,Annual,1,26,30.5,13.9,71.3,1,2,15.0,59,0,0,0,1,0,0
ACC-15674,Enterprise,Monthly,41,54,727.0,15.3,12.2,5,1,7.1,50,0,0,1,1,0,0
ACC-15675,Starter,Monthly,1,11,30.5,15.9,70.4,2,0,3.2,-6,0,0,1,3,0,1
ACC-15676,Growth,Monthly,8,2,131.0,16.6,42.6,1,1,1.0,43,0,0,1,3,0,0
ACC-15677,Starter,Annual,1,18,30.5,17.4,46.1,6,4,3.8,26,0,0,0,2,0,0
ACC-15678,Growth,Monthly,14,2,125.3,16.7,74.6,8,1,34.8,-8,0,30,1,2,0,0
ACC-15679,Starter,Monthly,5,17,36.5,18.8,71.1,4,2,8.6,3,0,0,1,0,0,1
ACC-15680,Starter,Monthly,3,14,33.5,13.0,52.8,2,1,15.5,-28,1,0,1,0,1,0
ACC-15681,Growth,Monthly,25,22,199.0,18.4,70.1,4,1,13.5,-31,1,0,1,1,1,0
ACC-15682,Enterprise,Monthly,43,8,703.1,23.4,47.0,5,2,6.5,10,0,10,1,2,0,0
ACC-15683,Starter,Monthly,2,3,32.0,13.2,37.6,0,1,37.1,69,0,0,0,3,0,0
ACC-15684,Starter,Annual,7,5,39.5,14.9,82.7,4,2,55.8,-15,0,0,0,2,0,0
ACC-15685,Growth,Monthly,8,21,131.0,8.5,84.2,5,2,4.8,-12,0,0,0,0,0,0
ACC-15686,Growth,Monthly,5,12,109.1,11.0,40.8,1,1,32.9,97,0,10,1,0,0,0
ACC-15687,Enterprise,Annual,20,14,559.0,14.1,43.3,4,2,28.2,-3,0,0,0,3,0,0
ACC-15688,Starter,Monthly,2,7,29.1,9.7,74.6,3,0,36.4,31,1,10,1,3,0,0
ACC-15689,Growth,Annual,8,33,131.0,12.6,39.7,12,2,10.5,48,0,0,1,0,0,0
ACC-15690,Starter,Monthly,2,96,23.3,14.0,72.6,4,1,23.2,23,0,30,0,5,0,0
ACC-15691,Starter,Monthly,1,7,30.5,21.1,32.5,3,0,4.2,28,0,0,1,1,1,0
ACC-15692,Growth,Annual,10,23,139.0,6.8,48.7,2,1,68.9,2,0,0,1,4,0,0
ACC-15693,Growth,Annual,6,3,113.1,14.5,76.5,19,1,25.7,7,0,10,1,7,0,0
ACC-15694,Growth,Monthly,3,24,111.0,8.4,33.7,19,3,1.6,41,0,0,1,1,1,0
ACC-15695,Starter,Monthly,6,10,38.0,16.6,42.1,3,1,42.1,-12,0,0,1,3,0,0
ACC-15696,Starter,Monthly,4,17,32.1,17.1,63.3,16,0,63.9,80,0,10,1,2,1,0
ACC-15697,Starter,Annual,1,5,30.5,22.1,15.4,6,3,8.1,-33,1,0,1,3,0,1
ACC-15698,Enterprise,Annual,36,34,687.0,9.4,56.6,9,1,15.5,37,0,0,1,2,0,0
ACC-15699,Starter,Monthly,4,3,35.0,12.9,80.5,1,2,96.4,-7,0,0,1,3,0,0
ACC-15700,Starter,Monthly,5,48,33.6,16.8,74.0,0,2,12.0,47,0,10,0,1,0,0
ACC-15701,Starter,Monthly,2,1,32.0,16.0,53.9,4,2,21.9,-4,1,0,1,2,0,0
ACC-15702,Growth,Monthly,11,6,133.1,0.0,55.5,0,0,12.0,51,0,10,1,3,0,0
ACC-15703,Starter,Monthly,2,15,32.0,7.9,87.8,13,3,1.6,59,0,0,1,2,0,0
ACC-15704,Enterprise,Monthly,36,35,687.0,15.4,85.2,10,1,14.2,62,0,0,1,1,1,0
ACC-15705,Starter,Annual,4,15,35.0,10.7,52.9,8,1,35.1,13,0,0,0,2,0,0
ACC-15706,Enterprise,Annual,29,4,631.0,16.9,41.1,0,0,1.0,83,0,0,1,2,0,0
ACC-15707,Starter,Annual,4,35,26.3,18.3,73.9,4,2,11.6,32,0,30,0,1,0,0
ACC-15708,Growth,Monthly,5,16,99.2,10.7,79.9,0,0,34.6,29,0,20,1,6,0,0
ACC-15709,Enterprise,Monthly,50,5,759.1,15.6,85.3,16,2,8.7,49,0,10,1,2,0,0
ACC-15710,Starter,Annual,2,15,32.0,20.7,67.8,6,1,75.8,-27,0,0,1,2,1,0
ACC-15711,Enterprise,Monthly,26,20,527.2,18.1,47.2,1,2,9.7,22,0,20,0,2,0,0
ACC-15712,Growth,Annual,6,21,113.1,7.4,18.3,5,0,30.6,43,0,10,0,3,0,0
ACC-15713,Enterprise,Monthly,48,23,783.0,10.9,97.6,1,0,5.6,10,0,0,1,4,0,0
ACC-15714,Growth,Monthly,17,41,157.1,12.2,90.3,1,0,8.1,29,0,10,1,1,0,0
ACC-15715,Starter,Monthly,1,31,30.5,6.4,38.1,1,3,25.5,89,0,0,1,5,0,0
ACC-15716,Starter,Monthly,5,17,33.6,18.4,59.2,12,0,1.2,2,0,10,1,1,0,0
ACC-15717,Starter,Annual,4,1,35.0,8.1,50.1,5,0,2.0,58,0,0,0,2,0,0
ACC-15718,Starter,Monthly,1,25,30.5,11.4,56.5,2,3,6.2,8,0,0,1,1,0,0
ACC-15719,Starter,Monthly,3,66,24.8,18.4,46.2,0,2,5.8,33,0,30,1,2,0,0
ACC-15720,Starter,Monthly,1,7,21.8,9.3,70.2,4,1,1.4,49,0,30,1,3,0,0
ACC-15721,Starter,Annual,3,17,27.7,10.0,30.1,4,0,71.4,59,1,20,1,1,0,0
ACC-15722,Growth,Monthly,10,26,139.0,14.0,46.3,2,1,6.9,43,0,0,1,2,0,0
ACC-15723,Starter,Monthly,1,18,24.7,9.5,74.2,4,0,25.6,56,0,20,0,4,0,0
ACC-15724,Starter,Monthly,4,46,35.0,21.2,11.6,1,3,10.0,24,0,0,1,5,0,0
ACC-15725,Growth,Monthly,14,12,155.0,6.5,61.8,15,1,94.1,15,0,0,0,0,0,1
ACC-15726,Starter,Monthly,3,14,33.5,0.0,42.9,2,3,3.0,66,0,0,1,2,0,0
ACC-15727,Starter,Annual,1,1,27.6,17.1,90.5,18,0,9.4,-34,0,10,1,1,0,0
ACC-15728,Starter,Monthly,1,41,30.5,9.9,62.2,4,3,11.3,16,0,0,1,0,0,0
ACC-15729,Enterprise,Monthly,39,5,631.2,7.2,37.7,12,1,25.3,21,0,20,1,4,0,0
ACC-15730,Growth,Annual,13,69,141.1,14.3,86.9,5,2,13.7,36,0,10,1,2,0,0
ACC-15731,Starter,Monthly,4,4,29.2,14.5,55.5,11,0,27.8,62,1,20,1,0,0,0
ACC-15732,Growth,Monthly,10,5,109.3,7.4,57.9,0,1,36.8,37,0,30,0,1,0,0
ACC-15733,Growth,Monthly,7,12,117.1,19.1,74.5,1,2,6.8,22,0,10,0,3,0,0
ACC-15734,Growth,Monthly,9,19,115.2,17.2,41.7,3,3,32.6,59,1,20,0,0,0,1
ACC-15735,Growth,Annual,4,10,115.0,23.8,86.8,2,2,13.5,40,1,0,1,1,0,0
ACC-15736,Growth,Annual,2,8,77.3,9.2,67.7,18,1,1.6,35,0,30,0,0,0,1
ACC-15737,Starter,Annual,10,14,35.3,12.9,40.9,3,0,7.0,86,0,30,0,3,0,0
ACC-15738,Starter,Annual,1,57,30.5,13.4,45.5,21,2,32.5,64,1,0,1,4,0,0
ACC-15739,Growth,Monthly,13,59,151.0,10.0,27.4,6,1,9.9,100,0,0,0,7,0,0
ACC-15740,Enterprise,Monthly,18,7,543.0,14.4,61.8,11,1,2.0,-38,0,0,1,2,0,0
ACC-15741,Growth,Monthly,13,21,151.0,14.9,51.1,3,2,20.3,75,0,0,1,4,0,0
ACC-15742,Growth,Monthly,7,23,117.1,14.9,61.9,1,2,38.0,82,0,10,1,1,0,0
ACC-15743,Enterprise,Annual,58,19,863.0,10.0,17.6,0,2,2.9,6,0,0,1,2,0,0
ACC-15744,Starter,Annual,2,2,32.0,10.7,43.5,6,1,15.7,26,1,0,0,2,1,0
ACC-15745,Growth,Monthly,7,14,127.0,8.6,33.4,21,0,4.7,33,0,0,1,2,0,0
ACC-15746,Growth,Monthly,10,26,119.2,7.5,65.8,1,3,8.2,14,0,20,0,1,0,0
ACC-15747,Enterprise,Monthly,22,4,575.0,11.6,41.8,9,1,10.7,18,0,0,0,1,0,0
ACC-15748,Enterprise,Monthly,37,8,655.1,21.1,65.3,3,0,1.0,100,0,10,1,3,0,0
ACC-15749,Growth,Monthly,5,4,119.0,24.2,43.3,30,0,8.8,30,0,0,1,6,0,0
ACC-15750,Starter,Monthly,4,39,35.0,19.9,90.8,12,2,7.4,51,0,0,0,1,0,0
ACC-15751,Growth,Annual,7,35,127.0,9.2,56.1,2,0,22.1,43,0,0,1,1,0,0
ACC-15752,Starter,Annual,5,3,30.7,14.4,75.1,9,3,42.4,33,0,20,0,3,0,0
ACC-15753,Growth,Monthly,9,26,105.3,0.0,52.5,8,0,2.2,-9,0,30,1,2,1,0
ACC-15754,Enterprise,Monthly,42,8,735.0,11.1,75.3,9,0,13.2,64,0,0,0,0,0,0
ACC-15755,Starter,Monthly,4,21,35.0,9.7,38.0,1,3,6.5,28,0,0,1,2,0,0
ACC-15756,Growth,Annual,12,12,147.0,23.2,54.1,10,1,87.7,-24,0,0,1,4,0,0
ACC-15757,Starter,Annual,3,11,33.5,13.6,44.8,2,0,30.3,36,0,0,0,0,0,0
ACC-15758,Starter,Annual,1,38,30.5,12.3,96.1,5,0,2.5,41,0,0,1,4,0,0
ACC-15759,Starter,Monthly,3,18,33.5,11.6,28.9,1,1,9.2,71,0,0,0,1,0,0
ACC-15760,Growth,Annual,12,5,147.0,10.3,100.0,5,0,2.4,-17,1,0,1,4,0,0
ACC-15761,Enterprise,Monthly,33,2,663.0,15.2,24.8,14,4,30.9,26,0,0,1,2,0,0
ACC-15762,Enterprise,Monthly,22,49,575.0,8.0,71.2,1,1,13.4,6,0,0,1,4,0,0
ACC-15763,Starter,Monthly,2,3,32.0,15.3,41.3,12,3,20.8,1,0,0,1,0,0,0
ACC-15764,Enterprise,Monthly,31,24,527.3,20.6,60.6,3,1,17.1,38,1,30,1,4,0,0
ACC-15765,Growth,Annual,13,12,151.0,12.7,51.2,2,2,4.0,14,0,0,0,2,0,0
ACC-15766,Starter,Monthly,8,3,41.0,10.1,36.7,0,2,1.0,48,0,0,0,0,0,0
ACC-15767,Starter,Monthly,3,27,33.5,11.5,56.8,5,2,40.8,-1,1,0,1,1,0,0
ACC-15768,Starter,Monthly,3,42,33.5,19.2,45.8,1,2,1.9,25,0,0,1,1,0,0
ACC-15769,Enterprise,Monthly,33,2,583.2,12.8,67.6,17,3,31.4,40,0,20,1,1,0,0
ACC-15770,Growth,Monthly,17,1,167.0,8.3,32.9,2,1,4.3,45,0,0,0,2,0,0
ACC-15771,Growth,Monthly,14,34,145.1,16.9,65.4,5,0,38.3,37,0,10,0,1,0,0
ACC-15772,Starter,Monthly,9,13,42.5,7.7,74.0,5,2,18.0,29,1,0,1,1,0,0
ACC-15773,Growth,Monthly,16,20,163.0,10.6,52.6,2,0,10.2,10,0,0,0,3,0,0
ACC-15774,Starter,Annual,1,10,27.6,13.4,25.9,11,1,21.5,86,1,10,0,3,1,1
ACC-15775,Starter,Monthly,1,10,30.5,7.2,93.1,1,1,6.4,37,1,0,0,0,0,0
ACC-15776,Growth,Monthly,9,6,105.3,1.3,65.3,10,0,10.8,-10,0,30,0,3,0,0
ACC-15777,Starter,Monthly,10,15,44.0,14.7,39.1,1,3,34.7,-39,0,0,0,2,0,0
ACC-15778,Growth,Annual,11,3,143.0,0.0,65.9,0,0,1.0,72,0,0,0,1,0,0
ACC-15779,Starter,Annual,1,23,30.5,6.4,18.1,17,0,5.3,-15,0,0,0,3,0,0
ACC-15780,Growth,Monthly,13,14,131.2,16.7,80.9,6,1,27.0,37,0,20,1,2,0,0
ACC-15781,Starter,Monthly,8,34,38.1,14.5,100.0,6,1,25.4,-12,0,10,1,4,0,0
ACC-15782,Growth,Annual,6,46,123.0,11.1,73.1,2,1,3.6,35,0,0,1,5,0,0
ACC-15783,Starter,Annual,2,42,23.3,6.6,32.9,1,2,81.5,41,0,30,1,0,0,0
ACC-15784,Starter,Annual,6,17,29.3,9.4,11.2,7,2,22.6,58,0,30,1,0,0,0
ACC-15785,Enterprise,Annual,24,7,551.1,15.5,85.0,4,2,9.3,27,1,10,1,3,0,0
ACC-15786,Starter,Annual,2,8,32.0,11.2,51.8,2,1,8.6,27,0,0,1,1,0,0
ACC-15787,Growth,Monthly,9,19,135.0,4.6,46.4,2,1,14.8,-7,0,0,1,1,1,0
ACC-15788,Enterprise,Monthly,23,22,583.0,6.7,80.6,13,0,1.0,21,0,0,1,4,0,0
ACC-15789,Starter,Annual,1,3,24.7,9.4,42.0,13,1,25.1,31,0,20,1,6,0,0
ACC-15790,Starter,Annual,1,96,30.5,14.2,71.8,2,1,1.4,31,0,0,0,1,1,0
ACC-15791,Growth,Monthly,3,2,111.0,12.6,55.5,9,1,21.2,24,0,0,1,2,0,0
ACC-15792,Enterprise,Annual,26,17,607.0,4.5,60.4,2,2,32.4,-8,0,0,0,3,1,0
ACC-15793,Enterprise,Monthly,12,14,495.0,20.1,90.8,10,1,47.1,-15,0,0,1,3,0,0
ACC-15794,Growth,Monthly,9,16,125.1,7.5,44.2,1,0,3.2,83,0,10,1,2,0,0
ACC-15795,Growth,Annual,6,14,123.0,14.6,42.2,9,2,27.4,51,0,0,1,5,0,0
ACC-15796,Starter,Monthly,4,1,35.0,6.3,50.6,5,0,81.8,100,0,0,0,3,0,0
ACC-15797,Enterprise,Monthly,21,96,567.0,26.9,28.5,1,0,1.4,44,0,0,0,2,0,0
ACC-15798,Enterprise,Monthly,37,72,695.0,20.0,75.6,6,2,1.0,53,0,0,0,1,0,0
ACC-15799,Starter,Monthly,2,13,23.3,7.4,72.7,1,1,4.8,-2,0,30,1,1,0,0
ACC-15800,Starter,Monthly,1,4,30.5,12.5,54.8,1,1,4.6,81,0,0,1,1,0,0
ACC-15801,Starter,Monthly,1,4,30.5,5.8,34.7,4,2,7.7,-35,0,0,1,4,0,0
ACC-15802,Starter,Monthly,3,1,33.5,9.9,2.0,20,2,51.4,53,1,0,1,5,0,1
ACC-15803,Growth,Annual,16,17,163.0,14.5,36.7,13,1,23.0,34,0,0,0,1,0,0
ACC-15804,Starter,Annual,3,12,30.6,17.1,49.9,11,1,1.0,81,0,10,1,2,0,0
ACC-15805,Starter,Monthly,1,10,24.7,4.6,13.2,11,1,13.7,25,0,20,1,0,0,1
ACC-15806,Starter,Annual,6,13,29.3,7.5,100.0,4,1,41.7,31,0,30,1,3,0,0
ACC-15807,Enterprise,Monthly,57,37,855.0,17.7,64.1,3,1,15.3,-38,0,0,0,2,0,0
ACC-15808,Growth,Monthly,3,1,91.2,19.9,67.0,13,0,4.3,-36,0,20,1,1,0,0
ACC-15809,Starter,Monthly,2,14,32.0,7.4,51.7,1,2,61.6,43,0,0,0,0,0,0
ACC-15810,Starter,Annual,6,22,35.1,17.7,71.2,33,4,7.3,70,0,10,0,0,0,0
ACC-15811,Enterprise,Annual,28,64,623.0,4.6,48.4,5,4,8.6,40,0,0,1,3,0,0
ACC-15812,Growth,Monthly,9,24,135.0,10.2,51.4,5,1,8.8,25,0,0,1,1,0,0
ACC-15813,Starter,Monthly,3,14,33.5,5.1,85.9,2,1,10.0,41,0,0,1,1,0,0
ACC-15814,Starter,Monthly,1,26,30.5,9.6,79.2,1,0,24.7,37,0,0,1,2,0,0
ACC-15815,Starter,Monthly,4,96,32.1,23.5,54.8,7,0,7.6,53,0,10,0,1,1,0
ACC-15816,Starter,Monthly,5,40,27.8,11.7,99.5,3,1,12.5,-4,1,30,0,4,0,0
ACC-15817,Growth,Monthly,5,2,119.0,10.3,53.2,2,0,6.1,39,1,0,0,1,0,0
ACC-15818,Enterprise,Annual,25,15,519.2,8.6,43.9,1,2,14.2,-5,1,20,1,1,0,1
ACC-15819,Growth,Monthly,11,28,143.0,10.2,57.8,5,1,58.9,69,0,0,0,0,0,0
ACC-15820,Growth,Annual,11,20,143.0,7.1,61.6,5,0,6.8,-8,0,0,1,0,0,0
ACC-15821,Starter,Annual,2,10,32.0,12.8,28.8,4,1,33.9,22,0,0,1,6,0,0
ACC-15822,Growth,Monthly,8,7,131.0,11.8,65.7,0,1,4.9,51,0,0,1,1,1,0
ACC-15823,Growth,Annual,7,18,117.1,9.3,100.0,4,0,3.1,-16,0,10,1,2,1,0
ACC-15824,Starter,Annual,2,10,32.0,8.7,75.9,2,0,1.9,1,0,0,1,2,0,0
ACC-15825,Starter,Monthly,2,9,29.1,13.1,69.6,1,3,78.1,100,0,10,1,1,0,0
ACC-15826,Growth,Monthly,4,33,115.0,7.6,65.6,5,0,16.9,63,0,0,1,1,0,0
ACC-15827,Starter,Annual,3,7,27.7,10.6,33.0,7,2,14.4,42,1,20,1,2,0,0
ACC-15828,Starter,Monthly,2,19,32.0,9.3,33.1,4,3,1.0,53,0,0,1,4,0,0
ACC-15829,Growth,Monthly,7,37,107.2,0.0,58.6,6,0,13.2,-30,1,20,1,2,0,0
ACC-15830,Enterprise,Monthly,26,18,607.0,17.2,45.6,6,1,21.7,52,0,0,1,1,0,0
ACC-15831,Growth,Annual,6,12,123.0,1.0,23.2,1,2,10.6,98,0,0,0,1,0,0
ACC-15832,Growth,Annual,18,1,151.2,1.4,47.3,1,1,2.8,13,0,20,1,3,0,0
ACC-15833,Starter,Annual,3,21,33.5,17.4,64.9,0,2,6.2,94,0,0,1,0,0,0
ACC-15834,Growth,Monthly,12,96,147.0,5.3,67.8,24,4,25.0,14,0,0,1,5,0,0
ACC-15835,Growth,Monthly,6,30,93.3,0.0,36.7,1,0,12.9,34,0,30,1,3,0,0
ACC-15836,Enterprise,Monthly,30,18,639.0,20.0,54.0,10,2,13.1,-17,0,0,1,6,0,0
ACC-15837,Starter,Annual,2,11,26.2,8.2,64.1,9,0,1.0,45,0,20,1,3,0,0
ACC-15838,Growth,Monthly,17,5,167.0,19.3,27.1,7,5,15.1,35,0,0,1,2,0,0
ACC-15839,Growth,Monthly,2,21,107.0,6.5,38.0,4,0,11.1,22,0,0,1,2,0,0
ACC-15840,Starter,Monthly,3,4,33.5,2.1,54.7,5,4,42.3,0,0,0,1,3,0,0
ACC-15841,Starter,Monthly,2,39,29.1,10.1,35.0,1,2,9.6,38,1,10,1,5,0,0
ACC-15842,Starter,Annual,4,8,35.0,4.8,47.8,1,2,18.8,8,0,0,0,3,0,0
ACC-15843,Starter,Annual,6,9,32.2,14.4,100.0,3,1,54.9,69,1,20,0,1,1,0
ACC-15844,Enterprise,Annual,15,4,519.0,16.1,21.8,10,1,16.7,39,0,0,1,1,0,0
ACC-15845,Starter,Monthly,1,12,30.5,17.6,86.3,5,3,1.0,13,0,0,1,2,0,0
ACC-15846,Starter,Annual,2,21,29.1,10.1,62.5,9,2,2.1,65,0,10,1,2,1,0
ACC-15847,Growth,Annual,4,6,95.2,20.3,28.1,13,1,68.1,15,1,20,0,2,0,0
ACC-15848,Starter,Monthly,7,22,36.6,6.4,69.9,5,3,16.1,64,0,10,1,2,0,0
ACC-15849,Growth,Annual,9,17,135.0,12.8,55.9,3,4,4.2,34,0,0,1,5,0,0
ACC-15850,Starter,Monthly,2,8,32.0,11.2,81.5,12,1,16.8,-37,0,0,1,1,0,0
ACC-15851,Enterprise,Annual,20,7,519.1,23.8,69.5,2,0,63.1,51,0,10,1,1,0,0
ACC-15852,Enterprise,Annual,22,36,575.0,19.2,59.3,0,5,1.0,28,0,0,1,2,0,0
ACC-15853,Enterprise,Annual,31,1,607.1,12.2,48.3,0,3,15.0,49,0,10,0,1,0,0
ACC-15854,Starter,Monthly,2,23,32.0,13.2,80.7,5,1,2.9,38,0,0,1,5,0,0
ACC-15855,Growth,Monthly,5,10,89.3,21.2,46.4,13,0,11.8,38,0,30,1,0,0,0
ACC-15856,Starter,Monthly,3,23,33.5,7.5,24.2,5,1,21.3,31,0,0,1,1,0,0
ACC-15857,Starter,Monthly,3,13,27.7,0.0,13.3,3,1,12.3,100,1,20,1,2,0,0
ACC-15858,Starter,Annual,2,2,32.0,6.2,27.8,5,4,65.8,48,1,0,1,2,0,0
ACC-15859,Growth,Annual,5,72,109.1,9.5,72.7,7,3,17.6,-32,1,10,1,0,0,0
ACC-15860,Growth,Annual,5,2,119.0,20.2,47.0,9,0,66.3,-23,0,0,0,2,0,0
ACC-15861,Growth,Monthly,4,3,115.0,18.2,38.0,3,1,7.5,45,0,0,1,2,0,0
ACC-15862,Starter,Annual,1,10,30.5,11.7,45.5,3,1,1.0,10,0,0,1,2,0,0
ACC-15863,Starter,Annual,4,52,32.1,14.8,73.2,0,1,3.4,68,0,10,1,3,1,0
ACC-15864,Growth,Annual,8,6,131.0,7.7,68.9,6,2,1.5,41,0,0,1,0,0,0
ACC-15865,Starter,Monthly,4,15,35.0,24.5,58.6,9,2,26.9,43,0,0,0,1,0,0
ACC-15866,Growth,Monthly,10,13,139.0,19.3,41.8,4,1,4.2,-2,0,0,0,2,0,0
ACC-15867,Starter,Monthly,1,7,27.6,12.3,46.4,3,1,28.3,50,0,10,1,2,0,0
ACC-15868,Growth,Annual,11,21,133.1,11.6,52.1,2,0,15.4,36,0,10,0,1,0,0
ACC-15869,Growth,Annual,14,13,155.0,16.2,35.3,6,2,4.9,-3,0,0,1,4,0,0
ACC-15870,Starter,Annual,8,16,38.1,11.7,52.6,2,1,19.0,-3,0,10,0,1,0,0
ACC-15871,Starter,Monthly,2,4,26.2,1.1,34.2,5,0,1.0,88,0,20,1,1,0,0
ACC-15872,Growth,Monthly,6,47,123.0,21.2,63.0,16,0,8.2,50,0,0,1,4,0,0
ACC-15873,Growth,Annual,16,2,153.1,19.0,65.5,2,0,30.7,17,1,10,1,3,0,0
ACC-15874,Starter,Annual,2,21,26.2,14.2,79.6,0,1,27.7,11,0,20,1,3,0,0
ACC-15875,Starter,Annual,6,39,38.0,9.5,60.7,12,2,31.3,30,0,0,1,3,0,0
ACC-15876,Enterprise,Annual,28,2,623.0,12.1,60.0,2,1,17.7,40,1,0,1,0,0,0
ACC-15877,Growth,Monthly,16,1,163.0,0.0,36.6,27,1,17.0,-17,0,0,1,0,0,1
ACC-15878,Starter,Annual,3,7,30.6,5.4,54.0,11,1,10.5,26,0,10,0,1,0,1
ACC-15879,Growth,Annual,19,28,175.0,22.6,32.5,3,1,59.3,-42,0,0,1,1,0,0
ACC-15880,Starter,Monthly,2,23,32.0,15.1,17.5,6,4,59.7,29,0,0,1,3,0,1
ACC-15881,Growth,Monthly,8,31,131.0,0.3,49.2,2,1,1.0,81,0,0,1,3,0,0
ACC-15882,Starter,Monthly,5,9,36.5,7.0,43.9,1,1,65.5,-16,0,0,1,3,0,0
ACC-15883,Enterprise,Monthly,68,91,943.0,0.4,68.5,4,3,40.9,25,1,0,0,2,0,0
ACC-15884,Growth,Annual,10,8,109.3,7.3,33.8,3,1,18.6,22,0,30,1,3,0,0
ACC-15885,Growth,Monthly,10,29,139.0,11.0,100.0,21,2,7.8,-9,0,0,1,0,0,1
ACC-15886,Growth,Monthly,2,8,107.0,21.6,44.4,5,1,10.9,14,0,0,0,2,0,0
ACC-15887,Enterprise,Monthly,41,4,607.3,16.7,53.5,8,1,37.7,-16,1,30,1,0,0,0
ACC-15888,Growth,Monthly,20,7,179.0,10.2,42.5,1,1,3.2,-4,1,0,1,1,1,0
ACC-15889,Growth,Monthly,4,4,95.2,10.5,72.1,8,1,19.4,36,0,20,1,2,0,0
ACC-15890,Growth,Annual,16,2,143.2,7.2,50.3,0,1,5.2,44,0,20,1,0,0,0
ACC-15891,Growth,Monthly,7,8,127.0,18.5,33.5,6,1,9.5,18,0,0,1,2,0,0
ACC-15892,Growth,Monthly,9,3,135.0,19.3,14.7,11,0,1.0,77,0,0,1,0,0,0
ACC-15893,Starter,Monthly,3,13,24.8,4.0,67.6,4,1,69.7,56,1,30,1,3,0,0
ACC-15894,Growth,Monthly,8,1,121.1,1.7,69.3,1,2,2.3,99,0,10,1,3,0,0
ACC-15895,Starter,Monthly,4,10,29.2,10.1,62.5,4,4,28.8,26,0,20,1,5,0,0
ACC-15896,Enterprise,Monthly,27,57,535.2,10.8,50.3,11,1,16.5,-7,0,20,0,2,0,0
ACC-15897,Starter,Annual,2,8,32.0,13.6,48.0,8,1,35.2,23,0,0,1,2,0,0
ACC-15898,Enterprise,Annual,23,3,583.0,2.0,72.1,6,5,14.5,100,0,0,1,2,0,0
ACC-15899,Growth,Monthly,19,7,175.0,7.7,52.8,7,1,83.2,-5,0,0,1,1,0,0
ACC-15900,Growth,Monthly,12,28,147.0,11.5,79.7,11,1,18.7,60,0,0,1,3,0,0
ACC-15901,Growth,Annual,8,7,131.0,7.3,52.8,1,0,19.2,-6,0,0,1,4,0,0
ACC-15902,Starter,Annual,3,9,33.5,17.1,52.0,11,2,50.7,17,0,0,0,2,0,0
ACC-15903,Starter,Monthly,4,28,35.0,23.2,63.2,10,0,6.0,12,0,0,1,3,0,0
ACC-15904,Starter,Annual,3,5,33.5,8.8,85.6,4,3,9.0,-2,0,0,1,0,0,0
ACC-15905,Growth,Annual,14,12,155.0,17.3,80.9,3,1,21.9,57,0,0,1,4,0,0
ACC-15906,Starter,Annual,3,1,33.5,9.9,53.9,16,0,3.0,80,0,0,0,1,0,0
ACC-15907,Growth,Monthly,8,3,131.0,6.4,46.8,10,1,33.2,62,0,0,1,4,0,0
ACC-15908,Starter,Monthly,1,4,30.5,7.7,28.4,27,3,17.9,31,0,0,1,2,0,0
ACC-15909,Starter,Monthly,3,11,33.5,16.6,70.2,6,1,28.1,-22,0,0,1,3,0,0
ACC-15910,Starter,Annual,1,31,21.8,8.2,15.8,0,2,92.6,35,0,30,0,4,0,0
ACC-15911,Enterprise,Annual,39,8,711.0,9.3,92.5,1,2,75.3,52,1,0,1,0,0,0
ACC-15912,Growth,Monthly,9,9,125.1,5.1,73.5,10,1,11.9,27,0,10,0,2,0,0
ACC-15913,Starter,Annual,2,6,32.0,15.8,38.6,6,3,6.6,76,0,0,1,3,0,0
ACC-15914,Growth,Annual,12,7,127.2,14.7,82.1,1,2,20.1,23,0,20,1,1,0,0
ACC-15915,Starter,Annual,1,9,27.6,20.7,67.1,0,1,24.9,9,0,10,1,1,0,0
ACC-15916,Enterprise,Annual,36,41,607.2,15.6,65.3,2,4,7.0,65,0,20,1,2,0,0
ACC-15917,Growth,Annual,7,1,127.0,14.5,49.1,1,0,6.6,60,0,0,1,1,0,0
ACC-15918,Starter,Monthly,3,18,33.5,15.5,67.2,13,1,4.8,82,1,0,1,0,0,0
ACC-15919,Growth,Annual,11,39,143.0,10.5,23.8,13,3,48.0,48,0,0,1,1,0,0
ACC-15920,Starter,Annual,4,10,32.1,12.7,56.4,11,1,2.1,2,0,10,1,5,0,0
ACC-15921,Enterprise,Monthly,52,19,775.1,17.6,40.0,1,0,5.7,-61,0,10,1,4,0,0
ACC-15922,Starter,Monthly,1,16,21.8,7.1,48.7,1,3,19.6,-30,0,30,1,5,1,0
ACC-15923,Growth,Annual,7,7,97.3,22.2,39.8,1,0,12.6,10,0,30,0,4,0,0
ACC-15924,Starter,Monthly,2,3,23.3,15.8,41.0,2,1,2.6,76,0,30,1,3,0,0
ACC-15925,Growth,Annual,10,4,129.1,24.1,83.3,0,3,6.8,73,0,10,1,2,1,0
ACC-15926,Growth,Monthly,11,1,143.0,4.9,23.5,24,2,10.5,16,0,0,1,3,0,1
ACC-15927,Growth,Monthly,9,26,105.3,4.9,64.0,12,0,63.7,58,1,30,1,1,0,0
ACC-15928,Growth,Monthly,11,14,123.2,14.2,30.1,0,2,10.1,-18,0,20,1,2,0,0
ACC-15929,Enterprise,Monthly,36,28,687.0,12.7,84.1,1,1,2.5,73,1,0,0,4,0,0
ACC-15930,Starter,Annual,3,6,30.6,9.3,64.4,2,1,71.8,20,0,10,1,4,0,0
ACC-15931,Starter,Monthly,6,29,38.0,4.4,24.1,9,2,11.4,53,0,0,0,2,0,0
ACC-15932,Starter,Monthly,2,7,32.0,10.4,62.4,8,1,3.0,49,0,0,1,1,0,0
ACC-15933,Enterprise,Monthly,41,2,647.2,13.3,39.7,6,1,18.9,46,0,20,0,3,0,0
ACC-15934,Starter,Monthly,1,14,21.8,4.1,60.0,15,1,33.1,-12,0,30,1,1,0,0
ACC-15935,Growth,Monthly,8,52,131.0,9.5,25.8,0,1,24.8,9,0,0,0,1,0,0
ACC-15936,Growth,Annual,16,10,163.0,14.3,82.1,1,0,7.5,67,1,0,1,0,0,0
ACC-15937,Starter,Monthly,1,13,24.7,16.7,11.1,1,0,5.5,48,0,20,1,0,0,0
ACC-15938,Starter,Monthly,2,11,26.2,10.3,37.2,0,0,42.9,-8,0,20,1,1,0,0
ACC-15939,Starter,Monthly,6,11,35.1,7.2,31.2,6,0,4.3,43,0,10,1,2,0,0
ACC-15940,Starter,Monthly,1,4,30.5,12.7,63.3,1,0,28.3,-7,0,0,0,1,0,0
ACC-15941,Starter,Monthly,5,10,30.7,10.8,44.2,4,1,1.0,-14,0,20,1,3,0,0
ACC-15942,Starter,Monthly,2,12,29.1,3.2,50.9,7,1,10.9,8,0,10,1,4,0,0
ACC-15943,Enterprise,Annual,45,25,759.0,9.3,40.9,5,2,83.9,27,0,0,1,2,0,0
ACC-15944,Enterprise,Annual,27,3,495.3,8.5,24.9,2,1,20.1,-12,0,30,0,3,0,0
ACC-15945,Starter,Annual,5,15,33.6,12.1,50.0,3,1,7.4,61,0,10,1,5,0,0
ACC-15946,Starter,Monthly,1,20,30.5,7.6,26.3,2,0,24.1,5,1,0,0,2,0,0
ACC-15947,Starter,Monthly,1,9,30.5,8.7,14.7,11,1,8.7,29,0,0,0,3,1,1
ACC-15948,Growth,Monthly,12,14,147.0,10.9,68.8,3,0,55.9,46,0,0,0,5,0,0
ACC-15949,Growth,Annual,14,22,125.3,15.8,27.7,0,0,5.4,95,0,30,1,1,0,0
ACC-15950,Starter,Annual,8,11,35.2,12.6,87.1,6,1,7.7,51,0,20,1,4,1,0
ACC-15951,Starter,Monthly,3,7,33.5,28.0,86.2,1,2,23.3,19,0,0,1,1,0,0
ACC-15952,Growth,Monthly,9,31,125.1,4.4,74.5,2,2,31.7,-5,0,10,1,1,0,0
ACC-15953,Growth,Annual,16,81,163.0,17.5,30.0,2,0,17.2,-14,0,0,1,1,0,0
ACC-15954,Starter,Annual,1,4,30.5,11.5,100.0,0,1,6.8,-4,0,0,1,2,0,0
ACC-15955,Growth,Annual,5,40,119.0,3.6,3.2,18,0,17.0,25,1,0,1,3,0,0
ACC-15956,Starter,Annual,1,14,21.8,9.7,35.6,5,0,4.9,72,0,30,1,2,0,0
ACC-15957,Starter,Annual,3,11,33.5,2.9,73.3,1,1,1.2,25,0,0,1,1,0,0
ACC-15958,Growth,Monthly,11,40,143.0,12.5,71.6,5,2,50.4,10,0,0,1,0,0,0
ACC-15959,Growth,Annual,6,43,103.2,10.2,39.0,4,0,13.1,34,0,20,1,2,0,0
ACC-15960,Starter,Annual,4,6,26.3,7.9,37.7,3,2,13.1,88,0,30,1,3,0,0
ACC-15961,Enterprise,Annual,21,8,487.2,5.6,50.3,4,1,27.3,4,0,20,1,2,0,0
ACC-15962,Starter,Monthly,1,34,24.7,18.1,53.1,7,5,16.4,46,0,20,1,2,0,0
ACC-15963,Growth,Monthly,4,12,115.0,11.0,44.7,1,0,12.1,17,0,0,1,1,0,0
ACC-15964,Growth,Monthly,5,6,119.0,13.3,91.5,5,1,31.7,37,0,0,1,1,1,0
ACC-15965,Enterprise,Monthly,48,59,783.0,13.1,40.0,10,0,12.9,52,0,0,1,3,0,0
ACC-15966,Enterprise,Annual,37,4,695.0,12.6,87.3,2,1,48.8,78,0,0,1,3,0,0
ACC-15967,Starter,Monthly,6,17,38.0,10.0,63.9,4,3,7.3,28,0,0,1,3,0,0
ACC-15968,Enterprise,Monthly,23,10,463.3,21.1,77.4,20,1,1.0,70,0,30,1,3,0,0
ACC-15969,Growth,Annual,17,11,157.1,25.4,22.1,10,0,3.2,44,1,10,1,3,0,0
ACC-15970,Growth,Monthly,5,2,99.2,20.7,77.6,5,2,34.2,-15,1,20,0,2,0,0
ACC-15971,Starter,Monthly,1,5,30.5,12.1,76.8,8,0,52.1,23,0,0,1,4,0,0
ACC-15972,Growth,Monthly,6,3,123.0,11.7,40.3,4,1,1.6,100,0,0,1,5,0,0
ACC-15973,Enterprise,Annual,36,25,647.1,18.6,73.7,26,1,47.9,26,0,10,1,1,0,0
ACC-15974,Starter,Monthly,1,22,30.5,7.5,22.4,1,3,57.5,19,0,0,1,2,0,0
ACC-15975,Enterprise,Annual,50,28,799.0,22.3,44.6,8,2,28.1,19,0,0,1,2,0,0
ACC-15976,Starter,Monthly,4,22,32.1,16.7,80.7,0,0,28.6,14,1,10,1,2,0,0
ACC-15977,Starter,Annual,3,2,30.6,10.3,51.0,1,3,1.0,-18,0,10,0,3,0,1
ACC-15978,Growth,Monthly,14,69,155.0,13.7,49.2,8,0,5.0,-50,0,0,1,1,0,0
ACC-15979,Growth,Monthly,10,4,119.2,15.8,85.9,9,1,4.8,3,0,20,1,4,0,0
ACC-15980,Growth,Monthly,7,8,117.1,9.4,12.0,0,0,17.4,18,0,10,1,0,0,0
ACC-15981,Starter,Monthly,4,22,32.1,18.2,51.1,2,1,21.4,49,0,10,1,0,0,0
ACC-15982,Enterprise,Monthly,35,3,679.0,19.6,53.5,1,2,46.4,17,0,0,1,0,0,0
ACC-15983,Starter,Monthly,3,3,33.5,10.4,37.5,13,0,13.4,34,0,0,1,2,0,0
ACC-15984,Starter,Monthly,1,38,30.5,9.1,85.2,4,1,13.9,-11,1,0,0,1,0,0
ACC-15985,Starter,Monthly,1,7,30.5,11.4,35.0,4,4,1.1,-30,0,0,1,2,0,0
ACC-15986,Growth,Monthly,14,20,125.3,5.1,35.3,10,1,119.3,42,0,30,0,4,0,0
ACC-15987,Enterprise,Monthly,37,35,655.1,2.0,2.0,7,2,58.2,53,0,10,1,2,0,0
ACC-15988,Growth,Annual,4,65,115.0,9.4,79.4,15,1,1.5,64,0,0,1,1,0,0
ACC-15989,Growth,Annual,12,4,147.0,6.2,47.8,17,1,16.3,72,0,0,1,2,1,0
ACC-15990,Starter,Monthly,1,2,27.6,22.6,47.8,2,1,8.5,76,0,10,0,1,0,0
ACC-15991,Growth,Monthly,7,24,107.2,9.3,50.3,6,1,11.2,54,1,20,1,2,1,0
ACC-15992,Growth,Annual,7,4,127.0,14.7,81.3,5,1,21.1,10,0,0,0,1,0,0
ACC-15993,Growth,Monthly,4,16,115.0,8.2,90.5,5,1,10.9,40,0,0,0,2,0,0
ACC-15994,Starter,Annual,1,14,30.5,22.7,16.9,6,2,13.7,19,0,0,1,0,0,0
ACC-15995,Growth,Monthly,6,15,123.0,10.8,44.8,0,0,6.4,22,0,0,1,1,0,0
ACC-15996,Growth,Annual,4,19,105.1,4.5,30.0,14,4,1.7,44,0,10,0,8,0,0
ACC-15997,Growth,Monthly,8,34,111.2,16.0,50.1,1,0,28.1,74,0,20,1,2,0,0
ACC-15998,Growth,Annual,5,6,119.0,13.6,53.0,3,2,9.5,57,0,0,1,2,0,0
ACC-15999,Starter,Monthly,4,15,35.0,19.2,17.2,2,1,43.5,30,0,0,1,0,0,0
